<Data>
  <!-- Flares='204255051' would put flares at the startline.
 The value is actually three RGB values from 000 to 255.
 255255255 would be white. -->
  <Trackside Frozen="true" Flares="false">
    <Model>prop_mp_cone_03</Model>
    <Frecuency>40</Frecuency>
  </Trackside>
  <Name>Short Airport</Name>
  <Tags>
    <Tag>Runway1</Tag>
    <Tag>LosSantosInternationalAirport</Tag>
    <Tag>short</Tag>
    <Tag>road</Tag>
  </Tags>
  <Route>
    <Point>
      <X>-999.72</X>
      <Y>-3238.29</Y>
      <Z>12.94</Z>
      <Wide>5</Wide>
      <RacingLine>1</RacingLine>
    </Point>
    <Point>
      <X>-998.85</X>
      <Y>-3238.79</Y>
      <Z>12.94</Z>
      <Wide>5</Wide>
    </Point>
    <Point>
      <X>-997.12</X>
      <Y>-3239.78</Y>
      <Z>12.94</Z>
      <Wide>5</Wide>
    </Point>
    <Point>
      <X>-996.31</X>
      <Y>-3240.25</Y>
      <Z>12.94</Z>
      <Wide>6</Wide>
    </Point>
    <Point>
      <X>-995.44</X>
      <Y>-3240.75</Y>
      <Z>12.94</Z>
      <Wide>7</Wide>
      <RacingLine>4</RacingLine>
    </Point>
    <Point>
      <X>-994.52</X>
      <Y>-3241.28</Y>
      <Z>12.94</Z>
      <Wide>7</Wide>
    </Point>
    <Point>
      <X>-993.71</X>
      <Y>-3241.75</Y>
      <Z>12.94</Z>
      <Wide>7</Wide>
    </Point>
    <Point>
      <X>-992.84</X>
      <Y>-3242.25</Y>
      <Z>12.94</Z>
      <Wide>7</Wide>
    </Point>
    <Point>
      <X>-991.92</X>
      <Y>-3242.78</Y>
      <Z>12.94</Z>
      <Wide>7</Wide>
    </Point>
    <Point>
      <X>-991.05</X>
      <Y>-3243.28</Y>
      <Z>12.94</Z>
      <Wide>7</Wide>
    </Point>
    <Point>
      <X>-990.24</X>
      <Y>-3243.74</Y>
      <Z>12.94</Z>
      <Wide>7</Wide>
    </Point>
    <Point>
      <X>-989.32</X>
      <Y>-3244.27</Y>
      <Z>12.94</Z>
      <Wide>7</Wide>
    </Point>
    <Point>
      <X>-988.45</X>
      <Y>-3244.77</Y>
      <Z>12.94</Z>
      <Wide>7</Wide>
    </Point>
    <Point>
      <X>-987.64</X>
      <Y>-3245.24</Y>
      <Z>12.94</Z>
      <Wide>7</Wide>
    </Point>
    <Point>
      <X>-986.77</X>
      <Y>-3245.74</Y>
      <Z>12.94</Z>
      <Wide>7</Wide>
    </Point>
    <Point>
      <X>-985.91</X>
      <Y>-3246.24</Y>
      <Z>12.94</Z>
      <Wide>7</Wide>
    </Point>
    <Point>
      <X>-984.99</X>
      <Y>-3246.77</Y>
      <Z>12.94</Z>
      <Wide>7</Wide>
    </Point>
    <Point>
      <X>-984.17</X>
      <Y>-3247.24</Y>
      <Z>12.94</Z>
      <Wide>7</Wide>
    </Point>
    <Point>
      <X>-983.31</X>
      <Y>-3247.74</Y>
      <Z>12.94</Z>
      <Wide>7</Wide>
    </Point>
    <Point>
      <X>-982.39</X>
      <Y>-3248.27</Y>
      <Z>12.94</Z>
      <Wide>7</Wide>
    </Point>
    <Point>
      <X>-981.57</X>
      <Y>-3248.74</Y>
      <Z>12.94</Z>
      <Wide>7</Wide>
    </Point>
    <Point>
      <X>-980.65</X>
      <Y>-3249.27</Y>
      <Z>12.94</Z>
      <Wide>7</Wide>
    </Point>
    <Point>
      <X>-979.84</X>
      <Y>-3249.74</Y>
      <Z>12.94</Z>
      <Wide>7</Wide>
    </Point>
    <Point>
      <X>-978.92</X>
      <Y>-3250.27</Y>
      <Z>12.94</Z>
      <Wide>7</Wide>
    </Point>
    <Point>
      <X>-978.11</X>
      <Y>-3250.74</Y>
      <Z>12.94</Z>
      <Wide>7</Wide>
    </Point>
    <Point>
      <X>-977.24</X>
      <Y>-3251.24</Y>
      <Z>12.94</Z>
      <Wide>7</Wide>
    </Point>
    <Point>
      <X>-976.32</X>
      <Y>-3251.77</Y>
      <Z>12.94</Z>
      <Wide>7</Wide>
    </Point>
    <Point>
      <X>-975.46</X>
      <Y>-3252.27</Y>
      <Z>12.94</Z>
      <Wide>7</Wide>
    </Point>
    <Point>
      <X>-974.65</X>
      <Y>-3252.74</Y>
      <Z>12.94</Z>
      <Wide>7</Wide>
    </Point>
    <Point>
      <X>-973.73</X>
      <Y>-3253.27</Y>
      <Z>12.94</Z>
      <Wide>7</Wide>
    </Point>
    <Point>
      <X>-972.91</X>
      <Y>-3253.74</Y>
      <Z>12.94</Z>
      <Wide>7</Wide>
    </Point>
    <Point>
      <X>-971.99</X>
      <Y>-3254.27</Y>
      <Z>12.94</Z>
      <Wide>7</Wide>
    </Point>
    <Point>
      <X>-971.18</X>
      <Y>-3254.74</Y>
      <Z>12.94</Z>
      <Wide>7</Wide>
    </Point>
    <Point>
      <X>-970.26</X>
      <Y>-3255.27</Y>
      <Z>12.94</Z>
      <Wide>7</Wide>
    </Point>
    <Point>
      <X>-969.45</X>
      <Y>-3255.74</Y>
      <Z>12.94</Z>
      <Wide>7</Wide>
    </Point>
    <Point>
      <X>-968.53</X>
      <Y>-3256.27</Y>
      <Z>12.94</Z>
      <Wide>7</Wide>
    </Point>
    <Point>
      <X>-967.67</X>
      <Y>-3256.77</Y>
      <Z>12.94</Z>
      <Wide>7</Wide>
    </Point>
    <Point>
      <X>-966.8</X>
      <Y>-3257.27</Y>
      <Z>12.94</Z>
      <Wide>7</Wide>
    </Point>
    <Point>
      <X>-965.99</X>
      <Y>-3257.74</Y>
      <Z>12.94</Z>
      <Wide>7</Wide>
    </Point>
    <Point>
      <X>-965.12</X>
      <Y>-3258.24</Y>
      <Z>12.94</Z>
      <Wide>7</Wide>
    </Point>
    <Point>
      <X>-964.2</X>
      <Y>-3258.78</Y>
      <Z>12.94</Z>
      <Wide>7</Wide>
    </Point>
    <Point>
      <X>-963.34</X>
      <Y>-3259.28</Y>
      <Z>12.94</Z>
      <Wide>7</Wide>
    </Point>
    <Point>
      <X>-962.53</X>
      <Y>-3259.75</Y>
      <Z>12.94</Z>
      <Wide>7</Wide>
    </Point>
    <Point>
      <X>-961.61</X>
      <Y>-3260.28</Y>
      <Z>12.94</Z>
      <Wide>7</Wide>
    </Point>
    <Point>
      <X>-960.8</X>
      <Y>-3260.75</Y>
      <Z>12.94</Z>
      <Wide>7</Wide>
    </Point>
    <Point>
      <X>-959.88</X>
      <Y>-3261.28</Y>
      <Z>12.94</Z>
      <Wide>7</Wide>
    </Point>
    <Point>
      <X>-959.01</X>
      <Y>-3261.78</Y>
      <Z>12.94</Z>
      <Wide>7</Wide>
    </Point>
    <Point>
      <X>-958.15</X>
      <Y>-3262.28</Y>
      <Z>12.94</Z>
      <Wide>7</Wide>
    </Point>
    <Point>
      <X>-957.34</X>
      <Y>-3262.75</Y>
      <Z>12.94</Z>
      <Wide>7</Wide>
    </Point>
    <Point>
      <X>-956.47</X>
      <Y>-3263.26</Y>
      <Z>12.94</Z>
      <Wide>7</Wide>
    </Point>
    <Point>
      <X>-955.61</X>
      <Y>-3263.76</Y>
      <Z>12.94</Z>
      <Wide>7</Wide>
      <RacingLine>3</RacingLine>
    </Point>
    <Point>
      <X>-954.69</X>
      <Y>-3264.29</Y>
      <Z>12.94</Z>
      <Wide>7</Wide>
    </Point>
    <Point>
      <X>-953.88</X>
      <Y>-3264.76</Y>
      <Z>12.94</Z>
      <Wide>7</Wide>
    </Point>
    <Point>
      <X>-953.01</X>
      <Y>-3265.26</Y>
      <Z>12.94</Z>
      <Wide>7</Wide>
    </Point>
    <Point>
      <X>-952.09</X>
      <Y>-3265.8</Y>
      <Z>12.94</Z>
      <Wide>7</Wide>
    </Point>
    <Point>
      <X>-951.23</X>
      <Y>-3266.3</Y>
      <Z>12.94</Z>
      <Wide>7</Wide>
    </Point>
    <Point>
      <X>-950.42</X>
      <Y>-3266.77</Y>
      <Z>12.94</Z>
      <Wide>7</Wide>
    </Point>
    <Point>
      <X>-949.5</X>
      <Y>-3267.3</Y>
      <Z>12.94</Z>
      <Wide>7</Wide>
    </Point>
    <Point>
      <X>-948.63</X>
      <Y>-3267.81</Y>
      <Z>12.94</Z>
      <Wide>7</Wide>
    </Point>
    <Point>
      <X>-947.82</X>
      <Y>-3268.28</Y>
      <Z>12.94</Z>
      <Wide>7</Wide>
    </Point>
    <Point>
      <X>-946.96</X>
      <Y>-3268.78</Y>
      <Z>12.94</Z>
      <Wide>7</Wide>
    </Point>
    <Point>
      <X>-946.09</X>
      <Y>-3269.28</Y>
      <Z>12.94</Z>
      <Wide>7</Wide>
    </Point>
    <Point>
      <X>-945.17</X>
      <Y>-3269.82</Y>
      <Z>12.94</Z>
      <Wide>7</Wide>
    </Point>
    <Point>
      <X>-944.36</X>
      <Y>-3270.29</Y>
      <Z>12.94</Z>
      <Wide>7</Wide>
    </Point>
    <Point>
      <X>-942.34</X>
      <Y>-3271.42</Y>
      <Z>12.94</Z>
      <Wide>7</Wide>
    </Point>
    <Point>
      <X>-941.19</X>
      <Y>-3272.04</Y>
      <Z>12.94</Z>
      <Wide>7</Wide>
    </Point>
    <Point>
      <X>-940.05</X>
      <Y>-3272.63</Y>
      <Z>12.94</Z>
      <Wide>7</Wide>
    </Point>
    <Point>
      <X>-938.91</X>
      <Y>-3273.18</Y>
      <Z>12.94</Z>
      <Wide>7</Wide>
    </Point>
    <Point>
      <X>-937.78</X>
      <Y>-3273.72</Y>
      <Z>12.94</Z>
      <Wide>7</Wide>
    </Point>
    <Point>
      <X>-936.58</X>
      <Y>-3274.25</Y>
      <Z>12.94</Z>
      <Wide>7</Wide>
    </Point>
    <Point>
      <X>-935.46</X>
      <Y>-3274.73</Y>
      <Z>12.94</Z>
      <Wide>7</Wide>
    </Point>
    <Point>
      <X>-934.34</X>
      <Y>-3275.17</Y>
      <Z>12.94</Z>
      <Wide>7</Wide>
    </Point>
    <Point>
      <X>-933.23</X>
      <Y>-3275.59</Y>
      <Z>12.94</Z>
      <Wide>7</Wide>
    </Point>
    <Point>
      <X>-932.13</X>
      <Y>-3275.98</Y>
      <Z>12.94</Z>
      <Wide>7</Wide>
    </Point>
    <Point>
      <X>-931.03</X>
      <Y>-3276.35</Y>
      <Z>12.94</Z>
      <Wide>7</Wide>
    </Point>
    <Point>
      <X>-929.87</X>
      <Y>-3276.7</Y>
      <Z>12.94</Z>
      <Wide>7</Wide>
    </Point>
    <Point>
      <X>-928.78</X>
      <Y>-3277.01</Y>
      <Z>12.94</Z>
      <Wide>7</Wide>
    </Point>
    <Point>
      <X>-927.7</X>
      <Y>-3277.29</Y>
      <Z>12.94</Z>
      <Wide>7</Wide>
    </Point>
    <Point>
      <X>-926.63</X>
      <Y>-3277.54</Y>
      <Z>12.94</Z>
      <Wide>7</Wide>
    </Point>
    <Point>
      <X>-925.56</X>
      <Y>-3277.77</Y>
      <Z>12.94</Z>
      <Wide>7</Wide>
    </Point>
    <Point>
      <X>-924.5</X>
      <Y>-3277.96</Y>
      <Z>12.94</Z>
      <Wide>7</Wide>
    </Point>
    <Point>
      <X>-923.44</X>
      <Y>-3278.13</Y>
      <Z>12.94</Z>
      <Wide>7</Wide>
    </Point>
    <Point>
      <X>-922.32</X>
      <Y>-3278.28</Y>
      <Z>12.94</Z>
      <Wide>7</Wide>
    </Point>
    <Point>
      <X>-921.28</X>
      <Y>-3278.39</Y>
      <Z>12.94</Z>
      <Wide>7</Wide>
    </Point>
    <Point>
      <X>-920.24</X>
      <Y>-3278.48</Y>
      <Z>12.94</Z>
      <Wide>7</Wide>
    </Point>
    <Point>
      <X>-919.21</X>
      <Y>-3278.54</Y>
      <Z>12.94</Z>
      <Wide>7</Wide>
    </Point>
    <Point>
      <X>-918.18</X>
      <Y>-3278.57</Y>
      <Z>12.94</Z>
      <Wide>7</Wide>
    </Point>
    <Point>
      <X>-917.16</X>
      <Y>-3278.57</Y>
      <Z>12.94</Z>
      <Wide>7</Wide>
    </Point>
    <Point>
      <X>-916.14</X>
      <Y>-3278.54</Y>
      <Z>12.94</Z>
      <Wide>7</Wide>
      <RacingLine>-6</RacingLine>
    </Point>
    <Point>
      <X>-915.13</X>
      <Y>-3278.49</Y>
      <Z>12.94</Z>
      <Wide>7</Wide>
    </Point>
    <Point>
      <X>-914.12</X>
      <Y>-3278.41</Y>
      <Z>12.94</Z>
      <Wide>7</Wide>
    </Point>
    <Point>
      <X>-913.13</X>
      <Y>-3278.3</Y>
      <Z>12.94</Z>
      <Wide>7</Wide>
    </Point>
    <Point>
      <X>-912.13</X>
      <Y>-3278.16</Y>
      <Z>12.94</Z>
      <Wide>7</Wide>
    </Point>
    <Point>
      <X>-911.14</X>
      <Y>-3278</Y>
      <Z>12.94</Z>
      <Wide>7</Wide>
    </Point>
    <Point>
      <X>-910.16</X>
      <Y>-3277.81</Y>
      <Z>12.94</Z>
      <Wide>7</Wide>
    </Point>
    <Point>
      <X>-909.19</X>
      <Y>-3277.59</Y>
      <Z>12.94</Z>
      <Wide>7</Wide>
    </Point>
    <Point>
      <X>-908.22</X>
      <Y>-3277.34</Y>
      <Z>12.94</Z>
      <Wide>7</Wide>
    </Point>
    <Point>
      <X>-907.25</X>
      <Y>-3277.07</Y>
      <Z>12.94</Z>
      <Wide>7</Wide>
    </Point>
    <Point>
      <X>-906.29</X>
      <Y>-3276.76</Y>
      <Z>12.94</Z>
      <Wide>7</Wide>
    </Point>
    <Point>
      <X>-905.34</X>
      <Y>-3276.44</Y>
      <Z>12.94</Z>
      <Wide>7</Wide>
    </Point>
    <Point>
      <X>-904.39</X>
      <Y>-3276.08</Y>
      <Z>12.94</Z>
      <Wide>7</Wide>
      <RacingLine>-5</RacingLine>
    </Point>
    <Point>
      <X>-903.45</X>
      <Y>-3275.69</Y>
      <Z>12.94</Z>
      <Wide>7</Wide>
    </Point>
    <Point>
      <X>-902.52</X>
      <Y>-3275.28</Y>
      <Z>12.94</Z>
      <Wide>7</Wide>
    </Point>
    <Point>
      <X>-901.59</X>
      <Y>-3274.84</Y>
      <Z>12.94</Z>
      <Wide>7</Wide>
    </Point>
    <Point>
      <X>-900.66</X>
      <Y>-3274.37</Y>
      <Z>12.94</Z>
      <Wide>7</Wide>
    </Point>
    <Point>
      <X>-899.75</X>
      <Y>-3273.88</Y>
      <Z>12.94</Z>
      <Wide>7</Wide>
    </Point>
    <Point>
      <X>-898.83</X>
      <Y>-3273.36</Y>
      <Z>12.94</Z>
      <Wide>7</Wide>
    </Point>
    <Point>
      <X>-897.93</X>
      <Y>-3272.81</Y>
      <Z>12.94</Z>
      <Wide>7</Wide>
    </Point>
    <Point>
      <X>-897.08</X>
      <Y>-3272.27</Y>
      <Z>12.94</Z>
      <Wide>7</Wide>
    </Point>
    <Point>
      <X>-896.19</X>
      <Y>-3271.66</Y>
      <Z>12.94</Z>
      <Wide>7</Wide>
    </Point>
    <Point>
      <X>-895.3</X>
      <Y>-3271.03</Y>
      <Z>12.94</Z>
      <Wide>7</Wide>
    </Point>
    <Point>
      <X>-894.42</X>
      <Y>-3270.37</Y>
      <Z>12.94</Z>
      <Wide>7</Wide>
    </Point>
    <Point>
      <X>-893.54</X>
      <Y>-3269.69</Y>
      <Z>12.94</Z>
      <Wide>7</Wide>
    </Point>
    <Point>
      <X>-892.67</X>
      <Y>-3268.97</Y>
      <Z>12.94</Z>
      <Wide>7</Wide>
    </Point>
    <Point>
      <X>-891.8</X>
      <Y>-3268.23</Y>
      <Z>12.94</Z>
      <Wide>7</Wide>
    </Point>
    <Point>
      <X>-890.99</X>
      <Y>-3267.51</Y>
      <Z>12.94</Z>
      <Wide>7</Wide>
    </Point>
    <Point>
      <X>-890.14</X>
      <Y>-3266.71</Y>
      <Z>12.94</Z>
      <Wide>7</Wide>
    </Point>
    <Point>
      <X>-889.29</X>
      <Y>-3265.89</Y>
      <Z>12.94</Z>
      <Wide>7</Wide>
    </Point>
    <Point>
      <X>-888.44</X>
      <Y>-3265.04</Y>
      <Z>12.94</Z>
      <Wide>7</Wide>
    </Point>
    <Point>
      <X>-887.61</X>
      <Y>-3264.16</Y>
      <Z>12.94</Z>
      <Wide>7</Wide>
    </Point>
    <Point>
      <X>-886.77</X>
      <Y>-3263.26</Y>
      <Z>12.94</Z>
      <Wide>7</Wide>
    </Point>
    <Point>
      <X>-886</X>
      <Y>-3262.39</Y>
      <Z>12.94</Z>
      <Wide>7</Wide>
      <RacingLine>-5</RacingLine>
    </Point>
    <Point>
      <X>-885.18</X>
      <Y>-3261.43</Y>
      <Z>12.94</Z>
      <Wide>7</Wide>
    </Point>
    <Point>
      <X>-884.36</X>
      <Y>-3260.44</Y>
      <Z>12.94</Z>
      <Wide>7</Wide>
    </Point>
    <Point>
      <X>-883.55</X>
      <Y>-3259.43</Y>
      <Z>12.94</Z>
      <Wide>7</Wide>
    </Point>
    <Point>
      <X>-882.75</X>
      <Y>-3258.38</Y>
      <Z>12.94</Z>
      <Wide>7</Wide>
    </Point>
    <Point>
      <X>-881.95</X>
      <Y>-3257.31</Y>
      <Z>12.94</Z>
      <Wide>7</Wide>
    </Point>
    <Point>
      <X>-880.78</X>
      <Y>-3255.7</Y>
      <Z>12.94</Z>
      <Wide>7</Wide>
    </Point>
    <Point>
      <X>-880.2</X>
      <Y>-3254.89</Y>
      <Z>12.94</Z>
      <Wide>7</Wide>
    </Point>
    <Point>
      <X>-879.63</X>
      <Y>-3254.05</Y>
      <Z>12.94</Z>
      <Wide>7</Wide>
    </Point>
    <Point>
      <X>-879.08</X>
      <Y>-3253.23</Y>
      <Z>12.94</Z>
      <Wide>7</Wide>
    </Point>
    <Point>
      <X>-878.53</X>
      <Y>-3252.39</Y>
      <Z>12.94</Z>
      <Wide>7</Wide>
    </Point>
    <Point>
      <X>-878</X>
      <Y>-3251.55</Y>
      <Z>12.94</Z>
      <Wide>7</Wide>
    </Point>
    <Point>
      <X>-877.47</X>
      <Y>-3250.7</Y>
      <Z>12.94</Z>
      <Wide>7</Wide>
    </Point>
    <Point>
      <X>-876.95</X>
      <Y>-3249.85</Y>
      <Z>12.94</Z>
      <Wide>7</Wide>
    </Point>
    <Point>
      <X>-876.44</X>
      <Y>-3248.99</Y>
      <Z>12.94</Z>
      <Wide>7</Wide>
    </Point>
    <Point>
      <X>-875.43</X>
      <Y>-3247.27</Y>
      <Z>12.94</Z>
      <Wide>7</Wide>
    </Point>
    <Point>
      <X>-874.92</X>
      <Y>-3246.41</Y>
      <Z>12.94</Z>
      <Wide>7</Wide>
    </Point>
    <Point>
      <X>-874.41</X>
      <Y>-3245.53</Y>
      <Z>12.94</Z>
      <Wide>7</Wide>
    </Point>
    <Point>
      <X>-873.91</X>
      <Y>-3244.67</Y>
      <Z>12.94</Z>
      <Wide>7</Wide>
    </Point>
    <Point>
      <X>-873.42</X>
      <Y>-3243.8</Y>
      <Z>12.94</Z>
      <Wide>7</Wide>
    </Point>
    <Point>
      <X>-872.93</X>
      <Y>-3242.94</Y>
      <Z>12.94</Z>
      <Wide>7</Wide>
    </Point>
    <Point>
      <X>-872.43</X>
      <Y>-3242.06</Y>
      <Z>12.94</Z>
      <Wide>7</Wide>
    </Point>
    <Point>
      <X>-871.94</X>
      <Y>-3241.2</Y>
      <Z>12.94</Z>
      <Wide>7</Wide>
    </Point>
    <Point>
      <X>-871.45</X>
      <Y>-3240.33</Y>
      <Z>12.94</Z>
      <Wide>7</Wide>
    </Point>
    <Point>
      <X>-870.22</X>
      <Y>-3238.33</Y>
      <Z>12.94</Z>
      <Wide>7</Wide>
    </Point>
    <Point>
      <X>-869.44</X>
      <Y>-3237.25</Y>
      <Z>12.94</Z>
      <Wide>7</Wide>
    </Point>
    <Point>
      <X>-868.64</X>
      <Y>-3236.27</Y>
      <Z>12.94</Z>
      <Wide>7</Wide>
    </Point>
    <Point>
      <X>-867.83</X>
      <Y>-3235.4</Y>
      <Z>12.94</Z>
      <Wide>7</Wide>
    </Point>
    <Point>
      <X>-866.97</X>
      <Y>-3234.6</Y>
      <Z>12.94</Z>
      <Wide>7</Wide>
    </Point>
    <Point>
      <X>-866.11</X>
      <Y>-3233.92</Y>
      <Z>12.94</Z>
      <Wide>7</Wide>
      <RacingLine>6</RacingLine>
    </Point>
    <Point>
      <X>-865.21</X>
      <Y>-3233.32</Y>
      <Z>12.94</Z>
      <Wide>7</Wide>
    </Point>
    <Point>
      <X>-864.3</X>
      <Y>-3232.81</Y>
      <Z>12.94</Z>
      <Wide>7</Wide>
    </Point>
    <Point>
      <X>-863.35</X>
      <Y>-3232.39</Y>
      <Z>12.94</Z>
      <Wide>7</Wide>
    </Point>
    <Point>
      <X>-862.41</X>
      <Y>-3232.07</Y>
      <Z>12.94</Z>
      <Wide>7</Wide>
    </Point>
    <Point>
      <X>-861.43</X>
      <Y>-3231.84</Y>
      <Z>12.94</Z>
      <Wide>7</Wide>
    </Point>
    <Point>
      <X>-860.44</X>
      <Y>-3231.69</Y>
      <Z>12.94</Z>
      <Wide>7</Wide>
    </Point>
    <Point>
      <X>-859.44</X>
      <Y>-3231.62</Y>
      <Z>12.94</Z>
      <Wide>7</Wide>
    </Point>
    <Point>
      <X>-858.41</X>
      <Y>-3231.65</Y>
      <Z>12.94</Z>
      <Wide>7</Wide>
    </Point>
    <Point>
      <X>-857.36</X>
      <Y>-3231.75</Y>
      <Z>12.94</Z>
      <Wide>7</Wide>
    </Point>
    <Point>
      <X>-856.29</X>
      <Y>-3231.93</Y>
      <Z>12.94</Z>
      <Wide>7</Wide>
    </Point>
    <Point>
      <X>-855.22</X>
      <Y>-3232.19</Y>
      <Z>12.94</Z>
      <Wide>7</Wide>
    </Point>
    <Point>
      <X>-854.1</X>
      <Y>-3232.54</Y>
      <Z>12.94</Z>
      <Wide>7</Wide>
    </Point>
    <Point>
      <X>-852.99</X>
      <Y>-3232.96</Y>
      <Z>12.94</Z>
      <Wide>7</Wide>
    </Point>
    <Point>
      <X>-851.09</X>
      <Y>-3233.79</Y>
      <Z>12.94</Z>
      <Wide>7</Wide>
    </Point>
    <Point>
      <X>-850.14</X>
      <Y>-3234.3</Y>
      <Z>12.94</Z>
      <Wide>7</Wide>
    </Point>
    <Point>
      <X>-849.25</X>
      <Y>-3234.85</Y>
      <Z>12.94</Z>
      <Wide>7</Wide>
    </Point>
    <Point>
      <X>-848.41</X>
      <Y>-3235.43</Y>
      <Z>12.94</Z>
      <Wide>7</Wide>
    </Point>
    <Point>
      <X>-847.61</X>
      <Y>-3236.07</Y>
      <Z>12.94</Z>
      <Wide>7</Wide>
      <RacingLine>4</RacingLine>
    </Point>
    <Point>
      <X>-846.87</X>
      <Y>-3236.74</Y>
      <Z>12.94</Z>
      <Wide>7</Wide>
    </Point>
    <Point>
      <X>-846.16</X>
      <Y>-3237.46</Y>
      <Z>12.94</Z>
      <Wide>7</Wide>
      <RacingLine>-4</RacingLine>
    </Point>
    <Point>
      <X>-845.51</X>
      <Y>-3238.21</Y>
      <Z>12.94</Z>
      <Wide>7</Wide>
    </Point>
    <Point>
      <X>-844.9</X>
      <Y>-3239.01</Y>
      <Z>12.94</Z>
      <Wide>7</Wide>
    </Point>
    <Point>
      <X>-844.34</X>
      <Y>-3239.84</Y>
      <Z>12.94</Z>
      <Wide>7</Wide>
    </Point>
    <Point>
      <X>-843.82</X>
      <Y>-3240.72</Y>
      <Z>12.94</Z>
      <Wide>7</Wide>
    </Point>
    <Point>
      <X>-843.35</X>
      <Y>-3241.63</Y>
      <Z>12.95</Z>
      <Wide>7</Wide>
    </Point>
    <Point>
      <X>-842.92</X>
      <Y>-3242.59</Y>
      <Z>12.96</Z>
      <Wide>7</Wide>
    </Point>
    <Point>
      <X>-842.53</X>
      <Y>-3243.59</Y>
      <Z>12.97</Z>
      <Wide>7</Wide>
    </Point>
    <Point>
      <X>-841.82</X>
      <Y>-3245.49</Y>
      <Z>12.97</Z>
      <Wide>7</Wide>
    </Point>
    <Point>
      <X>-841.46</X>
      <Y>-3246.5</Y>
      <Z>12.97</Z>
      <Wide>7</Wide>
    </Point>
    <Point>
      <X>-841.11</X>
      <Y>-3247.51</Y>
      <Z>12.97</Z>
      <Wide>7</Wide>
    </Point>
    <Point>
      <X>-840.75</X>
      <Y>-3248.59</Y>
      <Z>12.97</Z>
      <Wide>7</Wide>
    </Point>
    <Point>
      <X>-840.43</X>
      <Y>-3249.6</Y>
      <Z>12.97</Z>
      <Wide>7</Wide>
    </Point>
    <Point>
      <X>-840.13</X>
      <Y>-3250.61</Y>
      <Z>12.95</Z>
      <Wide>7</Wide>
    </Point>
    <Point>
      <X>-839.84</X>
      <Y>-3251.62</Y>
      <Z>12.94</Z>
      <Wide>7</Wide>
    </Point>
    <Point>
      <X>-839.56</X>
      <Y>-3252.63</Y>
      <Z>12.94</Z>
      <Wide>7</Wide>
    </Point>
    <Point>
      <X>-839.29</X>
      <Y>-3253.64</Y>
      <Z>12.94</Z>
      <Wide>7</Wide>
    </Point>
    <Point>
      <X>-839.04</X>
      <Y>-3254.64</Y>
      <Z>12.94</Z>
      <Wide>7</Wide>
    </Point>
    <Point>
      <X>-838.81</X>
      <Y>-3255.65</Y>
      <Z>12.94</Z>
      <Wide>7</Wide>
    </Point>
    <Point>
      <X>-838.58</X>
      <Y>-3256.66</Y>
      <Z>12.94</Z>
      <Wide>7</Wide>
    </Point>
    <Point>
      <X>-838.37</X>
      <Y>-3257.67</Y>
      <Z>12.94</Z>
      <Wide>7</Wide>
    </Point>
    <Point>
      <X>-838.18</X>
      <Y>-3258.67</Y>
      <Z>12.94</Z>
      <Wide>7</Wide>
    </Point>
    <Point>
      <X>-837.99</X>
      <Y>-3259.68</Y>
      <Z>12.94</Z>
      <Wide>7</Wide>
    </Point>
    <Point>
      <X>-837.82</X>
      <Y>-3260.69</Y>
      <Z>12.94</Z>
      <Wide>7</Wide>
    </Point>
    <Point>
      <X>-837.67</X>
      <Y>-3261.69</Y>
      <Z>12.94</Z>
      <Wide>7</Wide>
    </Point>
    <Point>
      <X>-837.53</X>
      <Y>-3262.7</Y>
      <Z>12.94</Z>
      <Wide>7</Wide>
    </Point>
    <Point>
      <X>-837.4</X>
      <Y>-3263.7</Y>
      <Z>12.94</Z>
      <Wide>7</Wide>
    </Point>
    <Point>
      <X>-837.28</X>
      <Y>-3264.7</Y>
      <Z>12.94</Z>
      <Wide>7</Wide>
    </Point>
    <Point>
      <X>-837.18</X>
      <Y>-3265.71</Y>
      <Z>12.94</Z>
      <Wide>7</Wide>
    </Point>
    <Point>
      <X>-837.1</X>
      <Y>-3266.71</Y>
      <Z>12.94</Z>
      <Wide>7</Wide>
    </Point>
    <Point>
      <X>-837.02</X>
      <Y>-3267.71</Y>
      <Z>12.94</Z>
      <Wide>7</Wide>
      <RacingLine>0</RacingLine>
    </Point>
    <Point>
      <X>-836.96</X>
      <Y>-3268.72</Y>
      <Z>12.94</Z>
      <Wide>7</Wide>
    </Point>
    <Point>
      <X>-836.92</X>
      <Y>-3269.72</Y>
      <Z>12.94</Z>
      <Wide>7</Wide>
    </Point>
    <Point>
      <X>-836.88</X>
      <Y>-3270.72</Y>
      <Z>12.94</Z>
      <Wide>7</Wide>
    </Point>
    <Point>
      <X>-836.86</X>
      <Y>-3271.72</Y>
      <Z>12.94</Z>
      <Wide>7</Wide>
    </Point>
    <Point>
      <X>-836.86</X>
      <Y>-3272.72</Y>
      <Z>12.94</Z>
      <Wide>7</Wide>
    </Point>
    <Point>
      <X>-836.87</X>
      <Y>-3273.72</Y>
      <Z>12.94</Z>
      <Wide>7</Wide>
    </Point>
    <Point>
      <X>-836.89</X>
      <Y>-3274.72</Y>
      <Z>12.94</Z>
      <Wide>7</Wide>
    </Point>
    <Point>
      <X>-836.92</X>
      <Y>-3275.72</Y>
      <Z>12.94</Z>
      <Wide>7</Wide>
    </Point>
    <Point>
      <X>-836.97</X>
      <Y>-3276.72</Y>
      <Z>12.94</Z>
      <Wide>7</Wide>
    </Point>
    <Point>
      <X>-837.03</X>
      <Y>-3277.72</Y>
      <Z>12.94</Z>
      <Wide>7</Wide>
    </Point>
    <Point>
      <X>-837.11</X>
      <Y>-3278.72</Y>
      <Z>12.94</Z>
      <Wide>7</Wide>
    </Point>
    <Point>
      <X>-837.2</X>
      <Y>-3279.71</Y>
      <Z>12.94</Z>
      <Wide>7</Wide>
    </Point>
    <Point>
      <X>-837.3</X>
      <Y>-3280.71</Y>
      <Z>12.94</Z>
      <Wide>7</Wide>
    </Point>
    <Point>
      <X>-837.42</X>
      <Y>-3281.71</Y>
      <Z>12.94</Z>
      <Wide>7</Wide>
    </Point>
    <Point>
      <X>-837.55</X>
      <Y>-3282.7</Y>
      <Z>12.94</Z>
      <Wide>7</Wide>
    </Point>
    <Point>
      <X>-837.7</X>
      <Y>-3283.7</Y>
      <Z>12.94</Z>
      <Wide>7</Wide>
    </Point>
    <Point>
      <X>-837.85</X>
      <Y>-3284.7</Y>
      <Z>12.94</Z>
      <Wide>7</Wide>
    </Point>
    <Point>
      <X>-838.03</X>
      <Y>-3285.69</Y>
      <Z>12.94</Z>
      <Wide>7</Wide>
    </Point>
    <Point>
      <X>-838.21</X>
      <Y>-3286.69</Y>
      <Z>12.94</Z>
      <Wide>7</Wide>
    </Point>
    <Point>
      <X>-838.41</X>
      <Y>-3287.68</Y>
      <Z>12.94</Z>
      <Wide>7</Wide>
    </Point>
    <Point>
      <X>-838.62</X>
      <Y>-3288.67</Y>
      <Z>12.94</Z>
      <Wide>7</Wide>
    </Point>
    <Point>
      <X>-838.85</X>
      <Y>-3289.67</Y>
      <Z>12.94</Z>
      <Wide>7</Wide>
    </Point>
    <Point>
      <X>-839.09</X>
      <Y>-3290.66</Y>
      <Z>12.94</Z>
      <Wide>7</Wide>
    </Point>
    <Point>
      <X>-839.34</X>
      <Y>-3291.65</Y>
      <Z>12.94</Z>
      <Wide>7</Wide>
    </Point>
    <Point>
      <X>-839.61</X>
      <Y>-3292.64</Y>
      <Z>12.94</Z>
      <Wide>7</Wide>
    </Point>
    <Point>
      <X>-839.89</X>
      <Y>-3293.64</Y>
      <Z>12.94</Z>
      <Wide>7</Wide>
    </Point>
    <Point>
      <X>-840.18</X>
      <Y>-3294.63</Y>
      <Z>12.94</Z>
      <Wide>7</Wide>
    </Point>
    <Point>
      <X>-840.49</X>
      <Y>-3295.62</Y>
      <Z>12.94</Z>
      <Wide>7</Wide>
    </Point>
    <Point>
      <X>-840.81</X>
      <Y>-3296.61</Y>
      <Z>12.94</Z>
      <Wide>7</Wide>
    </Point>
    <Point>
      <X>-841.15</X>
      <Y>-3297.6</Y>
      <Z>12.94</Z>
      <Wide>7</Wide>
    </Point>
    <Point>
      <X>-841.5</X>
      <Y>-3298.59</Y>
      <Z>12.94</Z>
      <Wide>7</Wide>
    </Point>
    <Point>
      <X>-841.86</X>
      <Y>-3299.58</Y>
      <Z>12.94</Z>
      <Wide>7</Wide>
    </Point>
    <Point>
      <X>-842.23</X>
      <Y>-3300.57</Y>
      <Z>12.94</Z>
      <Wide>7</Wide>
    </Point>
    <Point>
      <X>-842.62</X>
      <Y>-3301.55</Y>
      <Z>12.94</Z>
      <Wide>7</Wide>
    </Point>
    <Point>
      <X>-843</X>
      <Y>-3302.48</Y>
      <Z>12.94</Z>
      <Wide>7</Wide>
    </Point>
    <Point>
      <X>-843.42</X>
      <Y>-3303.47</Y>
      <Z>12.94</Z>
      <Wide>7</Wide>
    </Point>
    <Point>
      <X>-843.85</X>
      <Y>-3304.45</Y>
      <Z>12.94</Z>
      <Wide>7</Wide>
    </Point>
    <Point>
      <X>-844.29</X>
      <Y>-3305.44</Y>
      <Z>12.94</Z>
      <Wide>7</Wide>
    </Point>
    <Point>
      <X>-844.75</X>
      <Y>-3306.43</Y>
      <Z>12.94</Z>
      <Wide>7</Wide>
    </Point>
    <Point>
      <X>-845.58</X>
      <Y>-3308.2</Y>
      <Z>12.94</Z>
      <Wide>7</Wide>
    </Point>
    <Point>
      <X>-846.01</X>
      <Y>-3309.11</Y>
      <Z>12.94</Z>
      <Wide>7</Wide>
    </Point>
    <Point>
      <X>-846.45</X>
      <Y>-3310.02</Y>
      <Z>12.94</Z>
      <Wide>7</Wide>
    </Point>
    <Point>
      <X>-846.89</X>
      <Y>-3310.92</Y>
      <Z>12.94</Z>
      <Wide>7</Wide>
    </Point>
    <Point>
      <X>-847.34</X>
      <Y>-3311.82</Y>
      <Z>12.94</Z>
      <Wide>7</Wide>
    </Point>
    <Point>
      <X>-847.79</X>
      <Y>-3312.72</Y>
      <Z>12.94</Z>
      <Wide>7</Wide>
    </Point>
    <Point>
      <X>-848.24</X>
      <Y>-3313.61</Y>
      <Z>12.94</Z>
      <Wide>7</Wide>
    </Point>
    <Point>
      <X>-848.7</X>
      <Y>-3314.5</Y>
      <Z>12.94</Z>
      <Wide>7</Wide>
    </Point>
    <Point>
      <X>-849.16</X>
      <Y>-3315.39</Y>
      <Z>12.94</Z>
      <Wide>7</Wide>
    </Point>
    <Point>
      <X>-849.62</X>
      <Y>-3316.28</Y>
      <Z>12.94</Z>
      <Wide>7</Wide>
    </Point>
    <Point>
      <X>-850.09</X>
      <Y>-3317.17</Y>
      <Z>12.94</Z>
      <Wide>7</Wide>
      <RacingLine>0</RacingLine>
    </Point>
    <Point>
      <X>-850.57</X>
      <Y>-3318.05</Y>
      <Z>12.94</Z>
      <Wide>7</Wide>
    </Point>
    <Point>
      <X>-851.05</X>
      <Y>-3318.93</Y>
      <Z>12.94</Z>
      <Wide>7</Wide>
    </Point>
    <Point>
      <X>-851.53</X>
      <Y>-3319.81</Y>
      <Z>12.94</Z>
      <Wide>7</Wide>
    </Point>
    <Point>
      <X>-852.01</X>
      <Y>-3320.68</Y>
      <Z>12.94</Z>
      <Wide>7</Wide>
    </Point>
    <Point>
      <X>-852.5</X>
      <Y>-3321.56</Y>
      <Z>12.94</Z>
      <Wide>7</Wide>
    </Point>
    <Point>
      <X>-853</X>
      <Y>-3322.43</Y>
      <Z>12.94</Z>
      <Wide>7</Wide>
    </Point>
    <Point>
      <X>-853.49</X>
      <Y>-3323.29</Y>
      <Z>12.94</Z>
      <Wide>7</Wide>
    </Point>
    <Point>
      <X>-854</X>
      <Y>-3324.16</Y>
      <Z>12.94</Z>
      <Wide>7</Wide>
    </Point>
    <Point>
      <X>-854.5</X>
      <Y>-3325.02</Y>
      <Z>12.94</Z>
      <Wide>7</Wide>
    </Point>
    <Point>
      <X>-855.01</X>
      <Y>-3325.88</Y>
      <Z>12.94</Z>
      <Wide>7</Wide>
    </Point>
    <Point>
      <X>-855.55</X>
      <Y>-3326.78</Y>
      <Z>12.94</Z>
      <Wide>7</Wide>
    </Point>
    <Point>
      <X>-856.04</X>
      <Y>-3327.6</Y>
      <Z>12.94</Z>
      <Wide>7</Wide>
    </Point>
    <Point>
      <X>-856.56</X>
      <Y>-3328.45</Y>
      <Z>12.94</Z>
      <Wide>7</Wide>
    </Point>
    <Point>
      <X>-857.12</X>
      <Y>-3329.34</Y>
      <Z>12.94</Z>
      <Wide>7</Wide>
    </Point>
    <Point>
      <X>-857.65</X>
      <Y>-3330.19</Y>
      <Z>12.94</Z>
      <Wide>7</Wide>
    </Point>
    <Point>
      <X>-858.15</X>
      <Y>-3330.99</Y>
      <Z>12.94</Z>
      <Wide>7</Wide>
    </Point>
    <Point>
      <X>-858.69</X>
      <Y>-3331.84</Y>
      <Z>12.94</Z>
      <Wide>7</Wide>
    </Point>
    <Point>
      <X>-859.23</X>
      <Y>-3332.68</Y>
      <Z>12.94</Z>
      <Wide>7</Wide>
    </Point>
    <Point>
      <X>-859.78</X>
      <Y>-3333.52</Y>
      <Z>12.94</Z>
      <Wide>7</Wide>
    </Point>
    <Point>
      <X>-860.33</X>
      <Y>-3334.35</Y>
      <Z>12.94</Z>
      <Wide>7</Wide>
    </Point>
    <Point>
      <X>-860.88</X>
      <Y>-3335.18</Y>
      <Z>12.94</Z>
      <Wide>7</Wide>
    </Point>
    <Point>
      <X>-861.44</X>
      <Y>-3336.02</Y>
      <Z>12.94</Z>
      <Wide>7</Wide>
    </Point>
    <Point>
      <X>-862</X>
      <Y>-3336.84</Y>
      <Z>12.94</Z>
      <Wide>7</Wide>
    </Point>
    <Point>
      <X>-862.57</X>
      <Y>-3337.67</Y>
      <Z>12.94</Z>
      <Wide>7</Wide>
    </Point>
    <Point>
      <X>-863.14</X>
      <Y>-3338.49</Y>
      <Z>12.94</Z>
      <Wide>7</Wide>
    </Point>
    <Point>
      <X>-863.71</X>
      <Y>-3339.31</Y>
      <Z>12.94</Z>
      <Wide>7</Wide>
    </Point>
    <Point>
      <X>-864.29</X>
      <Y>-3340.13</Y>
      <Z>12.94</Z>
      <Wide>7</Wide>
    </Point>
    <Point>
      <X>-864.88</X>
      <Y>-3340.95</Y>
      <Z>12.94</Z>
      <Wide>7</Wide>
    </Point>
    <Point>
      <X>-865.46</X>
      <Y>-3341.76</Y>
      <Z>12.94</Z>
      <Wide>7</Wide>
    </Point>
    <Point>
      <X>-866.05</X>
      <Y>-3342.57</Y>
      <Z>12.94</Z>
      <Wide>7</Wide>
    </Point>
    <Point>
      <X>-866.65</X>
      <Y>-3343.38</Y>
      <Z>12.94</Z>
      <Wide>7</Wide>
    </Point>
    <Point>
      <X>-867.24</X>
      <Y>-3344.19</Y>
      <Z>12.94</Z>
      <Wide>7</Wide>
    </Point>
    <Point>
      <X>-867.85</X>
      <Y>-3344.99</Y>
      <Z>12.94</Z>
      <Wide>7</Wide>
    </Point>
    <Point>
      <X>-868.45</X>
      <Y>-3345.79</Y>
      <Z>12.94</Z>
      <Wide>7</Wide>
    </Point>
    <Point>
      <X>-869.06</X>
      <Y>-3346.59</Y>
      <Z>12.94</Z>
      <Wide>7</Wide>
    </Point>
    <Point>
      <X>-869.68</X>
      <Y>-3347.39</Y>
      <Z>12.94</Z>
      <Wide>7</Wide>
    </Point>
    <Point>
      <X>-870.3</X>
      <Y>-3348.18</Y>
      <Z>12.94</Z>
      <Wide>7</Wide>
    </Point>
    <Point>
      <X>-870.92</X>
      <Y>-3348.97</Y>
      <Z>12.94</Z>
      <Wide>6</Wide>
    </Point>
    <Point>
      <X>-872.17</X>
      <Y>-3350.53</Y>
      <Z>12.94</Z>
      <Wide>6</Wide>
    </Point>
    <Point>
      <X>-872.81</X>
      <Y>-3351.31</Y>
      <Z>12.94</Z>
      <Wide>6</Wide>
    </Point>
    <Point>
      <X>-873.47</X>
      <Y>-3352.08</Y>
      <Z>12.94</Z>
      <Wide>6</Wide>
    </Point>
    <Point>
      <X>-874.13</X>
      <Y>-3352.84</Y>
      <Z>12.94</Z>
      <Wide>6</Wide>
    </Point>
    <Point>
      <X>-874.79</X>
      <Y>-3353.59</Y>
      <Z>12.94</Z>
      <Wide>6</Wide>
    </Point>
    <Point>
      <X>-875.47</X>
      <Y>-3354.34</Y>
      <Z>12.94</Z>
      <Wide>6</Wide>
    </Point>
    <Point>
      <X>-876.15</X>
      <Y>-3355.08</Y>
      <Z>12.94</Z>
      <Wide>6</Wide>
    </Point>
    <Point>
      <X>-876.83</X>
      <Y>-3355.81</Y>
      <Z>12.94</Z>
      <Wide>6</Wide>
    </Point>
    <Point>
      <X>-877.53</X>
      <Y>-3356.53</Y>
      <Z>12.94</Z>
      <Wide>6</Wide>
    </Point>
    <Point>
      <X>-878.23</X>
      <Y>-3357.25</Y>
      <Z>12.94</Z>
      <Wide>6</Wide>
    </Point>
    <Point>
      <X>-878.94</X>
      <Y>-3357.96</Y>
      <Z>12.94</Z>
      <Wide>6</Wide>
    </Point>
    <Point>
      <X>-879.66</X>
      <Y>-3358.66</Y>
      <Z>12.94</Z>
      <Wide>6</Wide>
      <RacingLine>0</RacingLine>
    </Point>
    <Point>
      <X>-880.38</X>
      <Y>-3359.35</Y>
      <Z>12.94</Z>
      <Wide>6</Wide>
    </Point>
    <Point>
      <X>-881.11</X>
      <Y>-3360.03</Y>
      <Z>12.94</Z>
      <Wide>6</Wide>
    </Point>
    <Point>
      <X>-881.85</X>
      <Y>-3360.71</Y>
      <Z>12.94</Z>
      <Wide>6</Wide>
    </Point>
    <Point>
      <X>-882.61</X>
      <Y>-3361.4</Y>
      <Z>12.94</Z>
      <Wide>6</Wide>
    </Point>
    <Point>
      <X>-883.34</X>
      <Y>-3362.04</Y>
      <Z>12.94</Z>
      <Wide>6</Wide>
    </Point>
    <Point>
      <X>-884.1</X>
      <Y>-3362.69</Y>
      <Z>12.94</Z>
      <Wide>6</Wide>
    </Point>
    <Point>
      <X>-884.86</X>
      <Y>-3363.33</Y>
      <Z>12.94</Z>
      <Wide>6</Wide>
    </Point>
    <Point>
      <X>-885.64</X>
      <Y>-3363.97</Y>
      <Z>12.94</Z>
      <Wide>6</Wide>
    </Point>
    <Point>
      <X>-886.42</X>
      <Y>-3364.6</Y>
      <Z>12.94</Z>
      <Wide>6</Wide>
    </Point>
    <Point>
      <X>-887.2</X>
      <Y>-3365.22</Y>
      <Z>12.94</Z>
      <Wide>6</Wide>
    </Point>
    <Point>
      <X>-888</X>
      <Y>-3365.83</Y>
      <Z>12.94</Z>
      <Wide>6</Wide>
    </Point>
    <Point>
      <X>-888.8</X>
      <Y>-3366.44</Y>
      <Z>12.94</Z>
      <Wide>6</Wide>
    </Point>
    <Point>
      <X>-889.6</X>
      <Y>-3367.03</Y>
      <Z>12.94</Z>
      <Wide>6</Wide>
    </Point>
    <Point>
      <X>-890.42</X>
      <Y>-3367.62</Y>
      <Z>12.94</Z>
      <Wide>6</Wide>
    </Point>
    <Point>
      <X>-891.24</X>
      <Y>-3368.2</Y>
      <Z>12.94</Z>
      <Wide>6</Wide>
    </Point>
    <Point>
      <X>-892.07</X>
      <Y>-3368.78</Y>
      <Z>12.94</Z>
      <Wide>6</Wide>
    </Point>
    <Point>
      <X>-892.91</X>
      <Y>-3369.34</Y>
      <Z>12.94</Z>
      <Wide>6</Wide>
    </Point>
    <Point>
      <X>-893.75</X>
      <Y>-3369.9</Y>
      <Z>12.94</Z>
      <Wide>6</Wide>
    </Point>
    <Point>
      <X>-894.6</X>
      <Y>-3370.45</Y>
      <Z>12.94</Z>
      <Wide>6</Wide>
    </Point>
    <Point>
      <X>-895.45</X>
      <Y>-3370.99</Y>
      <Z>12.94</Z>
      <Wide>6</Wide>
    </Point>
    <Point>
      <X>-897.28</X>
      <Y>-3372.1</Y>
      <Z>12.94</Z>
      <Wide>6</Wide>
    </Point>
    <Point>
      <X>-898.26</X>
      <Y>-3372.66</Y>
      <Z>12.94</Z>
      <Wide>6</Wide>
    </Point>
    <Point>
      <X>-899.25</X>
      <Y>-3373.2</Y>
      <Z>12.94</Z>
      <Wide>6</Wide>
    </Point>
    <Point>
      <X>-900.23</X>
      <Y>-3373.71</Y>
      <Z>12.94</Z>
      <Wide>6</Wide>
    </Point>
    <Point>
      <X>-901.26</X>
      <Y>-3374.22</Y>
      <Z>12.94</Z>
      <Wide>6</Wide>
    </Point>
    <Point>
      <X>-902.25</X>
      <Y>-3374.68</Y>
      <Z>12.94</Z>
      <Wide>6</Wide>
    </Point>
    <Point>
      <X>-903.24</X>
      <Y>-3375.11</Y>
      <Z>12.94</Z>
      <Wide>6</Wide>
    </Point>
    <Point>
      <X>-904.22</X>
      <Y>-3375.52</Y>
      <Z>12.94</Z>
      <Wide>6</Wide>
    </Point>
    <Point>
      <X>-905.21</X>
      <Y>-3375.91</Y>
      <Z>12.94</Z>
      <Wide>6</Wide>
    </Point>
    <Point>
      <X>-906.2</X>
      <Y>-3376.27</Y>
      <Z>12.94</Z>
      <Wide>6</Wide>
    </Point>
    <Point>
      <X>-907.24</X>
      <Y>-3376.62</Y>
      <Z>12.94</Z>
      <Wide>6</Wide>
    </Point>
    <Point>
      <X>-908.23</X>
      <Y>-3376.93</Y>
      <Z>12.94</Z>
      <Wide>6</Wide>
    </Point>
    <Point>
      <X>-909.22</X>
      <Y>-3377.22</Y>
      <Z>12.94</Z>
      <Wide>6</Wide>
    </Point>
    <Point>
      <X>-910.21</X>
      <Y>-3377.47</Y>
      <Z>12.94</Z>
      <Wide>6</Wide>
    </Point>
    <Point>
      <X>-911.2</X>
      <Y>-3377.71</Y>
      <Z>12.94</Z>
      <Wide>6</Wide>
    </Point>
    <Point>
      <X>-912.2</X>
      <Y>-3377.92</Y>
      <Z>12.94</Z>
      <Wide>6</Wide>
    </Point>
    <Point>
      <X>-913.19</X>
      <Y>-3378.1</Y>
      <Z>12.94</Z>
      <Wide>6</Wide>
    </Point>
    <Point>
      <X>-914.19</X>
      <Y>-3378.26</Y>
      <Z>12.94</Z>
      <Wide>6</Wide>
    </Point>
    <Point>
      <X>-915.19</X>
      <Y>-3378.4</Y>
      <Z>12.94</Z>
      <Wide>6</Wide>
    </Point>
    <Point>
      <X>-916.18</X>
      <Y>-3378.51</Y>
      <Z>12.94</Z>
      <Wide>6</Wide>
    </Point>
    <Point>
      <X>-917.18</X>
      <Y>-3378.59</Y>
      <Z>12.94</Z>
      <Wide>6</Wide>
    </Point>
    <Point>
      <X>-918.18</X>
      <Y>-3378.65</Y>
      <Z>12.94</Z>
      <Wide>6</Wide>
    </Point>
    <Point>
      <X>-919.18</X>
      <Y>-3378.69</Y>
      <Z>12.96</Z>
      <Wide>6</Wide>
    </Point>
    <Point>
      <X>-920.18</X>
      <Y>-3378.7</Y>
      <Z>12.98</Z>
      <Wide>6</Wide>
    </Point>
    <Point>
      <X>-921.18</X>
      <Y>-3378.68</Y>
      <Z>12.98</Z>
      <Wide>6</Wide>
    </Point>
    <Point>
      <X>-922.18</X>
      <Y>-3378.64</Y>
      <Z>12.98</Z>
      <Wide>6</Wide>
    </Point>
    <Point>
      <X>-923.18</X>
      <Y>-3378.58</Y>
      <Z>12.98</Z>
      <Wide>6</Wide>
    </Point>
    <Point>
      <X>-924.19</X>
      <Y>-3378.49</Y>
      <Z>12.98</Z>
      <Wide>6</Wide>
    </Point>
    <Point>
      <X>-925.19</X>
      <Y>-3378.37</Y>
      <Z>12.99</Z>
      <Wide>6</Wide>
    </Point>
    <Point>
      <X>-926.2</X>
      <Y>-3378.23</Y>
      <Z>12.99</Z>
      <Wide>6</Wide>
      <RacingLine>0</RacingLine>
    </Point>
    <Point>
      <X>-927.2</X>
      <Y>-3378.07</Y>
      <Z>12.99</Z>
      <Wide>6</Wide>
    </Point>
    <Point>
      <X>-928.21</X>
      <Y>-3377.88</Y>
      <Z>12.96</Z>
      <Wide>6</Wide>
    </Point>
    <Point>
      <X>-929.22</X>
      <Y>-3377.66</Y>
      <Z>12.94</Z>
      <Wide>6</Wide>
    </Point>
    <Point>
      <X>-930.22</X>
      <Y>-3377.42</Y>
      <Z>12.94</Z>
      <Wide>6</Wide>
    </Point>
    <Point>
      <X>-931.23</X>
      <Y>-3377.16</Y>
      <Z>12.94</Z>
      <Wide>6</Wide>
    </Point>
    <Point>
      <X>-932.19</X>
      <Y>-3376.88</Y>
      <Z>12.94</Z>
      <Wide>6</Wide>
    </Point>
    <Point>
      <X>-934.07</X>
      <Y>-3376.34</Y>
      <Z>12.94</Z>
      <Wide>6</Wide>
    </Point>
    <Point>
      <X>-935.04</X>
      <Y>-3376.05</Y>
      <Z>12.94</Z>
      <Wide>6</Wide>
    </Point>
    <Point>
      <X>-936</X>
      <Y>-3375.76</Y>
      <Z>12.94</Z>
      <Wide>6</Wide>
    </Point>
    <Point>
      <X>-936.96</X>
      <Y>-3375.46</Y>
      <Z>12.94</Z>
      <Wide>6</Wide>
    </Point>
    <Point>
      <X>-937.92</X>
      <Y>-3375.16</Y>
      <Z>12.94</Z>
      <Wide>6</Wide>
    </Point>
    <Point>
      <X>-938.88</X>
      <Y>-3374.86</Y>
      <Z>12.94</Z>
      <Wide>6</Wide>
    </Point>
    <Point>
      <X>-939.84</X>
      <Y>-3374.55</Y>
      <Z>12.94</Z>
      <Wide>6</Wide>
    </Point>
    <Point>
      <X>-940.79</X>
      <Y>-3374.23</Y>
      <Z>12.94</Z>
      <Wide>6</Wide>
    </Point>
    <Point>
      <X>-941.75</X>
      <Y>-3373.92</Y>
      <Z>12.94</Z>
      <Wide>6</Wide>
    </Point>
    <Point>
      <X>-942.7</X>
      <Y>-3373.6</Y>
      <Z>12.94</Z>
      <Wide>6</Wide>
    </Point>
    <Point>
      <X>-943.65</X>
      <Y>-3373.27</Y>
      <Z>12.94</Z>
      <Wide>6</Wide>
    </Point>
    <Point>
      <X>-944.59</X>
      <Y>-3372.94</Y>
      <Z>12.94</Z>
      <Wide>6</Wide>
    </Point>
    <Point>
      <X>-945.54</X>
      <Y>-3372.61</Y>
      <Z>12.94</Z>
      <Wide>6</Wide>
    </Point>
    <Point>
      <X>-946.48</X>
      <Y>-3372.27</Y>
      <Z>12.94</Z>
      <Wide>6</Wide>
    </Point>
    <Point>
      <X>-947.43</X>
      <Y>-3371.93</Y>
      <Z>12.94</Z>
      <Wide>6</Wide>
    </Point>
    <Point>
      <X>-948.37</X>
      <Y>-3371.59</Y>
      <Z>12.94</Z>
      <Wide>6</Wide>
    </Point>
    <Point>
      <X>-949.31</X>
      <Y>-3371.24</Y>
      <Z>12.94</Z>
      <Wide>6</Wide>
    </Point>
    <Point>
      <X>-950.24</X>
      <Y>-3370.88</Y>
      <Z>12.94</Z>
      <Wide>6</Wide>
    </Point>
    <Point>
      <X>-951.18</X>
      <Y>-3370.52</Y>
      <Z>12.94</Z>
      <Wide>6</Wide>
    </Point>
    <Point>
      <X>-952.11</X>
      <Y>-3370.16</Y>
      <Z>12.94</Z>
      <Wide>6</Wide>
    </Point>
    <Point>
      <X>-953.04</X>
      <Y>-3369.8</Y>
      <Z>12.94</Z>
      <Wide>6</Wide>
    </Point>
    <Point>
      <X>-953.97</X>
      <Y>-3369.42</Y>
      <Z>12.94</Z>
      <Wide>6</Wide>
    </Point>
    <Point>
      <X>-954.9</X>
      <Y>-3369.05</Y>
      <Z>12.94</Z>
      <Wide>6</Wide>
    </Point>
    <Point>
      <X>-955.82</X>
      <Y>-3368.67</Y>
      <Z>12.94</Z>
      <Wide>6</Wide>
    </Point>
    <Point>
      <X>-956.75</X>
      <Y>-3368.29</Y>
      <Z>12.94</Z>
      <Wide>6</Wide>
    </Point>
    <Point>
      <X>-957.67</X>
      <Y>-3367.9</Y>
      <Z>12.94</Z>
      <Wide>6</Wide>
    </Point>
    <Point>
      <X>-958.59</X>
      <Y>-3367.51</Y>
      <Z>12.94</Z>
      <Wide>6</Wide>
    </Point>
    <Point>
      <X>-959.56</X>
      <Y>-3367.09</Y>
      <Z>12.94</Z>
      <Wide>6</Wide>
    </Point>
    <Point>
      <X>-960.43</X>
      <Y>-3366.72</Y>
      <Z>12.94</Z>
      <Wide>6</Wide>
    </Point>
    <Point>
      <X>-961.4</X>
      <Y>-3366.29</Y>
      <Z>12.94</Z>
      <Wide>6</Wide>
    </Point>
    <Point>
      <X>-962.25</X>
      <Y>-3365.91</Y>
      <Z>12.94</Z>
      <Wide>6</Wide>
    </Point>
    <Point>
      <X>-963.17</X>
      <Y>-3365.49</Y>
      <Z>12.94</Z>
      <Wide>6</Wide>
    </Point>
    <Point>
      <X>-964.08</X>
      <Y>-3365.08</Y>
      <Z>12.94</Z>
      <Wide>6</Wide>
    </Point>
    <Point>
      <X>-964.98</X>
      <Y>-3364.66</Y>
      <Z>12.94</Z>
      <Wide>6</Wide>
    </Point>
    <Point>
      <X>-965.89</X>
      <Y>-3364.23</Y>
      <Z>12.94</Z>
      <Wide>6</Wide>
    </Point>
    <Point>
      <X>-966.79</X>
      <Y>-3363.8</Y>
      <Z>12.94</Z>
      <Wide>6</Wide>
    </Point>
    <Point>
      <X>-967.7</X>
      <Y>-3363.37</Y>
      <Z>12.94</Z>
      <Wide>6</Wide>
    </Point>
    <Point>
      <X>-968.6</X>
      <Y>-3362.94</Y>
      <Z>12.94</Z>
      <Wide>6</Wide>
    </Point>
    <Point>
      <X>-969.49</X>
      <Y>-3362.5</Y>
      <Z>12.94</Z>
      <Wide>6</Wide>
    </Point>
    <Point>
      <X>-970.39</X>
      <Y>-3362.05</Y>
      <Z>12.94</Z>
      <Wide>6</Wide>
    </Point>
    <Point>
      <X>-971.29</X>
      <Y>-3361.6</Y>
      <Z>12.94</Z>
      <Wide>6</Wide>
    </Point>
    <Point>
      <X>-972.18</X>
      <Y>-3361.15</Y>
      <Z>12.94</Z>
      <Wide>6</Wide>
    </Point>
    <Point>
      <X>-973.07</X>
      <Y>-3360.69</Y>
      <Z>12.94</Z>
      <Wide>6</Wide>
    </Point>
    <Point>
      <X>-973.96</X>
      <Y>-3360.23</Y>
      <Z>12.94</Z>
      <Wide>6</Wide>
      <RacingLine>0</RacingLine>
    </Point>
    <Point>
      <X>-974.85</X>
      <Y>-3359.76</Y>
      <Z>12.94</Z>
      <Wide>6</Wide>
    </Point>
    <Point>
      <X>-975.74</X>
      <Y>-3359.3</Y>
      <Z>12.94</Z>
      <Wide>6</Wide>
    </Point>
    <Point>
      <X>-976.62</X>
      <Y>-3358.82</Y>
      <Z>12.94</Z>
      <Wide>6</Wide>
    </Point>
    <Point>
      <X>-977.5</X>
      <Y>-3358.34</Y>
      <Z>12.94</Z>
      <Wide>6</Wide>
    </Point>
    <Point>
      <X>-978.38</X>
      <Y>-3357.86</Y>
      <Z>12.94</Z>
      <Wide>6</Wide>
    </Point>
    <Point>
      <X>-979.26</X>
      <Y>-3357.38</Y>
      <Z>12.94</Z>
      <Wide>6</Wide>
    </Point>
    <Point>
      <X>-980.14</X>
      <Y>-3356.89</Y>
      <Z>12.94</Z>
      <Wide>6</Wide>
    </Point>
    <Point>
      <X>-981.01</X>
      <Y>-3356.39</Y>
      <Z>12.94</Z>
      <Wide>6</Wide>
    </Point>
    <Point>
      <X>-981.89</X>
      <Y>-3355.89</Y>
      <Z>12.94</Z>
      <Wide>6</Wide>
    </Point>
    <Point>
      <X>-982.76</X>
      <Y>-3355.39</Y>
      <Z>12.94</Z>
      <Wide>6</Wide>
    </Point>
    <Point>
      <X>-983.63</X>
      <Y>-3354.88</Y>
      <Z>12.94</Z>
      <Wide>6</Wide>
    </Point>
    <Point>
      <X>-984.5</X>
      <Y>-3354.37</Y>
      <Z>12.94</Z>
      <Wide>6</Wide>
    </Point>
    <Point>
      <X>-985.36</X>
      <Y>-3353.86</Y>
      <Z>12.94</Z>
      <Wide>6</Wide>
    </Point>
    <Point>
      <X>-986.23</X>
      <Y>-3353.34</Y>
      <Z>12.94</Z>
      <Wide>6</Wide>
    </Point>
    <Point>
      <X>-987.09</X>
      <Y>-3352.81</Y>
      <Z>12.94</Z>
      <Wide>6</Wide>
    </Point>
    <Point>
      <X>-988.76</X>
      <Y>-3351.8</Y>
      <Z>12.94</Z>
      <Wide>6</Wide>
    </Point>
    <Point>
      <X>-989.62</X>
      <Y>-3351.28</Y>
      <Z>12.94</Z>
      <Wide>6</Wide>
    </Point>
    <Point>
      <X>-990.48</X>
      <Y>-3350.77</Y>
      <Z>12.94</Z>
      <Wide>6</Wide>
    </Point>
    <Point>
      <X>-991.34</X>
      <Y>-3350.25</Y>
      <Z>12.94</Z>
      <Wide>6</Wide>
    </Point>
    <Point>
      <X>-992.19</X>
      <Y>-3349.74</Y>
      <Z>12.94</Z>
      <Wide>6</Wide>
    </Point>
    <Point>
      <X>-993.05</X>
      <Y>-3349.23</Y>
      <Z>12.94</Z>
      <Wide>6</Wide>
    </Point>
    <Point>
      <X>-993.91</X>
      <Y>-3348.71</Y>
      <Z>12.94</Z>
      <Wide>6</Wide>
    </Point>
    <Point>
      <X>-994.77</X>
      <Y>-3348.2</Y>
      <Z>12.94</Z>
      <Wide>6</Wide>
    </Point>
    <Point>
      <X>-995.63</X>
      <Y>-3347.69</Y>
      <Z>12.94</Z>
      <Wide>6</Wide>
    </Point>
    <Point>
      <X>-996.49</X>
      <Y>-3347.18</Y>
      <Z>12.94</Z>
      <Wide>6</Wide>
    </Point>
    <Point>
      <X>-997.39</X>
      <Y>-3346.65</Y>
      <Z>12.94</Z>
      <Wide>6</Wide>
    </Point>
    <Point>
      <X>-998.21</X>
      <Y>-3346.16</Y>
      <Z>12.94</Z>
      <Wide>6</Wide>
    </Point>
    <Point>
      <X>-999.07</X>
      <Y>-3345.65</Y>
      <Z>12.94</Z>
      <Wide>6</Wide>
    </Point>
    <Point>
      <X>-999.97</X>
      <Y>-3345.13</Y>
      <Z>12.94</Z>
      <Wide>6</Wide>
    </Point>
    <Point>
      <X>-1000.8</X>
      <Y>-3344.64</Y>
      <Z>12.94</Z>
      <Wide>6</Wide>
    </Point>
    <Point>
      <X>-1001.66</X>
      <Y>-3344.14</Y>
      <Z>12.94</Z>
      <Wide>6</Wide>
    </Point>
    <Point>
      <X>-1002.52</X>
      <Y>-3343.63</Y>
      <Z>12.94</Z>
      <Wide>6</Wide>
    </Point>
    <Point>
      <X>-1003.42</X>
      <Y>-3343.11</Y>
      <Z>12.94</Z>
      <Wide>6</Wide>
    </Point>
    <Point>
      <X>-1004.25</X>
      <Y>-3342.62</Y>
      <Z>12.94</Z>
      <Wide>6</Wide>
    </Point>
    <Point>
      <X>-1005.15</X>
      <Y>-3342.1</Y>
      <Z>12.94</Z>
      <Wide>6</Wide>
    </Point>
    <Point>
      <X>-1005.98</X>
      <Y>-3341.62</Y>
      <Z>12.94</Z>
      <Wide>6</Wide>
    </Point>
    <Point>
      <X>-1006.88</X>
      <Y>-3341.1</Y>
      <Z>12.94</Z>
      <Wide>6</Wide>
    </Point>
    <Point>
      <X>-1007.71</X>
      <Y>-3340.62</Y>
      <Z>12.94</Z>
      <Wide>6</Wide>
    </Point>
    <Point>
      <X>-1008.62</X>
      <Y>-3340.1</Y>
      <Z>12.94</Z>
      <Wide>6</Wide>
    </Point>
    <Point>
      <X>-1009.48</X>
      <Y>-3339.6</Y>
      <Z>12.94</Z>
      <Wide>6</Wide>
    </Point>
    <Point>
      <X>-1010.31</X>
      <Y>-3339.13</Y>
      <Z>12.94</Z>
      <Wide>6</Wide>
    </Point>
    <Point>
      <X>-1011.22</X>
      <Y>-3338.61</Y>
      <Z>12.94</Z>
      <Wide>6</Wide>
    </Point>
    <Point>
      <X>-1012.09</X>
      <Y>-3338.11</Y>
      <Z>12.94</Z>
      <Wide>6</Wide>
    </Point>
    <Point>
      <X>-1012.92</X>
      <Y>-3337.64</Y>
      <Z>12.94</Z>
      <Wide>6</Wide>
    </Point>
    <Point>
      <X>-1013.83</X>
      <Y>-3337.12</Y>
      <Z>12.94</Z>
      <Wide>6</Wide>
    </Point>
    <Point>
      <X>-1014.66</X>
      <Y>-3336.65</Y>
      <Z>12.94</Z>
      <Wide>6</Wide>
    </Point>
    <Point>
      <X>-1015.53</X>
      <Y>-3336.16</Y>
      <Z>12.94</Z>
      <Wide>6</Wide>
    </Point>
    <Point>
      <X>-1016.4</X>
      <Y>-3335.67</Y>
      <Z>12.94</Z>
      <Wide>6</Wide>
    </Point>
    <Point>
      <X>-1017.27</X>
      <Y>-3335.18</Y>
      <Z>12.94</Z>
      <Wide>6</Wide>
    </Point>
    <Point>
      <X>-1018.14</X>
      <Y>-3334.69</Y>
      <Z>12.94</Z>
      <Wide>6</Wide>
      <RacingLine>0</RacingLine>
    </Point>
    <Point>
      <X>-1019.02</X>
      <Y>-3334.2</Y>
      <Z>12.94</Z>
      <Wide>6</Wide>
    </Point>
    <Point>
      <X>-1019.89</X>
      <Y>-3333.71</Y>
      <Z>12.94</Z>
      <Wide>6</Wide>
      <RacingLine>-6</RacingLine>
    </Point>
    <Point>
      <X>-1020.76</X>
      <Y>-3333.22</Y>
      <Z>12.94</Z>
      <Wide>6</Wide>
    </Point>
    <Point>
      <X>-1021.64</X>
      <Y>-3332.74</Y>
      <Z>12.94</Z>
      <Wide>6</Wide>
    </Point>
    <Point>
      <X>-1022.51</X>
      <Y>-3332.25</Y>
      <Z>12.94</Z>
      <Wide>6</Wide>
    </Point>
    <Point>
      <X>-1023.39</X>
      <Y>-3331.76</Y>
      <Z>12.94</Z>
      <Wide>6</Wide>
    </Point>
    <Point>
      <X>-1024.26</X>
      <Y>-3331.28</Y>
      <Z>12.94</Z>
      <Wide>6</Wide>
    </Point>
    <Point>
      <X>-1025.93</X>
      <Y>-3330.36</Y>
      <Z>12.94</Z>
      <Wide>6</Wide>
    </Point>
    <Point>
      <X>-1026.8</X>
      <Y>-3329.88</Y>
      <Z>12.94</Z>
      <Wide>6</Wide>
    </Point>
    <Point>
      <X>-1027.68</X>
      <Y>-3329.39</Y>
      <Z>12.94</Z>
      <Wide>6</Wide>
    </Point>
    <Point>
      <X>-1028.55</X>
      <Y>-3328.91</Y>
      <Z>12.94</Z>
      <Wide>6</Wide>
    </Point>
    <Point>
      <X>-1029.43</X>
      <Y>-3328.42</Y>
      <Z>12.94</Z>
      <Wide>6</Wide>
    </Point>
    <Point>
      <X>-1030.3</X>
      <Y>-3327.94</Y>
      <Z>12.94</Z>
      <Wide>6</Wide>
    </Point>
    <Point>
      <X>-1031.18</X>
      <Y>-3327.45</Y>
      <Z>12.94</Z>
      <Wide>6</Wide>
    </Point>
    <Point>
      <X>-1032.13</X>
      <Y>-3326.92</Y>
      <Z>12.94</Z>
      <Wide>6</Wide>
    </Point>
    <Point>
      <X>-1032.92</X>
      <Y>-3326.49</Y>
      <Z>12.94</Z>
      <Wide>6</Wide>
    </Point>
    <Point>
      <X>-1033.8</X>
      <Y>-3326</Y>
      <Z>12.94</Z>
      <Wide>6</Wide>
    </Point>
    <Point>
      <X>-1034.67</X>
      <Y>-3325.52</Y>
      <Z>12.94</Z>
      <Wide>6</Wide>
    </Point>
    <Point>
      <X>-1035.55</X>
      <Y>-3325.03</Y>
      <Z>12.94</Z>
      <Wide>6</Wide>
    </Point>
    <Point>
      <X>-1036.42</X>
      <Y>-3324.55</Y>
      <Z>12.94</Z>
      <Wide>6</Wide>
    </Point>
    <Point>
      <X>-1037.38</X>
      <Y>-3324.02</Y>
      <Z>12.94</Z>
      <Wide>6</Wide>
    </Point>
    <Point>
      <X>-1038.17</X>
      <Y>-3323.58</Y>
      <Z>12.94</Z>
      <Wide>6</Wide>
    </Point>
    <Point>
      <X>-1039.13</X>
      <Y>-3323.05</Y>
      <Z>12.94</Z>
      <Wide>6</Wide>
    </Point>
    <Point>
      <X>-1039.92</X>
      <Y>-3322.61</Y>
      <Z>12.94</Z>
      <Wide>6</Wide>
    </Point>
    <Point>
      <X>-1040.88</X>
      <Y>-3322.08</Y>
      <Z>12.94</Z>
      <Wide>6</Wide>
    </Point>
    <Point>
      <X>-1041.67</X>
      <Y>-3321.64</Y>
      <Z>12.94</Z>
      <Wide>6</Wide>
    </Point>
    <Point>
      <X>-1042.55</X>
      <Y>-3321.16</Y>
      <Z>12.94</Z>
      <Wide>6</Wide>
    </Point>
    <Point>
      <X>-1043.42</X>
      <Y>-3320.67</Y>
      <Z>12.94</Z>
      <Wide>6</Wide>
    </Point>
    <Point>
      <X>-1044.3</X>
      <Y>-3320.19</Y>
      <Z>12.94</Z>
      <Wide>6</Wide>
    </Point>
    <Point>
      <X>-1045.26</X>
      <Y>-3319.66</Y>
      <Z>12.94</Z>
      <Wide>6</Wide>
    </Point>
    <Point>
      <X>-1046.05</X>
      <Y>-3319.22</Y>
      <Z>12.94</Z>
      <Wide>6</Wide>
    </Point>
    <Point>
      <X>-1047.01</X>
      <Y>-3318.69</Y>
      <Z>12.94</Z>
      <Wide>6</Wide>
    </Point>
    <Point>
      <X>-1047.8</X>
      <Y>-3318.25</Y>
      <Z>12.94</Z>
      <Wide>6</Wide>
    </Point>
    <Point>
      <X>-1048.76</X>
      <Y>-3317.72</Y>
      <Z>12.94</Z>
      <Wide>6</Wide>
    </Point>
    <Point>
      <X>-1049.55</X>
      <Y>-3317.28</Y>
      <Z>12.94</Z>
      <Wide>6</Wide>
    </Point>
    <Point>
      <X>-1050.42</X>
      <Y>-3316.79</Y>
      <Z>12.94</Z>
      <Wide>6</Wide>
    </Point>
    <Point>
      <X>-1051.29</X>
      <Y>-3316.31</Y>
      <Z>12.94</Z>
      <Wide>6</Wide>
    </Point>
    <Point>
      <X>-1052.25</X>
      <Y>-3315.78</Y>
      <Z>12.94</Z>
      <Wide>6</Wide>
    </Point>
    <Point>
      <X>-1053.04</X>
      <Y>-3315.34</Y>
      <Z>12.94</Z>
      <Wide>6</Wide>
    </Point>
    <Point>
      <X>-1054</X>
      <Y>-3314.81</Y>
      <Z>12.94</Z>
      <Wide>6</Wide>
    </Point>
    <Point>
      <X>-1054.79</X>
      <Y>-3314.37</Y>
      <Z>12.94</Z>
      <Wide>6</Wide>
    </Point>
    <Point>
      <X>-1055.67</X>
      <Y>-3313.88</Y>
      <Z>12.94</Z>
      <Wide>6</Wide>
    </Point>
    <Point>
      <X>-1056.63</X>
      <Y>-3313.35</Y>
      <Z>12.94</Z>
      <Wide>6</Wide>
    </Point>
    <Point>
      <X>-1057.42</X>
      <Y>-3312.91</Y>
      <Z>12.94</Z>
      <Wide>6</Wide>
    </Point>
    <Point>
      <X>-1058.29</X>
      <Y>-3312.43</Y>
      <Z>12.94</Z>
      <Wide>6</Wide>
    </Point>
    <Point>
      <X>-1059.25</X>
      <Y>-3311.9</Y>
      <Z>12.94</Z>
      <Wide>6</Wide>
    </Point>
    <Point>
      <X>-1060.04</X>
      <Y>-3311.46</Y>
      <Z>12.94</Z>
      <Wide>6</Wide>
    </Point>
    <Point>
      <X>-1061</X>
      <Y>-3310.93</Y>
      <Z>12.94</Z>
      <Wide>6</Wide>
    </Point>
    <Point>
      <X>-1061.79</X>
      <Y>-3310.49</Y>
      <Z>12.94</Z>
      <Wide>6</Wide>
    </Point>
    <Point>
      <X>-1062.66</X>
      <Y>-3310</Y>
      <Z>12.94</Z>
      <Wide>6</Wide>
      <RacingLine>-4</RacingLine>
    </Point>
    <Point>
      <X>-1063.62</X>
      <Y>-3309.47</Y>
      <Z>12.94</Z>
      <Wide>6</Wide>
    </Point>
    <Point>
      <X>-1064.5</X>
      <Y>-3308.99</Y>
      <Z>12.94</Z>
      <Wide>6</Wide>
    </Point>
    <Point>
      <X>-1065.29</X>
      <Y>-3308.55</Y>
      <Z>12.94</Z>
      <Wide>6</Wide>
    </Point>
    <Point>
      <X>-1066.16</X>
      <Y>-3308.06</Y>
      <Z>12.94</Z>
      <Wide>6</Wide>
    </Point>
    <Point>
      <X>-1067.12</X>
      <Y>-3307.53</Y>
      <Z>12.94</Z>
      <Wide>6</Wide>
    </Point>
    <Point>
      <X>-1067.99</X>
      <Y>-3307.05</Y>
      <Z>12.94</Z>
      <Wide>6</Wide>
    </Point>
    <Point>
      <X>-1068.78</X>
      <Y>-3306.61</Y>
      <Z>12.94</Z>
      <Wide>6</Wide>
    </Point>
    <Point>
      <X>-1069.74</X>
      <Y>-3306.07</Y>
      <Z>12.94</Z>
      <Wide>6</Wide>
    </Point>
    <Point>
      <X>-1070.62</X>
      <Y>-3305.59</Y>
      <Z>12.94</Z>
      <Wide>6</Wide>
    </Point>
    <Point>
      <X>-1071.41</X>
      <Y>-3305.15</Y>
      <Z>12.94</Z>
      <Wide>6</Wide>
    </Point>
    <Point>
      <X>-1072.37</X>
      <Y>-3304.62</Y>
      <Z>12.94</Z>
      <Wide>6</Wide>
    </Point>
    <Point>
      <X>-1073.16</X>
      <Y>-3304.18</Y>
      <Z>12.94</Z>
      <Wide>6</Wide>
    </Point>
    <Point>
      <X>-1074.11</X>
      <Y>-3303.65</Y>
      <Z>12.94</Z>
      <Wide>6</Wide>
    </Point>
    <Point>
      <X>-1074.9</X>
      <Y>-3303.21</Y>
      <Z>12.94</Z>
      <Wide>6</Wide>
    </Point>
    <Point>
      <X>-1075.86</X>
      <Y>-3302.68</Y>
      <Z>12.94</Z>
      <Wide>6</Wide>
    </Point>
    <Point>
      <X>-1076.65</X>
      <Y>-3302.24</Y>
      <Z>12.94</Z>
      <Wide>6</Wide>
    </Point>
    <Point>
      <X>-1077.61</X>
      <Y>-3301.7</Y>
      <Z>12.94</Z>
      <Wide>6</Wide>
    </Point>
    <Point>
      <X>-1078.49</X>
      <Y>-3301.22</Y>
      <Z>12.94</Z>
      <Wide>6</Wide>
    </Point>
    <Point>
      <X>-1079.27</X>
      <Y>-3300.78</Y>
      <Z>12.94</Z>
      <Wide>6</Wide>
    </Point>
    <Point>
      <X>-1080.23</X>
      <Y>-3300.25</Y>
      <Z>12.94</Z>
      <Wide>6</Wide>
    </Point>
    <Point>
      <X>-1081.11</X>
      <Y>-3299.76</Y>
      <Z>12.94</Z>
      <Wide>6</Wide>
    </Point>
    <Point>
      <X>-1081.9</X>
      <Y>-3299.32</Y>
      <Z>12.94</Z>
      <Wide>6</Wide>
    </Point>
    <Point>
      <X>-1082.77</X>
      <Y>-3298.84</Y>
      <Z>12.94</Z>
      <Wide>6</Wide>
    </Point>
    <Point>
      <X>-1083.73</X>
      <Y>-3298.31</Y>
      <Z>12.94</Z>
      <Wide>6</Wide>
    </Point>
    <Point>
      <X>-1084.52</X>
      <Y>-3297.87</Y>
      <Z>12.94</Z>
      <Wide>6</Wide>
    </Point>
    <Point>
      <X>-1085.48</X>
      <Y>-3297.33</Y>
      <Z>12.94</Z>
      <Wide>6</Wide>
    </Point>
    <Point>
      <X>-1086.35</X>
      <Y>-3296.85</Y>
      <Z>12.94</Z>
      <Wide>6</Wide>
    </Point>
    <Point>
      <X>-1087.14</X>
      <Y>-3296.41</Y>
      <Z>12.94</Z>
      <Wide>6</Wide>
    </Point>
    <Point>
      <X>-1088.1</X>
      <Y>-3295.88</Y>
      <Z>12.94</Z>
      <Wide>6</Wide>
    </Point>
    <Point>
      <X>-1088.97</X>
      <Y>-3295.39</Y>
      <Z>12.94</Z>
      <Wide>6</Wide>
    </Point>
    <Point>
      <X>-1089.85</X>
      <Y>-3294.9</Y>
      <Z>12.94</Z>
      <Wide>6</Wide>
    </Point>
    <Point>
      <X>-1090.64</X>
      <Y>-3294.47</Y>
      <Z>12.94</Z>
      <Wide>6</Wide>
    </Point>
    <Point>
      <X>-1091.6</X>
      <Y>-3293.93</Y>
      <Z>12.94</Z>
      <Wide>6</Wide>
    </Point>
    <Point>
      <X>-1092.39</X>
      <Y>-3293.49</Y>
      <Z>12.94</Z>
      <Wide>6</Wide>
    </Point>
    <Point>
      <X>-1093.34</X>
      <Y>-3292.96</Y>
      <Z>12.94</Z>
      <Wide>6</Wide>
    </Point>
    <Point>
      <X>-1094.22</X>
      <Y>-3292.47</Y>
      <Z>12.94</Z>
      <Wide>6</Wide>
    </Point>
    <Point>
      <X>-1095.09</X>
      <Y>-3291.99</Y>
      <Z>12.94</Z>
      <Wide>6</Wide>
    </Point>
    <Point>
      <X>-1095.97</X>
      <Y>-3291.5</Y>
      <Z>12.94</Z>
      <Wide>6</Wide>
    </Point>
    <Point>
      <X>-1096.84</X>
      <Y>-3291.02</Y>
      <Z>12.94</Z>
      <Wide>6</Wide>
    </Point>
    <Point>
      <X>-1097.63</X>
      <Y>-3290.58</Y>
      <Z>12.94</Z>
      <Wide>6</Wide>
    </Point>
    <Point>
      <X>-1098.59</X>
      <Y>-3290.04</Y>
      <Z>12.94</Z>
      <Wide>6</Wide>
    </Point>
    <Point>
      <X>-1099.38</X>
      <Y>-3289.6</Y>
      <Z>12.94</Z>
      <Wide>6</Wide>
    </Point>
    <Point>
      <X>-1100.33</X>
      <Y>-3289.07</Y>
      <Z>12.94</Z>
      <Wide>6</Wide>
    </Point>
    <Point>
      <X>-1101.12</X>
      <Y>-3288.63</Y>
      <Z>12.94</Z>
      <Wide>6</Wide>
    </Point>
    <Point>
      <X>-1102</X>
      <Y>-3288.15</Y>
      <Z>12.94</Z>
      <Wide>6</Wide>
    </Point>
    <Point>
      <X>-1102.87</X>
      <Y>-3287.66</Y>
      <Z>12.94</Z>
      <Wide>6</Wide>
    </Point>
    <Point>
      <X>-1103.75</X>
      <Y>-3287.17</Y>
      <Z>12.94</Z>
      <Wide>6</Wide>
    </Point>
    <Point>
      <X>-1104.62</X>
      <Y>-3286.69</Y>
      <Z>12.94</Z>
      <Wide>6</Wide>
    </Point>
    <Point>
      <X>-1105.58</X>
      <Y>-3286.15</Y>
      <Z>12.94</Z>
      <Wide>6</Wide>
    </Point>
    <Point>
      <X>-1106.37</X>
      <Y>-3285.71</Y>
      <Z>12.94</Z>
      <Wide>6</Wide>
      <RacingLine>-4</RacingLine>
    </Point>
    <Point>
      <X>-1107.33</X>
      <Y>-3285.18</Y>
      <Z>12.94</Z>
      <Wide>6</Wide>
    </Point>
    <Point>
      <X>-1108.11</X>
      <Y>-3284.74</Y>
      <Z>12.94</Z>
      <Wide>6</Wide>
    </Point>
    <Point>
      <X>-1109.07</X>
      <Y>-3284.21</Y>
      <Z>12.94</Z>
      <Wide>6</Wide>
    </Point>
    <Point>
      <X>-1109.86</X>
      <Y>-3283.77</Y>
      <Z>12.94</Z>
      <Wide>6</Wide>
    </Point>
    <Point>
      <X>-1111.58</X>
      <Y>-3282.81</Y>
      <Z>12.94</Z>
      <Wide>6</Wide>
    </Point>
    <Point>
      <X>-1112.48</X>
      <Y>-3282.31</Y>
      <Z>12.94</Z>
      <Wide>6</Wide>
    </Point>
    <Point>
      <X>-1113.35</X>
      <Y>-3281.82</Y>
      <Z>12.94</Z>
      <Wide>6</Wide>
    </Point>
    <Point>
      <X>-1114.2</X>
      <Y>-3281.34</Y>
      <Z>12.94</Z>
      <Wide>6</Wide>
    </Point>
    <Point>
      <X>-1115.1</X>
      <Y>-3280.84</Y>
      <Z>12.94</Z>
      <Wide>6</Wide>
    </Point>
    <Point>
      <X>-1115.95</X>
      <Y>-3280.37</Y>
      <Z>12.94</Z>
      <Wide>6</Wide>
    </Point>
    <Point>
      <X>-1116.82</X>
      <Y>-3279.88</Y>
      <Z>12.94</Z>
      <Wide>6</Wide>
    </Point>
    <Point>
      <X>-1117.72</X>
      <Y>-3279.38</Y>
      <Z>12.94</Z>
      <Wide>6</Wide>
    </Point>
    <Point>
      <X>-1118.57</X>
      <Y>-3278.9</Y>
      <Z>12.94</Z>
      <Wide>6</Wide>
    </Point>
    <Point>
      <X>-1119.46</X>
      <Y>-3278.4</Y>
      <Z>12.94</Z>
      <Wide>6</Wide>
    </Point>
    <Point>
      <X>-1120.31</X>
      <Y>-3277.92</Y>
      <Z>12.94</Z>
      <Wide>6</Wide>
    </Point>
    <Point>
      <X>-1121.21</X>
      <Y>-3277.42</Y>
      <Z>12.94</Z>
      <Wide>6</Wide>
    </Point>
    <Point>
      <X>-1122.05</X>
      <Y>-3276.94</Y>
      <Z>12.94</Z>
      <Wide>6</Wide>
    </Point>
    <Point>
      <X>-1122.95</X>
      <Y>-3276.44</Y>
      <Z>12.94</Z>
      <Wide>6</Wide>
    </Point>
    <Point>
      <X>-1123.8</X>
      <Y>-3275.96</Y>
      <Z>12.94</Z>
      <Wide>6</Wide>
    </Point>
    <Point>
      <X>-1124.67</X>
      <Y>-3275.47</Y>
      <Z>12.94</Z>
      <Wide>6</Wide>
    </Point>
    <Point>
      <X>-1126.74</X>
      <Y>-3274.21</Y>
      <Z>12.94</Z>
      <Wide>6</Wide>
    </Point>
    <Point>
      <X>-1127.88</X>
      <Y>-3273.44</Y>
      <Z>12.94</Z>
      <Wide>6</Wide>
    </Point>
    <Point>
      <X>-1128.94</X>
      <Y>-3272.64</Y>
      <Z>12.94</Z>
      <Wide>6</Wide>
    </Point>
    <Point>
      <X>-1129.93</X>
      <Y>-3271.82</Y>
      <Z>12.94</Z>
      <Wide>6</Wide>
    </Point>
    <Point>
      <X>-1130.83</X>
      <Y>-3270.99</Y>
      <Z>12.94</Z>
      <Wide>6</Wide>
    </Point>
    <Point>
      <X>-1131.66</X>
      <Y>-3270.13</Y>
      <Z>12.94</Z>
      <Wide>6</Wide>
    </Point>
    <Point>
      <X>-1132.42</X>
      <Y>-3269.26</Y>
      <Z>12.94</Z>
      <Wide>6</Wide>
    </Point>
    <Point>
      <X>-1133.09</X>
      <Y>-3268.37</Y>
      <Z>12.94</Z>
      <Wide>6</Wide>
    </Point>
    <Point>
      <X>-1133.69</X>
      <Y>-3267.46</Y>
      <Z>12.94</Z>
      <Wide>6</Wide>
    </Point>
    <Point>
      <X>-1134.2</X>
      <Y>-3266.55</Y>
      <Z>12.94</Z>
      <Wide>6</Wide>
      <RacingLine>4</RacingLine>
    </Point>
    <Point>
      <X>-1134.64</X>
      <Y>-3265.6</Y>
      <Z>12.94</Z>
      <Wide>6</Wide>
    </Point>
    <Point>
      <X>-1135</X>
      <Y>-3264.66</Y>
      <Z>12.94</Z>
      <Wide>6</Wide>
    </Point>
    <Point>
      <X>-1135.29</X>
      <Y>-3263.7</Y>
      <Z>12.94</Z>
      <Wide>6</Wide>
    </Point>
    <Point>
      <X>-1135.5</X>
      <Y>-3262.72</Y>
      <Z>12.94</Z>
      <Wide>6</Wide>
    </Point>
    <Point>
      <X>-1135.64</X>
      <Y>-3261.73</Y>
      <Z>12.94</Z>
      <Wide>6</Wide>
    </Point>
    <Point>
      <X>-1135.71</X>
      <Y>-3260.72</Y>
      <Z>12.94</Z>
      <Wide>6</Wide>
    </Point>
    <Point>
      <X>-1135.7</X>
      <Y>-3259.71</Y>
      <Z>12.94</Z>
      <Wide>6</Wide>
    </Point>
    <Point>
      <X>-1135.63</X>
      <Y>-3258.66</Y>
      <Z>12.94</Z>
      <Wide>6</Wide>
    </Point>
    <Point>
      <X>-1135.48</X>
      <Y>-3257.63</Y>
      <Z>12.94</Z>
      <Wide>6</Wide>
    </Point>
    <Point>
      <X>-1135.27</X>
      <Y>-3256.57</Y>
      <Z>12.94</Z>
      <Wide>6</Wide>
    </Point>
    <Point>
      <X>-1134.77</X>
      <Y>-3254.49</Y>
      <Z>12.94</Z>
      <Wide>6</Wide>
    </Point>
    <Point>
      <X>-1134.45</X>
      <Y>-3253.41</Y>
      <Z>12.94</Z>
      <Wide>6</Wide>
    </Point>
    <Point>
      <X>-1134.09</X>
      <Y>-3252.38</Y>
      <Z>12.94</Z>
      <Wide>6</Wide>
    </Point>
    <Point>
      <X>-1133.7</X>
      <Y>-3251.35</Y>
      <Z>12.94</Z>
      <Wide>6</Wide>
    </Point>
    <Point>
      <X>-1133.27</X>
      <Y>-3250.39</Y>
      <Z>12.94</Z>
      <Wide>6</Wide>
    </Point>
    <Point>
      <X>-1132.8</X>
      <Y>-3249.43</Y>
      <Z>12.94</Z>
      <Wide>6</Wide>
    </Point>
    <Point>
      <X>-1132.31</X>
      <Y>-3248.53</Y>
      <Z>12.94</Z>
      <Wide>6</Wide>
    </Point>
    <Point>
      <X>-1131.76</X>
      <Y>-3247.64</Y>
      <Z>12.94</Z>
      <Wide>6</Wide>
    </Point>
    <Point>
      <X>-1131.19</X>
      <Y>-3246.81</Y>
      <Z>12.94</Z>
      <Wide>6</Wide>
    </Point>
    <Point>
      <X>-1130.59</X>
      <Y>-3246.01</Y>
      <Z>12.94</Z>
      <Wide>6</Wide>
      <RacingLine>4</RacingLine>
    </Point>
    <Point>
      <X>-1129.95</X>
      <Y>-3245.23</Y>
      <Z>12.94</Z>
      <Wide>6</Wide>
    </Point>
    <Point>
      <X>-1129.28</X>
      <Y>-3244.49</Y>
      <Z>12.94</Z>
      <Wide>6</Wide>
      <RacingLine>-4</RacingLine>
    </Point>
    <Point>
      <X>-1128.57</X>
      <Y>-3243.79</Y>
      <Z>12.94</Z>
      <Wide>6</Wide>
    </Point>
    <Point>
      <X>-1127.82</X>
      <Y>-3243.11</Y>
      <Z>12.94</Z>
      <Wide>6</Wide>
    </Point>
    <Point>
      <X>-1127.05</X>
      <Y>-3242.47</Y>
      <Z>12.94</Z>
      <Wide>6</Wide>
    </Point>
    <Point>
      <X>-1126.23</X>
      <Y>-3241.86</Y>
      <Z>12.94</Z>
      <Wide>6</Wide>
    </Point>
    <Point>
      <X>-1125.4</X>
      <Y>-3241.29</Y>
      <Z>12.94</Z>
      <Wide>6</Wide>
    </Point>
    <Point>
      <X>-1124.52</X>
      <Y>-3240.75</Y>
      <Z>12.94</Z>
      <Wide>6</Wide>
    </Point>
    <Point>
      <X>-1123.62</X>
      <Y>-3240.24</Y>
      <Z>12.95</Z>
      <Wide>6</Wide>
    </Point>
    <Point>
      <X>-1122.66</X>
      <Y>-3239.76</Y>
      <Z>12.95</Z>
      <Wide>6</Wide>
    </Point>
    <Point>
      <X>-1121.7</X>
      <Y>-3239.32</Y>
      <Z>12.94</Z>
      <Wide>6</Wide>
    </Point>
    <Point>
      <X>-1120.67</X>
      <Y>-3238.9</Y>
      <Z>12.94</Z>
      <Wide>6</Wide>
    </Point>
    <Point>
      <X>-1118.86</X>
      <Y>-3238.16</Y>
      <Z>12.94</Z>
      <Wide>6</Wide>
    </Point>
    <Point>
      <X>-1117.93</X>
      <Y>-3237.78</Y>
      <Z>12.94</Z>
      <Wide>6</Wide>
    </Point>
    <Point>
      <X>-1117.01</X>
      <Y>-3237.41</Y>
      <Z>12.94</Z>
      <Wide>6</Wide>
    </Point>
    <Point>
      <X>-1116.08</X>
      <Y>-3237.04</Y>
      <Z>12.94</Z>
      <Wide>6</Wide>
    </Point>
    <Point>
      <X>-1115.15</X>
      <Y>-3236.67</Y>
      <Z>12.94</Z>
      <Wide>6</Wide>
    </Point>
    <Point>
      <X>-1114.22</X>
      <Y>-3236.3</Y>
      <Z>12.94</Z>
      <Wide>6</Wide>
    </Point>
    <Point>
      <X>-1113.28</X>
      <Y>-3235.93</Y>
      <Z>12.94</Z>
      <Wide>6</Wide>
    </Point>
    <Point>
      <X>-1112.35</X>
      <Y>-3235.57</Y>
      <Z>12.94</Z>
      <Wide>6</Wide>
    </Point>
    <Point>
      <X>-1111.42</X>
      <Y>-3235.21</Y>
      <Z>12.94</Z>
      <Wide>6</Wide>
    </Point>
    <Point>
      <X>-1110.49</X>
      <Y>-3234.85</Y>
      <Z>12.94</Z>
      <Wide>6</Wide>
    </Point>
    <Point>
      <X>-1109.55</X>
      <Y>-3234.49</Y>
      <Z>12.94</Z>
      <Wide>6</Wide>
    </Point>
    <Point>
      <X>-1108.62</X>
      <Y>-3234.13</Y>
      <Z>12.94</Z>
      <Wide>6</Wide>
    </Point>
    <Point>
      <X>-1107.68</X>
      <Y>-3233.78</Y>
      <Z>12.94</Z>
      <Wide>6</Wide>
    </Point>
    <Point>
      <X>-1106.75</X>
      <Y>-3233.42</Y>
      <Z>12.94</Z>
      <Wide>6</Wide>
    </Point>
    <Point>
      <X>-1105.81</X>
      <Y>-3233.07</Y>
      <Z>12.94</Z>
      <Wide>6</Wide>
    </Point>
    <Point>
      <X>-1104.87</X>
      <Y>-3232.72</Y>
      <Z>12.94</Z>
      <Wide>6</Wide>
    </Point>
    <Point>
      <X>-1103.93</X>
      <Y>-3232.38</Y>
      <Z>12.94</Z>
      <Wide>6</Wide>
    </Point>
    <Point>
      <X>-1103</X>
      <Y>-3232.03</Y>
      <Z>12.94</Z>
      <Wide>6</Wide>
    </Point>
    <Point>
      <X>-1102.06</X>
      <Y>-3231.69</Y>
      <Z>12.94</Z>
      <Wide>6</Wide>
    </Point>
    <Point>
      <X>-1101.07</X>
      <Y>-3231.33</Y>
      <Z>12.94</Z>
      <Wide>6</Wide>
    </Point>
    <Point>
      <X>-1100.13</X>
      <Y>-3230.99</Y>
      <Z>12.94</Z>
      <Wide>6</Wide>
    </Point>
    <Point>
      <X>-1099.19</X>
      <Y>-3230.66</Y>
      <Z>12.94</Z>
      <Wide>6</Wide>
    </Point>
    <Point>
      <X>-1098.29</X>
      <Y>-3230.34</Y>
      <Z>12.94</Z>
      <Wide>6</Wide>
    </Point>
    <Point>
      <X>-1097.35</X>
      <Y>-3230.01</Y>
      <Z>12.94</Z>
      <Wide>6</Wide>
    </Point>
    <Point>
      <X>-1096.36</X>
      <Y>-3229.66</Y>
      <Z>12.94</Z>
      <Wide>6</Wide>
    </Point>
    <Point>
      <X>-1095.46</X>
      <Y>-3229.35</Y>
      <Z>12.94</Z>
      <Wide>6</Wide>
    </Point>
    <Point>
      <X>-1094.52</X>
      <Y>-3229.02</Y>
      <Z>12.94</Z>
      <Wide>6</Wide>
    </Point>
    <Point>
      <X>-1093.53</X>
      <Y>-3228.68</Y>
      <Z>12.94</Z>
      <Wide>6</Wide>
    </Point>
    <Point>
      <X>-1092.62</X>
      <Y>-3228.37</Y>
      <Z>12.94</Z>
      <Wide>6</Wide>
    </Point>
    <Point>
      <X>-1091.68</X>
      <Y>-3228.05</Y>
      <Z>12.94</Z>
      <Wide>6</Wide>
    </Point>
    <Point>
      <X>-1090.73</X>
      <Y>-3227.73</Y>
      <Z>12.94</Z>
      <Wide>6</Wide>
    </Point>
    <Point>
      <X>-1089.78</X>
      <Y>-3227.41</Y>
      <Z>12.94</Z>
      <Wide>6</Wide>
    </Point>
    <Point>
      <X>-1088.83</X>
      <Y>-3227.09</Y>
      <Z>12.94</Z>
      <Wide>6</Wide>
    </Point>
    <Point>
      <X>-1087.88</X>
      <Y>-3226.78</Y>
      <Z>12.94</Z>
      <Wide>6</Wide>
    </Point>
    <Point>
      <X>-1086.93</X>
      <Y>-3226.47</Y>
      <Z>12.94</Z>
      <Wide>6</Wide>
    </Point>
    <Point>
      <X>-1085.98</X>
      <Y>-3226.16</Y>
      <Z>12.94</Z>
      <Wide>6</Wide>
    </Point>
    <Point>
      <X>-1085.03</X>
      <Y>-3225.85</Y>
      <Z>12.94</Z>
      <Wide>6</Wide>
    </Point>
    <Point>
      <X>-1084.08</X>
      <Y>-3225.54</Y>
      <Z>12.94</Z>
      <Wide>6</Wide>
      <RacingLine>0</RacingLine>
    </Point>
    <Point>
      <X>-1083.12</X>
      <Y>-3225.24</Y>
      <Z>12.94</Z>
      <Wide>6</Wide>
    </Point>
    <Point>
      <X>-1082.17</X>
      <Y>-3224.94</Y>
      <Z>12.94</Z>
      <Wide>6</Wide>
    </Point>
    <Point>
      <X>-1081.21</X>
      <Y>-3224.64</Y>
      <Z>12.94</Z>
      <Wide>6</Wide>
    </Point>
    <Point>
      <X>-1080.26</X>
      <Y>-3224.34</Y>
      <Z>12.94</Z>
      <Wide>6</Wide>
    </Point>
    <Point>
      <X>-1079.3</X>
      <Y>-3224.04</Y>
      <Z>12.94</Z>
      <Wide>6</Wide>
    </Point>
    <Point>
      <X>-1078.35</X>
      <Y>-3223.75</Y>
      <Z>12.94</Z>
      <Wide>6</Wide>
    </Point>
    <Point>
      <X>-1077.39</X>
      <Y>-3223.46</Y>
      <Z>12.94</Z>
      <Wide>6</Wide>
    </Point>
    <Point>
      <X>-1076.43</X>
      <Y>-3223.17</Y>
      <Z>12.94</Z>
      <Wide>6</Wide>
    </Point>
    <Point>
      <X>-1075.47</X>
      <Y>-3222.88</Y>
      <Z>12.94</Z>
      <Wide>6</Wide>
    </Point>
    <Point>
      <X>-1073.57</X>
      <Y>-3222.31</Y>
      <Z>12.94</Z>
      <Wide>6</Wide>
    </Point>
    <Point>
      <X>-1072.61</X>
      <Y>-3222.03</Y>
      <Z>12.94</Z>
      <Wide>6</Wide>
    </Point>
    <Point>
      <X>-1071.65</X>
      <Y>-3221.75</Y>
      <Z>12.94</Z>
      <Wide>6</Wide>
    </Point>
    <Point>
      <X>-1070.67</X>
      <Y>-3221.48</Y>
      <Z>12.94</Z>
      <Wide>6</Wide>
    </Point>
    <Point>
      <X>-1069.72</X>
      <Y>-3221.21</Y>
      <Z>12.94</Z>
      <Wide>6</Wide>
    </Point>
    <Point>
      <X>-1068.75</X>
      <Y>-3220.94</Y>
      <Z>12.94</Z>
      <Wide>6</Wide>
    </Point>
    <Point>
      <X>-1067.8</X>
      <Y>-3220.68</Y>
      <Z>12.94</Z>
      <Wide>6</Wide>
    </Point>
    <Point>
      <X>-1066.83</X>
      <Y>-3220.42</Y>
      <Z>12.94</Z>
      <Wide>6</Wide>
    </Point>
    <Point>
      <X>-1065.85</X>
      <Y>-3220.15</Y>
      <Z>12.94</Z>
      <Wide>6</Wide>
    </Point>
    <Point>
      <X>-1064.9</X>
      <Y>-3219.9</Y>
      <Z>12.94</Z>
      <Wide>6</Wide>
    </Point>
    <Point>
      <X>-1063.93</X>
      <Y>-3219.65</Y>
      <Z>12.94</Z>
      <Wide>6</Wide>
    </Point>
    <Point>
      <X>-1062.96</X>
      <Y>-3219.4</Y>
      <Z>12.94</Z>
      <Wide>6</Wide>
    </Point>
    <Point>
      <X>-1061.99</X>
      <Y>-3219.16</Y>
      <Z>12.94</Z>
      <Wide>6</Wide>
    </Point>
    <Point>
      <X>-1061.02</X>
      <Y>-3218.91</Y>
      <Z>12.94</Z>
      <Wide>6</Wide>
    </Point>
    <Point>
      <X>-1060.05</X>
      <Y>-3218.67</Y>
      <Z>12.94</Z>
      <Wide>6</Wide>
    </Point>
    <Point>
      <X>-1058.03</X>
      <Y>-3218.22</Y>
      <Z>12.94</Z>
      <Wide>6</Wide>
    </Point>
    <Point>
      <X>-1056.99</X>
      <Y>-3218.02</Y>
      <Z>12.94</Z>
      <Wide>6</Wide>
    </Point>
    <Point>
      <X>-1055.95</X>
      <Y>-3217.84</Y>
      <Z>12.94</Z>
      <Wide>6</Wide>
    </Point>
    <Point>
      <X>-1054.92</X>
      <Y>-3217.68</Y>
      <Z>12.94</Z>
      <Wide>6</Wide>
    </Point>
    <Point>
      <X>-1053.89</X>
      <Y>-3217.55</Y>
      <Z>12.94</Z>
      <Wide>6</Wide>
    </Point>
    <Point>
      <X>-1052.82</X>
      <Y>-3217.44</Y>
      <Z>12.94</Z>
      <Wide>6</Wide>
    </Point>
    <Point>
      <X>-1051.8</X>
      <Y>-3217.36</Y>
      <Z>12.94</Z>
      <Wide>6</Wide>
    </Point>
    <Point>
      <X>-1050.78</X>
      <Y>-3217.29</Y>
      <Z>12.94</Z>
      <Wide>6</Wide>
    </Point>
    <Point>
      <X>-1049.76</X>
      <Y>-3217.26</Y>
      <Z>12.94</Z>
      <Wide>6</Wide>
    </Point>
    <Point>
      <X>-1048.75</X>
      <Y>-3217.24</Y>
      <Z>12.94</Z>
      <Wide>6</Wide>
    </Point>
    <Point>
      <X>-1047.74</X>
      <Y>-3217.25</Y>
      <Z>12.94</Z>
      <Wide>6</Wide>
    </Point>
    <Point>
      <X>-1046.73</X>
      <Y>-3217.28</Y>
      <Z>12.94</Z>
      <Wide>6</Wide>
    </Point>
    <Point>
      <X>-1045.73</X>
      <Y>-3217.34</Y>
      <Z>12.94</Z>
      <Wide>6</Wide>
    </Point>
    <Point>
      <X>-1044.73</X>
      <Y>-3217.42</Y>
      <Z>12.94</Z>
      <Wide>6</Wide>
    </Point>
    <Point>
      <X>-1043.74</X>
      <Y>-3217.52</Y>
      <Z>12.94</Z>
      <Wide>6</Wide>
    </Point>
    <Point>
      <X>-1042.74</X>
      <Y>-3217.65</Y>
      <Z>12.94</Z>
      <Wide>6</Wide>
    </Point>
    <Point>
      <X>-1041.75</X>
      <Y>-3217.8</Y>
      <Z>12.94</Z>
      <Wide>6</Wide>
    </Point>
    <Point>
      <X>-1040.77</X>
      <Y>-3217.97</Y>
      <Z>12.94</Z>
      <Wide>6</Wide>
    </Point>
    <Point>
      <X>-1039.79</X>
      <Y>-3218.17</Y>
      <Z>12.94</Z>
      <Wide>6</Wide>
    </Point>
    <Point>
      <X>-1038.81</X>
      <Y>-3218.39</Y>
      <Z>12.94</Z>
      <Wide>6</Wide>
    </Point>
    <Point>
      <X>-1037.83</X>
      <Y>-3218.63</Y>
      <Z>12.94</Z>
      <Wide>6</Wide>
    </Point>
    <Point>
      <X>-1036.86</X>
      <Y>-3218.9</Y>
      <Z>12.94</Z>
      <Wide>6</Wide>
    </Point>
    <Point>
      <X>-1035.9</X>
      <Y>-3219.19</Y>
      <Z>12.94</Z>
      <Wide>6</Wide>
    </Point>
    <Point>
      <X>-1034.93</X>
      <Y>-3219.5</Y>
      <Z>12.94</Z>
      <Wide>6</Wide>
    </Point>
    <Point>
      <X>-1033.97</X>
      <Y>-3219.84</Y>
      <Z>12.94</Z>
      <Wide>6</Wide>
    </Point>
    <Point>
      <X>-1033.01</X>
      <Y>-3220.2</Y>
      <Z>12.94</Z>
      <Wide>6</Wide>
      <RacingLine>0</RacingLine>
    </Point>
    <Point>
      <X>-1032.06</X>
      <Y>-3220.58</Y>
      <Z>12.94</Z>
      <Wide>6</Wide>
    </Point>
    <Point>
      <X>-1031.11</X>
      <Y>-3220.99</Y>
      <Z>12.94</Z>
      <Wide>6</Wide>
    </Point>
    <Point>
      <X>-1030.2</X>
      <Y>-3221.4</Y>
      <Z>12.94</Z>
      <Wide>6</Wide>
    </Point>
    <Point>
      <X>-1029.25</X>
      <Y>-3221.85</Y>
      <Z>12.94</Z>
      <Wide>6</Wide>
    </Point>
    <Point>
      <X>-1028.31</X>
      <Y>-3222.33</Y>
      <Z>12.94</Z>
      <Wide>6</Wide>
    </Point>
    <Point>
      <X>-1027.38</X>
      <Y>-3222.83</Y>
      <Z>12.94</Z>
      <Wide>6</Wide>
    </Point>
    <Point>
      <X>-1026.44</X>
      <Y>-3223.35</Y>
      <Z>12.94</Z>
      <Wide>6</Wide>
    </Point>
    <Point>
      <X>-1025.55</X>
      <Y>-3223.88</Y>
      <Z>12.94</Z>
      <Wide>6</Wide>
    </Point>
    <Point>
      <X>-1023.84</X>
      <Y>-3224.87</Y>
      <Z>12.94</Z>
      <Wide>6</Wide>
    </Point>
    <Point>
      <X>-1022.98</X>
      <Y>-3225.38</Y>
      <Z>12.94</Z>
      <Wide>6</Wide>
    </Point>
    <Point>
      <X>-1022.11</X>
      <Y>-3225.88</Y>
      <Z>12.94</Z>
      <Wide>6</Wide>
    </Point>
    <Point>
      <X>-1021.22</X>
      <Y>-3226.39</Y>
      <Z>12.94</Z>
      <Wide>6</Wide>
    </Point>
    <Point>
      <X>-1020.38</X>
      <Y>-3226.88</Y>
      <Z>12.94</Z>
      <Wide>6</Wide>
    </Point>
    <Point>
      <X>-1019.51</X>
      <Y>-3227.38</Y>
      <Z>12.94</Z>
      <Wide>6</Wide>
    </Point>
    <Point>
      <X>-1018.65</X>
      <Y>-3227.87</Y>
      <Z>12.94</Z>
      <Wide>6</Wide>
    </Point>
    <Point>
      <X>-1017.78</X>
      <Y>-3228.37</Y>
      <Z>12.94</Z>
      <Wide>6</Wide>
    </Point>
    <Point>
      <X>-1016.89</X>
      <Y>-3228.88</Y>
      <Z>12.94</Z>
      <Wide>6</Wide>
    </Point>
    <Point>
      <X>-1016.04</X>
      <Y>-3229.36</Y>
      <Z>12.94</Z>
      <Wide>6</Wide>
    </Point>
    <Point>
      <X>-1015.15</X>
      <Y>-3229.87</Y>
      <Z>12.94</Z>
      <Wide>6</Wide>
    </Point>
    <Point>
      <X>-1014.28</X>
      <Y>-3230.36</Y>
      <Z>12.94</Z>
      <Wide>6</Wide>
    </Point>
    <Point>
      <X>-1013.43</X>
      <Y>-3230.83</Y>
      <Z>12.94</Z>
      <Wide>6</Wide>
    </Point>
    <Point>
      <X>-1012.53</X>
      <Y>-3231.34</Y>
      <Z>12.94</Z>
      <Wide>6</Wide>
    </Point>
    <Point>
      <X>-1011.66</X>
      <Y>-3231.82</Y>
      <Z>12.94</Z>
      <Wide>6</Wide>
    </Point>
    <Point>
      <X>-1010.81</X>
      <Y>-3232.3</Y>
      <Z>12.94</Z>
      <Wide>6</Wide>
    </Point>
    <Point>
      <X>-1009.91</X>
      <Y>-3232.79</Y>
      <Z>12.94</Z>
      <Wide>6</Wide>
    </Point>
    <Point>
      <X>-1009.06</X>
      <Y>-3233.27</Y>
      <Z>12.94</Z>
      <Wide>6</Wide>
    </Point>
    <Point>
      <X>-1008.18</X>
      <Y>-3233.75</Y>
      <Z>12.94</Z>
      <Wide>6</Wide>
    </Point>
    <Point>
      <X>-1007.28</X>
      <Y>-3234.24</Y>
      <Z>12.94</Z>
      <Wide>6</Wide>
    </Point>
    <Point>
      <X>-1006.43</X>
      <Y>-3234.71</Y>
      <Z>12.94</Z>
      <Wide>6</Wide>
    </Point>
    <Point>
      <X>-1005.55</X>
      <Y>-3235.19</Y>
      <Z>12.94</Z>
      <Wide>6</Wide>
    </Point>
    <Point>
      <X>-1004.67</X>
      <Y>-3235.67</Y>
      <Z>12.94</Z>
      <Wide>6</Wide>
    </Point>
    <Point>
      <X>-1003.79</X>
      <Y>-3236.14</Y>
      <Z>12.94</Z>
      <Wide>6</Wide>
    </Point>
    <Point>
      <X>-1002.91</X>
      <Y>-3236.62</Y>
      <Z>12.94</Z>
      <Wide>6</Wide>
    </Point>
    <Point>
      <X>-1002.03</X>
      <Y>-3237.09</Y>
      <Z>12.94</Z>
      <Wide>6</Wide>
      <RacingLine>0</RacingLine>
    </Point>
    <Point>
      <X>-1001.15</X>
      <Y>-3237.57</Y>
      <Z>12.94</Z>
      <Wide>6</Wide>
    </Point>
  </Route>
  <Objects>
    <Prop>
      <Model>1668169185</Model>
      <TextureVariation>0</TextureVariation>
      <X>-998.42</X>
      <Y>-3239.22</Y>
      <Z>12.96</Z>
      <RotX>0</RotX>
      <RotY>0</RotY>
      <RotZ>-119.87</RotZ>
      <IsDynamic>False</IsDynamic>
    </Prop>
  </Objects>
</Data>