<Data>
  <!-- Flares='204255051' would put flares at the startline.
 The value is actually three RGB values from 000 to 255.
 255255255 would be white. -->
  <Trackside Frozen="true" Flares="false">
    <Model>prop_wheel_tyre</Model>
    <Frecuency>20</Frecuency>
  </Trackside>
  <Name>Stock Prison</Name>
  <Tags>
    <Tag>Route 68</Tag>
    <Tag>GrandSenoraDesert</Tag>
  </Tags>
  <Route>
    <Point>
      <X>1893.87</X>
      <Y>2788.39</Y>
      <Z>44.41</Z>
      <Wide>5</Wide>
    </Point>
    <Point>
      <X>1893.3</X>
      <Y>2789.21</Y>
      <Z>44.41</Z>
      <Wide>5</Wide>
    </Point>
    <Point>
      <X>1892.17</X>
      <Y>2790.86</Y>
      <Z>44.43</Z>
      <Wide>5</Wide>
    </Point>
    <Point>
      <X>1891.6</X>
      <Y>2791.68</Y>
      <Z>44.44</Z>
      <Wide>5</Wide>
    </Point>
    <Point>
      <X>1891.03</X>
      <Y>2792.5</Y>
      <Z>44.45</Z>
      <Wide>5</Wide>
    </Point>
    <Point>
      <X>1890.46</X>
      <Y>2793.32</Y>
      <Z>44.47</Z>
      <Wide>5</Wide>
    </Point>
    <Point>
      <X>1889.89</X>
      <Y>2794.15</Y>
      <Z>44.49</Z>
      <Wide>5</Wide>
    </Point>
    <Point>
      <X>1889.32</X>
      <Y>2794.97</Y>
      <Z>44.5</Z>
      <Wide>5</Wide>
    </Point>
    <Point>
      <X>1888.75</X>
      <Y>2795.79</Y>
      <Z>44.52</Z>
      <Wide>5</Wide>
    </Point>
    <Point>
      <X>1888.18</X>
      <Y>2796.61</Y>
      <Z>44.52</Z>
      <Wide>5</Wide>
    </Point>
    <Point>
      <X>1887.61</X>
      <Y>2797.43</Y>
      <Z>44.52</Z>
      <Wide>5</Wide>
    </Point>
    <Point>
      <X>1887.04</X>
      <Y>2798.25</Y>
      <Z>44.52</Z>
      <Wide>5</Wide>
    </Point>
    <Point>
      <X>1886.46</X>
      <Y>2799.07</Y>
      <Z>44.52</Z>
      <Wide>5</Wide>
    </Point>
    <Point>
      <X>1885.89</X>
      <Y>2799.89</Y>
      <Z>44.52</Z>
      <Wide>5</Wide>
    </Point>
    <Point>
      <X>1885.32</X>
      <Y>2800.71</Y>
      <Z>44.5</Z>
      <Wide>5</Wide>
    </Point>
    <Point>
      <X>1884.74</X>
      <Y>2801.53</Y>
      <Z>44.48</Z>
      <Wide>5</Wide>
    </Point>
    <Point>
      <X>1884.17</X>
      <Y>2802.34</Y>
      <Z>44.46</Z>
      <Wide>5</Wide>
    </Point>
    <Point>
      <X>1883.59</X>
      <Y>2803.16</Y>
      <Z>44.46</Z>
      <Wide>5</Wide>
    </Point>
    <Point>
      <X>1883.02</X>
      <Y>2803.98</Y>
      <Z>44.45</Z>
      <Wide>5</Wide>
    </Point>
    <Point>
      <X>1882.44</X>
      <Y>2804.8</Y>
      <Z>44.44</Z>
      <Wide>5</Wide>
    </Point>
    <Point>
      <X>1881.86</X>
      <Y>2805.61</Y>
      <Z>44.44</Z>
      <Wide>5</Wide>
    </Point>
    <Point>
      <X>1881.28</X>
      <Y>2806.43</Y>
      <Z>44.43</Z>
      <Wide>5</Wide>
    </Point>
    <Point>
      <X>1880.71</X>
      <Y>2807.25</Y>
      <Z>44.41</Z>
      <Wide>5</Wide>
    </Point>
    <Point>
      <X>1880.13</X>
      <Y>2808.06</Y>
      <Z>44.39</Z>
      <Wide>5</Wide>
    </Point>
    <Point>
      <X>1879.55</X>
      <Y>2808.88</Y>
      <Z>44.37</Z>
      <Wide>5</Wide>
    </Point>
    <Point>
      <X>1878.97</X>
      <Y>2809.69</Y>
      <Z>44.38</Z>
      <Wide>5</Wide>
    </Point>
    <Point>
      <X>1878.39</X>
      <Y>2810.51</Y>
      <Z>44.4</Z>
      <Wide>5</Wide>
    </Point>
    <Point>
      <X>1877.81</X>
      <Y>2811.32</Y>
      <Z>44.42</Z>
      <Wide>5</Wide>
    </Point>
    <Point>
      <X>1877.23</X>
      <Y>2812.13</Y>
      <Z>44.44</Z>
      <Wide>5</Wide>
    </Point>
    <Point>
      <X>1876.64</X>
      <Y>2812.95</Y>
      <Z>44.46</Z>
      <Wide>5</Wide>
    </Point>
    <Point>
      <X>1876.06</X>
      <Y>2813.76</Y>
      <Z>44.47</Z>
      <Wide>5</Wide>
    </Point>
    <Point>
      <X>1875.48</X>
      <Y>2814.57</Y>
      <Z>44.47</Z>
      <Wide>5</Wide>
    </Point>
    <Point>
      <X>1874.9</X>
      <Y>2815.38</Y>
      <Z>44.46</Z>
      <Wide>5</Wide>
    </Point>
    <Point>
      <X>1874.31</X>
      <Y>2816.2</Y>
      <Z>44.46</Z>
      <Wide>5</Wide>
    </Point>
    <Point>
      <X>1873.73</X>
      <Y>2817.01</Y>
      <Z>44.46</Z>
      <Wide>5</Wide>
    </Point>
    <Point>
      <X>1873.14</X>
      <Y>2817.82</Y>
      <Z>44.46</Z>
      <Wide>5</Wide>
    </Point>
    <Point>
      <X>1872.56</X>
      <Y>2818.63</Y>
      <Z>44.46</Z>
      <Wide>5</Wide>
    </Point>
    <Point>
      <X>1871.97</X>
      <Y>2819.44</Y>
      <Z>44.46</Z>
      <Wide>5</Wide>
    </Point>
    <Point>
      <X>1871.39</X>
      <Y>2820.25</Y>
      <Z>44.46</Z>
      <Wide>5</Wide>
    </Point>
    <Point>
      <X>1870.8</X>
      <Y>2821.06</Y>
      <Z>44.46</Z>
      <Wide>5</Wide>
    </Point>
    <Point>
      <X>1870.21</X>
      <Y>2821.87</Y>
      <Z>44.46</Z>
      <Wide>5</Wide>
    </Point>
    <Point>
      <X>1869.07</X>
      <Y>2823.43</Y>
      <Z>44.47</Z>
      <Wide>5</Wide>
    </Point>
    <Point>
      <X>1868.49</X>
      <Y>2824.21</Y>
      <Z>44.5</Z>
      <Wide>5</Wide>
    </Point>
    <Point>
      <X>1867.91</X>
      <Y>2824.99</Y>
      <Z>44.53</Z>
      <Wide>5</Wide>
    </Point>
    <Point>
      <X>1867.33</X>
      <Y>2825.76</Y>
      <Z>44.55</Z>
      <Wide>5</Wide>
    </Point>
    <Point>
      <X>1866.72</X>
      <Y>2826.56</Y>
      <Z>44.58</Z>
      <Wide>5</Wide>
    </Point>
    <Point>
      <X>1866.11</X>
      <Y>2827.36</Y>
      <Z>44.59</Z>
      <Wide>5</Wide>
    </Point>
    <Point>
      <X>1865.5</X>
      <Y>2828.15</Y>
      <Z>44.56</Z>
      <Wide>5</Wide>
    </Point>
    <Point>
      <X>1864.89</X>
      <Y>2828.94</Y>
      <Z>44.54</Z>
      <Wide>5</Wide>
    </Point>
    <Point>
      <X>1864.27</X>
      <Y>2829.73</Y>
      <Z>44.51</Z>
      <Wide>5</Wide>
    </Point>
    <Point>
      <X>1863.65</X>
      <Y>2830.51</Y>
      <Z>44.48</Z>
      <Wide>5</Wide>
    </Point>
    <Point>
      <X>1863.02</X>
      <Y>2831.29</Y>
      <Z>44.46</Z>
      <Wide>5</Wide>
    </Point>
    <Point>
      <X>1862.4</X>
      <Y>2832.07</Y>
      <Z>44.46</Z>
      <Wide>5</Wide>
    </Point>
    <Point>
      <X>1861.77</X>
      <Y>2832.85</Y>
      <Z>44.46</Z>
      <Wide>5</Wide>
    </Point>
    <Point>
      <X>1861.14</X>
      <Y>2833.62</Y>
      <Z>44.46</Z>
      <Wide>5</Wide>
    </Point>
    <Point>
      <X>1860.5</X>
      <Y>2834.39</Y>
      <Z>44.47</Z>
      <Wide>5</Wide>
    </Point>
    <Point>
      <X>1859.86</X>
      <Y>2835.16</Y>
      <Z>44.48</Z>
      <Wide>5</Wide>
    </Point>
    <Point>
      <X>1859.22</X>
      <Y>2835.93</Y>
      <Z>44.47</Z>
      <Wide>5</Wide>
    </Point>
    <Point>
      <X>1858.57</X>
      <Y>2836.69</Y>
      <Z>44.44</Z>
      <Wide>5</Wide>
    </Point>
    <Point>
      <X>1857.93</X>
      <Y>2837.46</Y>
      <Z>44.41</Z>
      <Wide>5</Wide>
    </Point>
    <Point>
      <X>1857.27</X>
      <Y>2838.21</Y>
      <Z>44.38</Z>
      <Wide>5</Wide>
    </Point>
    <Point>
      <X>1856.62</X>
      <Y>2838.97</Y>
      <Z>44.34</Z>
      <Wide>5</Wide>
    </Point>
    <Point>
      <X>1855.96</X>
      <Y>2839.72</Y>
      <Z>44.31</Z>
      <Wide>5</Wide>
    </Point>
    <Point>
      <X>1855.3</X>
      <Y>2840.48</Y>
      <Z>44.29</Z>
      <Wide>5</Wide>
    </Point>
    <Point>
      <X>1854.64</X>
      <Y>2841.22</Y>
      <Z>44.27</Z>
      <Wide>5</Wide>
    </Point>
    <Point>
      <X>1853.97</X>
      <Y>2841.97</Y>
      <Z>44.23</Z>
      <Wide>5</Wide>
    </Point>
    <Point>
      <X>1853.3</X>
      <Y>2842.71</Y>
      <Z>44.17</Z>
      <Wide>5</Wide>
    </Point>
    <Point>
      <X>1852.63</X>
      <Y>2843.46</Y>
      <Z>44.13</Z>
      <Wide>5</Wide>
    </Point>
    <Point>
      <X>1851.98</X>
      <Y>2844.17</Y>
      <Z>44.09</Z>
      <Wide>5</Wide>
    </Point>
    <Point>
      <X>1851.32</X>
      <Y>2844.88</Y>
      <Z>44.05</Z>
      <Wide>5</Wide>
    </Point>
    <Point>
      <X>1850.66</X>
      <Y>2845.59</Y>
      <Z>44.08</Z>
      <Wide>5</Wide>
    </Point>
    <Point>
      <X>1850</X>
      <Y>2846.3</Y>
      <Z>44.1</Z>
      <Wide>5</Wide>
    </Point>
    <Point>
      <X>1849.33</X>
      <Y>2847.01</Y>
      <Z>44.09</Z>
      <Wide>5</Wide>
    </Point>
    <Point>
      <X>1847.95</X>
      <Y>2848.46</Y>
      <Z>44.11</Z>
      <Wide>5</Wide>
    </Point>
    <Point>
      <X>1847.26</X>
      <Y>2849.18</Y>
      <Z>44.13</Z>
      <Wide>5</Wide>
    </Point>
    <Point>
      <X>1846.57</X>
      <Y>2849.9</Y>
      <Z>44.15</Z>
      <Wide>5</Wide>
    </Point>
    <Point>
      <X>1845.88</X>
      <Y>2850.62</Y>
      <Z>44.15</Z>
      <Wide>5</Wide>
    </Point>
    <Point>
      <X>1845.18</X>
      <Y>2851.34</Y>
      <Z>44.16</Z>
      <Wide>5</Wide>
    </Point>
    <Point>
      <X>1844.48</X>
      <Y>2852.06</Y>
      <Z>44.17</Z>
      <Wide>5</Wide>
    </Point>
    <Point>
      <X>1843.78</X>
      <Y>2852.77</Y>
      <Z>44.18</Z>
      <Wide>5</Wide>
    </Point>
    <Point>
      <X>1843.08</X>
      <Y>2853.48</Y>
      <Z>44.18</Z>
      <Wide>5</Wide>
    </Point>
    <Point>
      <X>1842.38</X>
      <Y>2854.19</Y>
      <Z>44.19</Z>
      <Wide>5</Wide>
    </Point>
    <Point>
      <X>1841.67</X>
      <Y>2854.9</Y>
      <Z>44.2</Z>
      <Wide>5</Wide>
    </Point>
    <Point>
      <X>1840.97</X>
      <Y>2855.61</Y>
      <Z>44.24</Z>
      <Wide>5</Wide>
    </Point>
    <Point>
      <X>1839.57</X>
      <Y>2856.96</Y>
      <Z>44.36</Z>
      <Wide>5</Wide>
    </Point>
    <Point>
      <X>1838.84</X>
      <Y>2857.64</Y>
      <Z>44.46</Z>
      <Wide>5</Wide>
    </Point>
    <Point>
      <X>1838.09</X>
      <Y>2858.3</Y>
      <Z>44.57</Z>
      <Wide>5</Wide>
    </Point>
    <Point>
      <X>1837.34</X>
      <Y>2858.94</Y>
      <Z>44.6</Z>
      <Wide>5</Wide>
    </Point>
    <Point>
      <X>1836.58</X>
      <Y>2859.57</Y>
      <Z>44.6</Z>
      <Wide>5</Wide>
    </Point>
    <Point>
      <X>1835.81</X>
      <Y>2860.19</Y>
      <Z>44.59</Z>
      <Wide>5</Wide>
    </Point>
    <Point>
      <X>1835.04</X>
      <Y>2860.79</Y>
      <Z>44.59</Z>
      <Wide>5</Wide>
    </Point>
    <Point>
      <X>1834.25</X>
      <Y>2861.37</Y>
      <Z>44.58</Z>
      <Wide>5</Wide>
    </Point>
    <Point>
      <X>1833.46</X>
      <Y>2861.94</Y>
      <Z>44.57</Z>
      <Wide>5</Wide>
    </Point>
    <Point>
      <X>1832.66</X>
      <Y>2862.49</Y>
      <Z>44.57</Z>
      <Wide>5</Wide>
    </Point>
    <Point>
      <X>1831.85</X>
      <Y>2863.03</Y>
      <Z>44.57</Z>
      <Wide>5</Wide>
    </Point>
    <Point>
      <X>1831.03</X>
      <Y>2863.55</Y>
      <Z>44.57</Z>
      <Wide>5</Wide>
    </Point>
    <Point>
      <X>1830.17</X>
      <Y>2864.07</Y>
      <Z>44.57</Z>
      <Wide>5</Wide>
    </Point>
    <Point>
      <X>1829.31</X>
      <Y>2864.57</Y>
      <Z>44.57</Z>
      <Wide>5</Wide>
    </Point>
    <Point>
      <X>1828.44</X>
      <Y>2865.06</Y>
      <Z>44.56</Z>
      <Wide>5</Wide>
    </Point>
    <Point>
      <X>1827.56</X>
      <Y>2865.54</Y>
      <Z>44.55</Z>
      <Wide>5</Wide>
    </Point>
    <Point>
      <X>1826.67</X>
      <Y>2865.99</Y>
      <Z>44.54</Z>
      <Wide>5</Wide>
    </Point>
    <Point>
      <X>1825.8</X>
      <Y>2866.42</Y>
      <Z>44.54</Z>
      <Wide>5</Wide>
    </Point>
    <Point>
      <X>1824.92</X>
      <Y>2866.83</Y>
      <Z>44.53</Z>
      <Wide>5</Wide>
    </Point>
    <Point>
      <X>1824.03</X>
      <Y>2867.22</Y>
      <Z>44.53</Z>
      <Wide>5</Wide>
    </Point>
    <Point>
      <X>1823.13</X>
      <Y>2867.6</Y>
      <Z>44.53</Z>
      <Wide>5</Wide>
    </Point>
    <Point>
      <X>1822.22</X>
      <Y>2867.97</Y>
      <Z>44.52</Z>
      <Wide>5</Wide>
    </Point>
    <Point>
      <X>1821.31</X>
      <Y>2868.32</Y>
      <Z>44.52</Z>
      <Wide>5</Wide>
    </Point>
    <Point>
      <X>1820.39</X>
      <Y>2868.65</Y>
      <Z>44.52</Z>
      <Wide>5</Wide>
    </Point>
    <Point>
      <X>1819.46</X>
      <Y>2868.97</Y>
      <Z>44.52</Z>
      <Wide>5</Wide>
    </Point>
    <Point>
      <X>1818.52</X>
      <Y>2869.27</Y>
      <Z>44.52</Z>
      <Wide>5</Wide>
    </Point>
    <Point>
      <X>1817.57</X>
      <Y>2869.56</Y>
      <Z>44.54</Z>
      <Wide>5</Wide>
    </Point>
    <Point>
      <X>1816.61</X>
      <Y>2869.83</Y>
      <Z>44.57</Z>
      <Wide>5</Wide>
    </Point>
    <Point>
      <X>1815.65</X>
      <Y>2870.08</Y>
      <Z>44.6</Z>
      <Wide>5</Wide>
    </Point>
    <Point>
      <X>1814.71</X>
      <Y>2870.32</Y>
      <Z>44.61</Z>
      <Wide>5</Wide>
    </Point>
    <Point>
      <X>1813.76</X>
      <Y>2870.53</Y>
      <Z>44.6</Z>
      <Wide>5</Wide>
    </Point>
    <Point>
      <X>1812.8</X>
      <Y>2870.74</Y>
      <Z>44.59</Z>
      <Wide>5</Wide>
    </Point>
    <Point>
      <X>1810.84</X>
      <Y>2871.16</Y>
      <Z>44.58</Z>
      <Wide>5</Wide>
    </Point>
    <Point>
      <X>1809.87</X>
      <Y>2871.38</Y>
      <Z>44.57</Z>
      <Wide>5</Wide>
    </Point>
    <Point>
      <X>1808.89</X>
      <Y>2871.59</Y>
      <Z>44.58</Z>
      <Wide>5</Wide>
    </Point>
    <Point>
      <X>1807.92</X>
      <Y>2871.81</Y>
      <Z>44.59</Z>
      <Wide>5</Wide>
    </Point>
    <Point>
      <X>1806.94</X>
      <Y>2872.03</Y>
      <Z>44.59</Z>
      <Wide>5</Wide>
    </Point>
    <Point>
      <X>1805.97</X>
      <Y>2872.26</Y>
      <Z>44.6</Z>
      <Wide>5</Wide>
    </Point>
    <Point>
      <X>1804.99</X>
      <Y>2872.48</Y>
      <Z>44.6</Z>
      <Wide>5</Wide>
    </Point>
    <Point>
      <X>1804.02</X>
      <Y>2872.71</Y>
      <Z>44.59</Z>
      <Wide>5</Wide>
    </Point>
    <Point>
      <X>1802.09</X>
      <Y>2873.14</Y>
      <Z>44.56</Z>
      <Wide>5</Wide>
    </Point>
    <Point>
      <X>1801.12</X>
      <Y>2873.33</Y>
      <Z>44.56</Z>
      <Wide>5</Wide>
    </Point>
    <Point>
      <X>1800.15</X>
      <Y>2873.51</Y>
      <Z>44.56</Z>
      <Wide>5</Wide>
    </Point>
    <Point>
      <X>1799.18</X>
      <Y>2873.67</Y>
      <Z>44.56</Z>
      <Wide>5</Wide>
    </Point>
    <Point>
      <X>1798.21</X>
      <Y>2873.82</Y>
      <Z>44.56</Z>
      <Wide>5</Wide>
    </Point>
    <Point>
      <X>1797.21</X>
      <Y>2873.95</Y>
      <Z>44.56</Z>
      <Wide>5</Wide>
    </Point>
    <Point>
      <X>1796.22</X>
      <Y>2874.07</Y>
      <Z>44.55</Z>
      <Wide>5</Wide>
    </Point>
    <Point>
      <X>1795.23</X>
      <Y>2874.18</Y>
      <Z>44.56</Z>
      <Wide>5</Wide>
    </Point>
    <Point>
      <X>1794.23</X>
      <Y>2874.27</Y>
      <Z>44.56</Z>
      <Wide>5</Wide>
    </Point>
    <Point>
      <X>1793.23</X>
      <Y>2874.35</Y>
      <Z>44.56</Z>
      <Wide>5</Wide>
    </Point>
    <Point>
      <X>1792.23</X>
      <Y>2874.41</Y>
      <Z>44.55</Z>
      <Wide>5</Wide>
    </Point>
    <Point>
      <X>1791.25</X>
      <Y>2874.46</Y>
      <Z>44.54</Z>
      <Wide>5</Wide>
    </Point>
    <Point>
      <X>1790.27</X>
      <Y>2874.49</Y>
      <Z>44.54</Z>
      <Wide>5</Wide>
    </Point>
    <Point>
      <X>1789.28</X>
      <Y>2874.51</Y>
      <Z>44.53</Z>
      <Wide>5</Wide>
    </Point>
    <Point>
      <X>1788.29</X>
      <Y>2874.51</Y>
      <Z>44.51</Z>
      <Wide>5</Wide>
    </Point>
    <Point>
      <X>1787.31</X>
      <Y>2874.5</Y>
      <Z>44.51</Z>
      <Wide>5</Wide>
    </Point>
    <Point>
      <X>1786.32</X>
      <Y>2874.48</Y>
      <Z>44.5</Z>
      <Wide>5</Wide>
    </Point>
    <Point>
      <X>1784.33</X>
      <Y>2874.4</Y>
      <Z>44.51</Z>
      <Wide>5</Wide>
    </Point>
    <Point>
      <X>1783.34</X>
      <Y>2874.35</Y>
      <Z>44.51</Z>
      <Wide>5</Wide>
    </Point>
    <Point>
      <X>1782.36</X>
      <Y>2874.28</Y>
      <Z>44.49</Z>
      <Wide>5</Wide>
    </Point>
    <Point>
      <X>1781.38</X>
      <Y>2874.2</Y>
      <Z>44.48</Z>
      <Wide>5</Wide>
    </Point>
    <Point>
      <X>1780.41</X>
      <Y>2874.11</Y>
      <Z>44.47</Z>
      <Wide>5</Wide>
    </Point>
    <Point>
      <X>1779.43</X>
      <Y>2874</Y>
      <Z>44.46</Z>
      <Wide>5</Wide>
    </Point>
    <Point>
      <X>1778.47</X>
      <Y>2873.88</Y>
      <Z>44.45</Z>
      <Wide>5</Wide>
    </Point>
    <Point>
      <X>1777.5</X>
      <Y>2873.75</Y>
      <Z>44.44</Z>
      <Wide>5</Wide>
    </Point>
    <Point>
      <X>1776.54</X>
      <Y>2873.61</Y>
      <Z>44.42</Z>
      <Wide>5</Wide>
    </Point>
    <Point>
      <X>1775.58</X>
      <Y>2873.46</Y>
      <Z>44.4</Z>
      <Wide>5</Wide>
    </Point>
    <Point>
      <X>1774.63</X>
      <Y>2873.29</Y>
      <Z>44.38</Z>
      <Wide>5</Wide>
    </Point>
    <Point>
      <X>1773.68</X>
      <Y>2873.11</Y>
      <Z>44.37</Z>
      <Wide>5</Wide>
    </Point>
    <Point>
      <X>1772.74</X>
      <Y>2872.92</Y>
      <Z>44.34</Z>
      <Wide>5</Wide>
    </Point>
    <Point>
      <X>1771.79</X>
      <Y>2872.72</Y>
      <Z>44.31</Z>
      <Wide>5</Wide>
    </Point>
    <Point>
      <X>1770.86</X>
      <Y>2872.5</Y>
      <Z>44.29</Z>
      <Wide>5</Wide>
    </Point>
    <Point>
      <X>1769.92</X>
      <Y>2872.27</Y>
      <Z>44.26</Z>
      <Wide>5</Wide>
    </Point>
    <Point>
      <X>1768.95</X>
      <Y>2872.02</Y>
      <Z>44.23</Z>
      <Wide>5</Wide>
    </Point>
    <Point>
      <X>1767.99</X>
      <Y>2871.75</Y>
      <Z>44.25</Z>
      <Wide>5</Wide>
    </Point>
    <Point>
      <X>1767.03</X>
      <Y>2871.48</Y>
      <Z>44.26</Z>
      <Wide>5</Wide>
    </Point>
    <Point>
      <X>1766.07</X>
      <Y>2871.19</Y>
      <Z>44.29</Z>
      <Wide>5</Wide>
    </Point>
    <Point>
      <X>1765.12</X>
      <Y>2870.88</Y>
      <Z>44.32</Z>
      <Wide>5</Wide>
    </Point>
    <Point>
      <X>1764.17</X>
      <Y>2870.56</Y>
      <Z>44.35</Z>
      <Wide>5</Wide>
    </Point>
    <Point>
      <X>1763.23</X>
      <Y>2870.23</Y>
      <Z>44.37</Z>
      <Wide>5</Wide>
    </Point>
    <Point>
      <X>1762.32</X>
      <Y>2869.9</Y>
      <Z>44.39</Z>
      <Wide>5</Wide>
    </Point>
    <Point>
      <X>1761.42</X>
      <Y>2869.56</Y>
      <Z>44.4</Z>
      <Wide>5</Wide>
    </Point>
    <Point>
      <X>1760.53</X>
      <Y>2869.2</Y>
      <Z>44.42</Z>
      <Wide>5</Wide>
    </Point>
    <Point>
      <X>1759.64</X>
      <Y>2868.83</Y>
      <Z>44.43</Z>
      <Wide>5</Wide>
    </Point>
    <Point>
      <X>1758.75</X>
      <Y>2868.45</Y>
      <Z>44.44</Z>
      <Wide>5</Wide>
    </Point>
    <Point>
      <X>1757.86</X>
      <Y>2868.06</Y>
      <Z>44.44</Z>
      <Wide>5</Wide>
    </Point>
    <Point>
      <X>1756.98</X>
      <Y>2867.65</Y>
      <Z>44.45</Z>
      <Wide>5</Wide>
    </Point>
    <Point>
      <X>1756.11</X>
      <Y>2867.24</Y>
      <Z>44.45</Z>
      <Wide>5</Wide>
    </Point>
    <Point>
      <X>1755.23</X>
      <Y>2866.81</Y>
      <Z>44.45</Z>
      <Wide>5</Wide>
    </Point>
    <Point>
      <X>1754.36</X>
      <Y>2866.36</Y>
      <Z>44.43</Z>
      <Wide>5</Wide>
    </Point>
    <Point>
      <X>1753.5</X>
      <Y>2865.91</Y>
      <Z>44.42</Z>
      <Wide>5</Wide>
    </Point>
    <Point>
      <X>1752.64</X>
      <Y>2865.44</Y>
      <Z>44.41</Z>
      <Wide>5</Wide>
    </Point>
    <Point>
      <X>1751.78</X>
      <Y>2864.96</Y>
      <Z>44.42</Z>
      <Wide>5</Wide>
    </Point>
    <Point>
      <X>1750.92</X>
      <Y>2864.47</Y>
      <Z>44.44</Z>
      <Wide>5</Wide>
    </Point>
    <Point>
      <X>1750.07</X>
      <Y>2863.97</Y>
      <Z>44.46</Z>
      <Wide>5</Wide>
    </Point>
    <Point>
      <X>1749.23</X>
      <Y>2863.45</Y>
      <Z>44.46</Z>
      <Wide>5</Wide>
    </Point>
    <Point>
      <X>1748.38</X>
      <Y>2862.92</Y>
      <Z>44.45</Z>
      <Wide>5</Wide>
    </Point>
    <Point>
      <X>1746.69</X>
      <Y>2861.86</Y>
      <Z>44.43</Z>
      <Wide>5</Wide>
    </Point>
    <Point>
      <X>1745.85</X>
      <Y>2861.32</Y>
      <Z>44.43</Z>
      <Wide>5</Wide>
    </Point>
    <Point>
      <X>1745</X>
      <Y>2860.78</Y>
      <Z>44.42</Z>
      <Wide>5</Wide>
    </Point>
    <Point>
      <X>1744.16</X>
      <Y>2860.25</Y>
      <Z>44.42</Z>
      <Wide>5</Wide>
    </Point>
    <Point>
      <X>1743.32</X>
      <Y>2859.71</Y>
      <Z>44.42</Z>
      <Wide>5</Wide>
    </Point>
    <Point>
      <X>1742.48</X>
      <Y>2859.16</Y>
      <Z>44.42</Z>
      <Wide>5</Wide>
    </Point>
    <Point>
      <X>1741.64</X>
      <Y>2858.62</Y>
      <Z>44.43</Z>
      <Wide>5</Wide>
    </Point>
    <Point>
      <X>1740.8</X>
      <Y>2858.08</Y>
      <Z>44.43</Z>
      <Wide>5</Wide>
    </Point>
    <Point>
      <X>1739.96</X>
      <Y>2857.53</Y>
      <Z>44.45</Z>
      <Wide>5</Wide>
    </Point>
    <Point>
      <X>1739.12</X>
      <Y>2856.98</Y>
      <Z>44.47</Z>
      <Wide>5</Wide>
    </Point>
    <Point>
      <X>1738.29</X>
      <Y>2856.44</Y>
      <Z>44.49</Z>
      <Wide>5</Wide>
    </Point>
    <Point>
      <X>1737.45</X>
      <Y>2855.88</Y>
      <Z>44.51</Z>
      <Wide>5</Wide>
    </Point>
    <Point>
      <X>1736.62</X>
      <Y>2855.33</Y>
      <Z>44.53</Z>
      <Wide>5</Wide>
    </Point>
    <Point>
      <X>1735.78</X>
      <Y>2854.78</Y>
      <Z>44.53</Z>
      <Wide>5</Wide>
    </Point>
    <Point>
      <X>1734.95</X>
      <Y>2854.22</Y>
      <Z>44.52</Z>
      <Wide>5</Wide>
    </Point>
    <Point>
      <X>1734.12</X>
      <Y>2853.67</Y>
      <Z>44.52</Z>
      <Wide>5</Wide>
    </Point>
    <Point>
      <X>1733.29</X>
      <Y>2853.11</Y>
      <Z>44.52</Z>
      <Wide>5</Wide>
    </Point>
    <Point>
      <X>1732.46</X>
      <Y>2852.55</Y>
      <Z>44.51</Z>
      <Wide>5</Wide>
    </Point>
    <Point>
      <X>1731.63</X>
      <Y>2851.99</Y>
      <Z>44.51</Z>
      <Wide>5</Wide>
    </Point>
    <Point>
      <X>1730.81</X>
      <Y>2851.43</Y>
      <Z>44.49</Z>
      <Wide>5</Wide>
    </Point>
    <Point>
      <X>1729.98</X>
      <Y>2850.86</Y>
      <Z>44.47</Z>
      <Wide>5</Wide>
    </Point>
    <Point>
      <X>1729.16</X>
      <Y>2850.3</Y>
      <Z>44.45</Z>
      <Wide>5</Wide>
    </Point>
    <Point>
      <X>1728.33</X>
      <Y>2849.73</Y>
      <Z>44.44</Z>
      <Wide>5</Wide>
    </Point>
    <Point>
      <X>1727.51</X>
      <Y>2849.16</Y>
      <Z>44.44</Z>
      <Wide>5</Wide>
    </Point>
    <Point>
      <X>1726.69</X>
      <Y>2848.59</Y>
      <Z>44.43</Z>
      <Wide>5</Wide>
    </Point>
    <Point>
      <X>1725.87</X>
      <Y>2848.02</Y>
      <Z>44.43</Z>
      <Wide>5</Wide>
    </Point>
    <Point>
      <X>1725.05</X>
      <Y>2847.45</Y>
      <Z>44.42</Z>
      <Wide>5</Wide>
    </Point>
    <Point>
      <X>1724.23</X>
      <Y>2846.88</Y>
      <Z>44.41</Z>
      <Wide>5</Wide>
    </Point>
    <Point>
      <X>1723.41</X>
      <Y>2846.3</Y>
      <Z>44.38</Z>
      <Wide>5</Wide>
    </Point>
    <Point>
      <X>1722.59</X>
      <Y>2845.72</Y>
      <Z>44.37</Z>
      <Wide>5</Wide>
    </Point>
    <Point>
      <X>1721.78</X>
      <Y>2845.14</Y>
      <Z>44.39</Z>
      <Wide>5</Wide>
    </Point>
    <Point>
      <X>1720.96</X>
      <Y>2844.56</Y>
      <Z>44.41</Z>
      <Wide>5</Wide>
    </Point>
    <Point>
      <X>1719.41</X>
      <Y>2843.39</Y>
      <Z>44.45</Z>
      <Wide>5</Wide>
    </Point>
    <Point>
      <X>1718.66</X>
      <Y>2842.76</Y>
      <Z>44.47</Z>
      <Wide>5</Wide>
    </Point>
    <Point>
      <X>1717.94</X>
      <Y>2842.11</Y>
      <Z>44.46</Z>
      <Wide>5</Wide>
    </Point>
    <Point>
      <X>1717.22</X>
      <Y>2841.42</Y>
      <Z>44.43</Z>
      <Wide>5</Wide>
    </Point>
    <Point>
      <X>1716.54</X>
      <Y>2840.69</Y>
      <Z>44.41</Z>
      <Wide>5</Wide>
    </Point>
    <Point>
      <X>1715.91</X>
      <Y>2839.94</Y>
      <Z>44.38</Z>
      <Wide>5</Wide>
    </Point>
    <Point>
      <X>1715.32</X>
      <Y>2839.15</Y>
      <Z>44.4</Z>
      <Wide>5</Wide>
    </Point>
    <Point>
      <X>1714.77</X>
      <Y>2838.32</Y>
      <Z>44.42</Z>
      <Wide>5</Wide>
    </Point>
    <Point>
      <X>1714.29</X>
      <Y>2837.46</Y>
      <Z>44.43</Z>
      <Wide>5</Wide>
    </Point>
    <Point>
      <X>1713.88</X>
      <Y>2836.56</Y>
      <Z>44.43</Z>
      <Wide>5</Wide>
    </Point>
    <Point>
      <X>1713.55</X>
      <Y>2835.64</Y>
      <Z>44.45</Z>
      <Wide>5</Wide>
    </Point>
    <Point>
      <X>1713.3</X>
      <Y>2834.68</Y>
      <Z>44.47</Z>
      <Wide>5</Wide>
    </Point>
    <Point>
      <X>1713.14</X>
      <Y>2833.72</Y>
      <Z>44.5</Z>
      <Wide>5</Wide>
    </Point>
    <Point>
      <X>1713.08</X>
      <Y>2832.72</Y>
      <Z>44.52</Z>
      <Wide>5</Wide>
    </Point>
    <Point>
      <X>1713.11</X>
      <Y>2831.73</Y>
      <Z>44.52</Z>
      <Wide>5</Wide>
    </Point>
    <Point>
      <X>1713.23</X>
      <Y>2830.76</Y>
      <Z>44.53</Z>
      <Wide>5</Wide>
    </Point>
    <Point>
      <X>1713.44</X>
      <Y>2829.78</Y>
      <Z>44.53</Z>
      <Wide>5</Wide>
    </Point>
    <Point>
      <X>1713.72</X>
      <Y>2828.85</Y>
      <Z>44.52</Z>
      <Wide>5</Wide>
    </Point>
    <Point>
      <X>1714.07</X>
      <Y>2827.92</Y>
      <Z>44.49</Z>
      <Wide>5</Wide>
    </Point>
    <Point>
      <X>1714.48</X>
      <Y>2827.02</Y>
      <Z>44.46</Z>
      <Wide>5</Wide>
    </Point>
    <Point>
      <X>1714.94</X>
      <Y>2826.16</Y>
      <Z>44.43</Z>
      <Wide>5</Wide>
    </Point>
    <Point>
      <X>1715.45</X>
      <Y>2825.32</Y>
      <Z>44.43</Z>
      <Wide>5</Wide>
    </Point>
    <Point>
      <X>1715.99</X>
      <Y>2824.49</Y>
      <Z>44.44</Z>
      <Wide>5</Wide>
    </Point>
    <Point>
      <X>1716.58</X>
      <Y>2823.69</Y>
      <Z>44.45</Z>
      <Wide>5</Wide>
    </Point>
    <Point>
      <X>1717.2</X>
      <Y>2822.91</Y>
      <Z>44.46</Z>
      <Wide>5</Wide>
    </Point>
    <Point>
      <X>1717.85</X>
      <Y>2822.14</Y>
      <Z>44.47</Z>
      <Wide>5</Wide>
    </Point>
    <Point>
      <X>1718.52</X>
      <Y>2821.4</Y>
      <Z>44.48</Z>
      <Wide>5</Wide>
    </Point>
    <Point>
      <X>1719.21</X>
      <Y>2820.68</Y>
      <Z>44.5</Z>
      <Wide>5</Wide>
    </Point>
    <Point>
      <X>1720.61</X>
      <Y>2819.32</Y>
      <Z>44.52</Z>
      <Wide>5</Wide>
    </Point>
    <Point>
      <X>1721.37</X>
      <Y>2818.67</Y>
      <Z>44.53</Z>
      <Wide>5</Wide>
    </Point>
    <Point>
      <X>1722.15</X>
      <Y>2818.06</Y>
      <Z>44.53</Z>
      <Wide>5</Wide>
    </Point>
    <Point>
      <X>1722.96</X>
      <Y>2817.49</Y>
      <Z>44.51</Z>
      <Wide>5</Wide>
    </Point>
    <Point>
      <X>1723.79</X>
      <Y>2816.97</Y>
      <Z>44.48</Z>
      <Wide>5</Wide>
    </Point>
    <Point>
      <X>1724.67</X>
      <Y>2816.49</Y>
      <Z>44.47</Z>
      <Wide>5</Wide>
    </Point>
    <Point>
      <X>1725.57</X>
      <Y>2816.08</Y>
      <Z>44.48</Z>
      <Wide>5</Wide>
    </Point>
    <Point>
      <X>1726.5</X>
      <Y>2815.73</Y>
      <Z>44.49</Z>
      <Wide>5</Wide>
    </Point>
    <Point>
      <X>1727.46</X>
      <Y>2815.45</Y>
      <Z>44.49</Z>
      <Wide>5</Wide>
    </Point>
    <Point>
      <X>1728.43</X>
      <Y>2815.25</Y>
      <Z>44.47</Z>
      <Wide>5</Wide>
    </Point>
    <Point>
      <X>1729.42</X>
      <Y>2815.13</Y>
      <Z>44.47</Z>
      <Wide>5</Wide>
    </Point>
    <Point>
      <X>1730.4</X>
      <Y>2815.1</Y>
      <Z>44.45</Z>
      <Wide>5</Wide>
    </Point>
    <Point>
      <X>1731.39</X>
      <Y>2815.14</Y>
      <Z>44.43</Z>
      <Wide>5</Wide>
    </Point>
    <Point>
      <X>1732.38</X>
      <Y>2815.26</Y>
      <Z>44.41</Z>
      <Wide>5</Wide>
    </Point>
    <Point>
      <X>1733.36</X>
      <Y>2815.46</Y>
      <Z>44.37</Z>
      <Wide>5</Wide>
    </Point>
    <Point>
      <X>1734.32</X>
      <Y>2815.73</Y>
      <Z>44.34</Z>
      <Wide>5</Wide>
    </Point>
    <Point>
      <X>1735.25</X>
      <Y>2816.05</Y>
      <Z>44.32</Z>
      <Wide>5</Wide>
    </Point>
    <Point>
      <X>1736.15</X>
      <Y>2816.43</Y>
      <Z>44.34</Z>
      <Wide>5</Wide>
    </Point>
    <Point>
      <X>1737.04</X>
      <Y>2816.87</Y>
      <Z>44.35</Z>
      <Wide>5</Wide>
    </Point>
    <Point>
      <X>1737.92</X>
      <Y>2817.34</Y>
      <Z>44.38</Z>
      <Wide>5</Wide>
    </Point>
    <Point>
      <X>1738.75</X>
      <Y>2817.85</Y>
      <Z>44.41</Z>
      <Wide>5</Wide>
    </Point>
    <Point>
      <X>1739.57</X>
      <Y>2818.4</Y>
      <Z>44.44</Z>
      <Wide>5</Wide>
    </Point>
    <Point>
      <X>1740.37</X>
      <Y>2818.97</Y>
      <Z>44.44</Z>
      <Wide>4</Wide>
    </Point>
    <Point>
      <X>1741.99</X>
      <Y>2820.14</Y>
      <Z>44.41</Z>
      <Wide>4</Wide>
    </Point>
    <Point>
      <X>1742.8</X>
      <Y>2820.73</Y>
      <Z>44.39</Z>
      <Wide>4</Wide>
    </Point>
    <Point>
      <X>1743.61</X>
      <Y>2821.31</Y>
      <Z>44.37</Z>
      <Wide>4</Wide>
    </Point>
    <Point>
      <X>1744.42</X>
      <Y>2821.89</Y>
      <Z>44.36</Z>
      <Wide>4</Wide>
    </Point>
    <Point>
      <X>1745.24</X>
      <Y>2822.48</Y>
      <Z>44.33</Z>
      <Wide>4</Wide>
    </Point>
    <Point>
      <X>1746.05</X>
      <Y>2823.06</Y>
      <Z>44.31</Z>
      <Wide>4</Wide>
    </Point>
    <Point>
      <X>1746.87</X>
      <Y>2823.64</Y>
      <Z>44.28</Z>
      <Wide>4</Wide>
    </Point>
    <Point>
      <X>1747.68</X>
      <Y>2824.22</Y>
      <Z>44.26</Z>
      <Wide>4</Wide>
    </Point>
    <Point>
      <X>1748.5</X>
      <Y>2824.8</Y>
      <Z>44.23</Z>
      <Wide>4</Wide>
    </Point>
    <Point>
      <X>1749.31</X>
      <Y>2825.38</Y>
      <Z>44.23</Z>
      <Wide>4</Wide>
    </Point>
    <Point>
      <X>1750.13</X>
      <Y>2825.95</Y>
      <Z>44.25</Z>
      <Wide>4</Wide>
    </Point>
    <Point>
      <X>1750.94</X>
      <Y>2826.53</Y>
      <Z>44.25</Z>
      <Wide>4</Wide>
    </Point>
    <Point>
      <X>1751.76</X>
      <Y>2827.11</Y>
      <Z>44.29</Z>
      <Wide>4</Wide>
    </Point>
    <Point>
      <X>1752.58</X>
      <Y>2827.68</Y>
      <Z>44.32</Z>
      <Wide>4</Wide>
    </Point>
    <Point>
      <X>1753.4</X>
      <Y>2828.26</Y>
      <Z>44.35</Z>
      <Wide>4</Wide>
    </Point>
    <Point>
      <X>1754.22</X>
      <Y>2828.83</Y>
      <Z>44.36</Z>
      <Wide>4</Wide>
    </Point>
    <Point>
      <X>1755.03</X>
      <Y>2829.41</Y>
      <Z>44.37</Z>
      <Wide>4</Wide>
    </Point>
    <Point>
      <X>1755.85</X>
      <Y>2829.98</Y>
      <Z>44.39</Z>
      <Wide>4</Wide>
    </Point>
    <Point>
      <X>1756.67</X>
      <Y>2830.55</Y>
      <Z>44.4</Z>
      <Wide>4</Wide>
    </Point>
    <Point>
      <X>1757.49</X>
      <Y>2831.12</Y>
      <Z>44.41</Z>
      <Wide>4</Wide>
    </Point>
    <Point>
      <X>1758.32</X>
      <Y>2831.69</Y>
      <Z>44.42</Z>
      <Wide>4</Wide>
    </Point>
    <Point>
      <X>1759.14</X>
      <Y>2832.26</Y>
      <Z>44.41</Z>
      <Wide>4</Wide>
    </Point>
    <Point>
      <X>1759.96</X>
      <Y>2832.83</Y>
      <Z>44.41</Z>
      <Wide>4</Wide>
    </Point>
    <Point>
      <X>1760.78</X>
      <Y>2833.4</Y>
      <Z>44.4</Z>
      <Wide>4</Wide>
    </Point>
    <Point>
      <X>1762.43</X>
      <Y>2834.49</Y>
      <Z>44.39</Z>
      <Wide>4</Wide>
    </Point>
    <Point>
      <X>1763.26</X>
      <Y>2835</Y>
      <Z>44.39</Z>
      <Wide>4</Wide>
    </Point>
    <Point>
      <X>1764.12</X>
      <Y>2835.51</Y>
      <Z>44.4</Z>
      <Wide>4</Wide>
    </Point>
    <Point>
      <X>1764.99</X>
      <Y>2836</Y>
      <Z>44.41</Z>
      <Wide>4</Wide>
    </Point>
    <Point>
      <X>1765.86</X>
      <Y>2836.46</Y>
      <Z>44.42</Z>
      <Wide>4</Wide>
    </Point>
    <Point>
      <X>1766.75</X>
      <Y>2836.9</Y>
      <Z>44.43</Z>
      <Wide>4</Wide>
    </Point>
    <Point>
      <X>1767.63</X>
      <Y>2837.32</Y>
      <Z>44.44</Z>
      <Wide>4</Wide>
    </Point>
    <Point>
      <X>1768.53</X>
      <Y>2837.72</Y>
      <Z>44.44</Z>
      <Wide>4</Wide>
    </Point>
    <Point>
      <X>1769.43</X>
      <Y>2838.1</Y>
      <Z>44.43</Z>
      <Wide>4</Wide>
    </Point>
    <Point>
      <X>1770.34</X>
      <Y>2838.46</Y>
      <Z>44.43</Z>
      <Wide>4</Wide>
    </Point>
    <Point>
      <X>1771.25</X>
      <Y>2838.79</Y>
      <Z>44.42</Z>
      <Wide>4</Wide>
    </Point>
    <Point>
      <X>1772.2</X>
      <Y>2839.12</Y>
      <Z>44.42</Z>
      <Wide>4</Wide>
    </Point>
    <Point>
      <X>1773.16</X>
      <Y>2839.42</Y>
      <Z>44.42</Z>
      <Wide>4</Wide>
    </Point>
    <Point>
      <X>1774.12</X>
      <Y>2839.69</Y>
      <Z>44.41</Z>
      <Wide>4</Wide>
    </Point>
    <Point>
      <X>1775.06</X>
      <Y>2839.94</Y>
      <Z>44.41</Z>
      <Wide>4</Wide>
    </Point>
    <Point>
      <X>1776.01</X>
      <Y>2840.17</Y>
      <Z>44.41</Z>
      <Wide>4</Wide>
    </Point>
    <Point>
      <X>1776.97</X>
      <Y>2840.37</Y>
      <Z>44.41</Z>
      <Wide>4</Wide>
    </Point>
    <Point>
      <X>1777.93</X>
      <Y>2840.56</Y>
      <Z>44.41</Z>
      <Wide>4</Wide>
    </Point>
    <Point>
      <X>1778.9</X>
      <Y>2840.72</Y>
      <Z>44.41</Z>
      <Wide>4</Wide>
    </Point>
    <Point>
      <X>1779.87</X>
      <Y>2840.86</Y>
      <Z>44.41</Z>
      <Wide>4</Wide>
    </Point>
    <Point>
      <X>1780.86</X>
      <Y>2840.98</Y>
      <Z>44.41</Z>
      <Wide>4</Wide>
    </Point>
    <Point>
      <X>1781.85</X>
      <Y>2841.08</Y>
      <Z>44.43</Z>
      <Wide>4</Wide>
    </Point>
    <Point>
      <X>1782.84</X>
      <Y>2841.15</Y>
      <Z>44.44</Z>
      <Wide>4</Wide>
    </Point>
    <Point>
      <X>1783.82</X>
      <Y>2841.21</Y>
      <Z>44.46</Z>
      <Wide>4</Wide>
    </Point>
    <Point>
      <X>1784.8</X>
      <Y>2841.24</Y>
      <Z>44.48</Z>
      <Wide>4</Wide>
    </Point>
    <Point>
      <X>1785.79</X>
      <Y>2841.25</Y>
      <Z>44.49</Z>
      <Wide>4</Wide>
    </Point>
    <Point>
      <X>1787.77</X>
      <Y>2841.25</Y>
      <Z>44.52</Z>
      <Wide>4</Wide>
    </Point>
    <Point>
      <X>1788.76</X>
      <Y>2841.23</Y>
      <Z>44.52</Z>
      <Wide>4</Wide>
    </Point>
    <Point>
      <X>1789.75</X>
      <Y>2841.19</Y>
      <Z>44.52</Z>
      <Wide>4</Wide>
    </Point>
    <Point>
      <X>1790.75</X>
      <Y>2841.13</Y>
      <Z>44.52</Z>
      <Wide>4</Wide>
    </Point>
    <Point>
      <X>1791.74</X>
      <Y>2841.06</Y>
      <Z>44.52</Z>
      <Wide>4</Wide>
    </Point>
    <Point>
      <X>1792.74</X>
      <Y>2840.97</Y>
      <Z>44.51</Z>
      <Wide>4</Wide>
    </Point>
    <Point>
      <X>1793.74</X>
      <Y>2840.87</Y>
      <Z>44.51</Z>
      <Wide>4</Wide>
    </Point>
    <Point>
      <X>1794.73</X>
      <Y>2840.76</Y>
      <Z>44.49</Z>
      <Wide>4</Wide>
    </Point>
    <Point>
      <X>1795.72</X>
      <Y>2840.62</Y>
      <Z>44.47</Z>
      <Wide>4</Wide>
    </Point>
    <Point>
      <X>1796.7</X>
      <Y>2840.48</Y>
      <Z>44.45</Z>
      <Wide>4</Wide>
    </Point>
    <Point>
      <X>1797.67</X>
      <Y>2840.32</Y>
      <Z>44.43</Z>
      <Wide>4</Wide>
    </Point>
    <Point>
      <X>1798.65</X>
      <Y>2840.14</Y>
      <Z>44.42</Z>
      <Wide>4</Wide>
    </Point>
    <Point>
      <X>1799.62</X>
      <Y>2839.95</Y>
      <Z>44.42</Z>
      <Wide>4</Wide>
    </Point>
    <Point>
      <X>1800.59</X>
      <Y>2839.75</Y>
      <Z>44.41</Z>
      <Wide>4</Wide>
    </Point>
    <Point>
      <X>1802.51</X>
      <Y>2839.3</Y>
      <Z>44.4</Z>
      <Wide>4</Wide>
    </Point>
    <Point>
      <X>1803.45</X>
      <Y>2839.04</Y>
      <Z>44.39</Z>
      <Wide>4</Wide>
    </Point>
    <Point>
      <X>1804.41</X>
      <Y>2838.76</Y>
      <Z>44.39</Z>
      <Wide>4</Wide>
    </Point>
    <Point>
      <X>1805.35</X>
      <Y>2838.45</Y>
      <Z>44.38</Z>
      <Wide>4</Wide>
    </Point>
    <Point>
      <X>1806.29</X>
      <Y>2838.13</Y>
      <Z>44.38</Z>
      <Wide>4</Wide>
    </Point>
    <Point>
      <X>1807.21</X>
      <Y>2837.78</Y>
      <Z>44.4</Z>
      <Wide>4</Wide>
    </Point>
    <Point>
      <X>1808.12</X>
      <Y>2837.42</Y>
      <Z>44.41</Z>
      <Wide>4</Wide>
    </Point>
    <Point>
      <X>1809.02</X>
      <Y>2837.03</Y>
      <Z>44.43</Z>
      <Wide>4</Wide>
    </Point>
    <Point>
      <X>1809.91</X>
      <Y>2836.62</Y>
      <Z>44.44</Z>
      <Wide>4</Wide>
    </Point>
    <Point>
      <X>1810.81</X>
      <Y>2836.18</Y>
      <Z>44.46</Z>
      <Wide>4</Wide>
    </Point>
    <Point>
      <X>1811.69</X>
      <Y>2835.71</Y>
      <Z>44.46</Z>
      <Wide>4</Wide>
    </Point>
    <Point>
      <X>1812.57</X>
      <Y>2835.23</Y>
      <Z>44.46</Z>
      <Wide>4</Wide>
    </Point>
    <Point>
      <X>1813.41</X>
      <Y>2834.73</Y>
      <Z>44.45</Z>
      <Wide>4</Wide>
    </Point>
    <Point>
      <X>1814.24</X>
      <Y>2834.21</Y>
      <Z>44.45</Z>
      <Wide>4</Wide>
    </Point>
    <Point>
      <X>1815.06</X>
      <Y>2833.67</Y>
      <Z>44.44</Z>
      <Wide>4</Wide>
    </Point>
    <Point>
      <X>1815.87</X>
      <Y>2833.11</Y>
      <Z>44.44</Z>
      <Wide>4</Wide>
    </Point>
    <Point>
      <X>1816.67</X>
      <Y>2832.53</Y>
      <Z>44.44</Z>
      <Wide>4</Wide>
    </Point>
    <Point>
      <X>1817.46</X>
      <Y>2831.93</Y>
      <Z>44.45</Z>
      <Wide>4</Wide>
    </Point>
    <Point>
      <X>1818.23</X>
      <Y>2831.31</Y>
      <Z>44.47</Z>
      <Wide>4</Wide>
    </Point>
    <Point>
      <X>1819</X>
      <Y>2830.66</Y>
      <Z>44.49</Z>
      <Wide>4</Wide>
    </Point>
    <Point>
      <X>1819.73</X>
      <Y>2830.01</Y>
      <Z>44.51</Z>
      <Wide>4</Wide>
    </Point>
    <Point>
      <X>1820.46</X>
      <Y>2829.34</Y>
      <Z>44.5</Z>
      <Wide>4</Wide>
    </Point>
    <Point>
      <X>1821.17</X>
      <Y>2828.65</Y>
      <Z>44.49</Z>
      <Wide>4</Wide>
    </Point>
    <Point>
      <X>1822.57</X>
      <Y>2827.29</Y>
      <Z>44.5</Z>
      <Wide>4</Wide>
    </Point>
    <Point>
      <X>1823.26</X>
      <Y>2826.6</Y>
      <Z>44.5</Z>
      <Wide>4</Wide>
    </Point>
    <Point>
      <X>1823.94</X>
      <Y>2825.91</Y>
      <Z>44.52</Z>
      <Wide>4</Wide>
    </Point>
    <Point>
      <X>1824.62</X>
      <Y>2825.22</Y>
      <Z>44.54</Z>
      <Wide>4</Wide>
    </Point>
    <Point>
      <X>1825.3</X>
      <Y>2824.52</Y>
      <Z>44.57</Z>
      <Wide>4</Wide>
    </Point>
    <Point>
      <X>1825.97</X>
      <Y>2823.82</Y>
      <Z>44.58</Z>
      <Wide>4</Wide>
    </Point>
    <Point>
      <X>1826.66</X>
      <Y>2823.09</Y>
      <Z>44.56</Z>
      <Wide>4</Wide>
    </Point>
    <Point>
      <X>1827.34</X>
      <Y>2822.36</Y>
      <Z>44.54</Z>
      <Wide>4</Wide>
    </Point>
    <Point>
      <X>1828.02</X>
      <Y>2821.62</Y>
      <Z>44.52</Z>
      <Wide>4</Wide>
    </Point>
    <Point>
      <X>1828.69</X>
      <Y>2820.88</Y>
      <Z>44.5</Z>
      <Wide>4</Wide>
    </Point>
    <Point>
      <X>1829.36</X>
      <Y>2820.14</Y>
      <Z>44.49</Z>
      <Wide>4</Wide>
    </Point>
    <Point>
      <X>1830.03</X>
      <Y>2819.39</Y>
      <Z>44.47</Z>
      <Wide>4</Wide>
    </Point>
    <Point>
      <X>1830.69</X>
      <Y>2818.64</Y>
      <Z>44.48</Z>
      <Wide>4</Wide>
    </Point>
    <Point>
      <X>1831.34</X>
      <Y>2817.89</Y>
      <Z>44.49</Z>
      <Wide>4</Wide>
    </Point>
    <Point>
      <X>1831.99</X>
      <Y>2817.13</Y>
      <Z>44.49</Z>
      <Wide>4</Wide>
    </Point>
    <Point>
      <X>1832.64</X>
      <Y>2816.36</Y>
      <Z>44.49</Z>
      <Wide>4</Wide>
    </Point>
    <Point>
      <X>1833.28</X>
      <Y>2815.59</Y>
      <Z>44.48</Z>
      <Wide>4</Wide>
    </Point>
    <Point>
      <X>1833.91</X>
      <Y>2814.82</Y>
      <Z>44.47</Z>
      <Wide>4</Wide>
    </Point>
    <Point>
      <X>1835.18</X>
      <Y>2813.27</Y>
      <Z>44.41</Z>
      <Wide>4</Wide>
    </Point>
    <Point>
      <X>1835.8</X>
      <Y>2812.49</Y>
      <Z>44.38</Z>
      <Wide>4</Wide>
    </Point>
    <Point>
      <X>1836.42</X>
      <Y>2811.71</Y>
      <Z>44.36</Z>
      <Wide>4</Wide>
    </Point>
    <Point>
      <X>1837.04</X>
      <Y>2810.92</Y>
      <Z>44.33</Z>
      <Wide>4</Wide>
    </Point>
    <Point>
      <X>1837.65</X>
      <Y>2810.13</Y>
      <Z>44.34</Z>
      <Wide>4</Wide>
    </Point>
    <Point>
      <X>1838.26</X>
      <Y>2809.33</Y>
      <Z>44.34</Z>
      <Wide>4</Wide>
    </Point>
    <Point>
      <X>1838.86</X>
      <Y>2808.53</Y>
      <Z>44.34</Z>
      <Wide>4</Wide>
    </Point>
    <Point>
      <X>1839.46</X>
      <Y>2807.73</Y>
      <Z>44.34</Z>
      <Wide>4</Wide>
    </Point>
    <Point>
      <X>1840.05</X>
      <Y>2806.93</Y>
      <Z>44.34</Z>
      <Wide>4</Wide>
    </Point>
    <Point>
      <X>1840.64</X>
      <Y>2806.12</Y>
      <Z>44.34</Z>
      <Wide>4</Wide>
    </Point>
    <Point>
      <X>1841.23</X>
      <Y>2805.31</Y>
      <Z>44.32</Z>
      <Wide>4</Wide>
    </Point>
    <Point>
      <X>1841.81</X>
      <Y>2804.49</Y>
      <Z>44.34</Z>
      <Wide>4</Wide>
    </Point>
    <Point>
      <X>1842.97</X>
      <Y>2802.86</Y>
      <Z>44.33</Z>
      <Wide>4</Wide>
    </Point>
    <Point>
      <X>1843.55</X>
      <Y>2802.05</Y>
      <Z>44.32</Z>
      <Wide>4</Wide>
    </Point>
    <Point>
      <X>1844.13</X>
      <Y>2801.24</Y>
      <Z>44.34</Z>
      <Wide>4</Wide>
    </Point>
    <Point>
      <X>1844.71</X>
      <Y>2800.42</Y>
      <Z>44.36</Z>
      <Wide>4</Wide>
    </Point>
    <Point>
      <X>1845.29</X>
      <Y>2799.61</Y>
      <Z>44.39</Z>
      <Wide>4</Wide>
    </Point>
    <Point>
      <X>1845.87</X>
      <Y>2798.79</Y>
      <Z>44.4</Z>
      <Wide>4</Wide>
    </Point>
    <Point>
      <X>1846.45</X>
      <Y>2797.98</Y>
      <Z>44.4</Z>
      <Wide>4</Wide>
    </Point>
    <Point>
      <X>1847.03</X>
      <Y>2797.16</Y>
      <Z>44.41</Z>
      <Wide>4</Wide>
    </Point>
    <Point>
      <X>1847.61</X>
      <Y>2796.35</Y>
      <Z>44.41</Z>
      <Wide>4</Wide>
    </Point>
    <Point>
      <X>1848.19</X>
      <Y>2795.53</Y>
      <Z>44.4</Z>
      <Wide>4</Wide>
    </Point>
    <Point>
      <X>1848.76</X>
      <Y>2794.72</Y>
      <Z>44.39</Z>
      <Wide>4</Wide>
    </Point>
    <Point>
      <X>1849.34</X>
      <Y>2793.9</Y>
      <Z>44.39</Z>
      <Wide>4</Wide>
    </Point>
    <Point>
      <X>1849.92</X>
      <Y>2793.09</Y>
      <Z>44.4</Z>
      <Wide>4</Wide>
    </Point>
    <Point>
      <X>1850.5</X>
      <Y>2792.27</Y>
      <Z>44.42</Z>
      <Wide>4</Wide>
    </Point>
    <Point>
      <X>1851.08</X>
      <Y>2791.46</Y>
      <Z>44.44</Z>
      <Wide>4</Wide>
    </Point>
    <Point>
      <X>1851.66</X>
      <Y>2790.64</Y>
      <Z>44.46</Z>
      <Wide>4</Wide>
    </Point>
    <Point>
      <X>1852.24</X>
      <Y>2789.83</Y>
      <Z>44.49</Z>
      <Wide>4</Wide>
    </Point>
    <Point>
      <X>1852.82</X>
      <Y>2789.01</Y>
      <Z>44.54</Z>
      <Wide>4</Wide>
    </Point>
    <Point>
      <X>1853.4</X>
      <Y>2788.2</Y>
      <Z>44.6</Z>
      <Wide>4</Wide>
    </Point>
    <Point>
      <X>1853.98</X>
      <Y>2787.38</Y>
      <Z>44.59</Z>
      <Wide>4</Wide>
    </Point>
    <Point>
      <X>1854.56</X>
      <Y>2786.57</Y>
      <Z>44.58</Z>
      <Wide>4</Wide>
    </Point>
    <Point>
      <X>1855.14</X>
      <Y>2785.75</Y>
      <Z>44.57</Z>
      <Wide>4</Wide>
    </Point>
    <Point>
      <X>1855.72</X>
      <Y>2784.94</Y>
      <Z>44.57</Z>
      <Wide>4</Wide>
    </Point>
    <Point>
      <X>1856.29</X>
      <Y>2784.12</Y>
      <Z>44.56</Z>
      <Wide>4</Wide>
    </Point>
    <Point>
      <X>1856.87</X>
      <Y>2783.3</Y>
      <Z>44.55</Z>
      <Wide>4</Wide>
    </Point>
    <Point>
      <X>1857.45</X>
      <Y>2782.49</Y>
      <Z>44.55</Z>
      <Wide>4</Wide>
    </Point>
    <Point>
      <X>1858.03</X>
      <Y>2781.67</Y>
      <Z>44.55</Z>
      <Wide>4</Wide>
    </Point>
    <Point>
      <X>1858.61</X>
      <Y>2780.86</Y>
      <Z>44.55</Z>
      <Wide>4</Wide>
    </Point>
    <Point>
      <X>1859.19</X>
      <Y>2780.04</Y>
      <Z>44.55</Z>
      <Wide>4</Wide>
    </Point>
    <Point>
      <X>1859.77</X>
      <Y>2779.23</Y>
      <Z>44.55</Z>
      <Wide>4</Wide>
    </Point>
    <Point>
      <X>1860.35</X>
      <Y>2778.41</Y>
      <Z>44.55</Z>
      <Wide>4</Wide>
    </Point>
    <Point>
      <X>1860.92</X>
      <Y>2777.6</Y>
      <Z>44.55</Z>
      <Wide>4</Wide>
    </Point>
    <Point>
      <X>1861.5</X>
      <Y>2776.78</Y>
      <Z>44.55</Z>
      <Wide>4</Wide>
    </Point>
    <Point>
      <X>1862.08</X>
      <Y>2775.96</Y>
      <Z>44.54</Z>
      <Wide>4</Wide>
    </Point>
    <Point>
      <X>1862.66</X>
      <Y>2775.15</Y>
      <Z>44.54</Z>
      <Wide>4</Wide>
    </Point>
    <Point>
      <X>1863.24</X>
      <Y>2774.33</Y>
      <Z>44.54</Z>
      <Wide>4</Wide>
    </Point>
    <Point>
      <X>1863.82</X>
      <Y>2773.52</Y>
      <Z>44.54</Z>
      <Wide>4</Wide>
    </Point>
    <Point>
      <X>1864.4</X>
      <Y>2772.7</Y>
      <Z>44.54</Z>
      <Wide>4</Wide>
    </Point>
    <Point>
      <X>1864.97</X>
      <Y>2771.89</Y>
      <Z>44.54</Z>
      <Wide>4</Wide>
    </Point>
    <Point>
      <X>1866.13</X>
      <Y>2770.25</Y>
      <Z>44.55</Z>
      <Wide>4</Wide>
    </Point>
    <Point>
      <X>1866.71</X>
      <Y>2769.44</Y>
      <Z>44.54</Z>
      <Wide>4</Wide>
    </Point>
    <Point>
      <X>1867.29</X>
      <Y>2768.62</Y>
      <Z>44.54</Z>
      <Wide>4</Wide>
    </Point>
    <Point>
      <X>1867.87</X>
      <Y>2767.81</Y>
      <Z>44.54</Z>
      <Wide>4</Wide>
    </Point>
    <Point>
      <X>1868.44</X>
      <Y>2766.99</Y>
      <Z>44.53</Z>
      <Wide>4</Wide>
    </Point>
    <Point>
      <X>1869.02</X>
      <Y>2766.17</Y>
      <Z>44.53</Z>
      <Wide>4</Wide>
    </Point>
    <Point>
      <X>1869.6</X>
      <Y>2765.36</Y>
      <Z>44.54</Z>
      <Wide>4</Wide>
    </Point>
    <Point>
      <X>1870.18</X>
      <Y>2764.54</Y>
      <Z>44.54</Z>
      <Wide>4</Wide>
    </Point>
    <Point>
      <X>1870.76</X>
      <Y>2763.73</Y>
      <Z>44.54</Z>
      <Wide>4</Wide>
    </Point>
    <Point>
      <X>1871.33</X>
      <Y>2762.91</Y>
      <Z>44.54</Z>
      <Wide>4</Wide>
    </Point>
    <Point>
      <X>1871.91</X>
      <Y>2762.09</Y>
      <Z>44.54</Z>
      <Wide>4</Wide>
    </Point>
    <Point>
      <X>1872.49</X>
      <Y>2761.28</Y>
      <Z>44.54</Z>
      <Wide>4</Wide>
    </Point>
    <Point>
      <X>1873.07</X>
      <Y>2760.46</Y>
      <Z>44.54</Z>
      <Wide>4</Wide>
    </Point>
    <Point>
      <X>1873.65</X>
      <Y>2759.65</Y>
      <Z>44.55</Z>
      <Wide>4</Wide>
    </Point>
    <Point>
      <X>1874.22</X>
      <Y>2758.83</Y>
      <Z>44.55</Z>
      <Wide>4</Wide>
    </Point>
    <Point>
      <X>1874.8</X>
      <Y>2758.01</Y>
      <Z>44.56</Z>
      <Wide>4</Wide>
    </Point>
    <Point>
      <X>1875.38</X>
      <Y>2757.2</Y>
      <Z>44.56</Z>
      <Wide>4</Wide>
    </Point>
    <Point>
      <X>1875.96</X>
      <Y>2756.38</Y>
      <Z>44.57</Z>
      <Wide>4</Wide>
    </Point>
    <Point>
      <X>1876.54</X>
      <Y>2755.57</Y>
      <Z>44.57</Z>
      <Wide>4</Wide>
    </Point>
    <Point>
      <X>1877.11</X>
      <Y>2754.75</Y>
      <Z>44.57</Z>
      <Wide>4</Wide>
    </Point>
    <Point>
      <X>1877.69</X>
      <Y>2753.93</Y>
      <Z>44.57</Z>
      <Wide>4</Wide>
    </Point>
    <Point>
      <X>1878.27</X>
      <Y>2753.12</Y>
      <Z>44.57</Z>
      <Wide>4</Wide>
    </Point>
    <Point>
      <X>1878.85</X>
      <Y>2752.3</Y>
      <Z>44.57</Z>
      <Wide>4</Wide>
    </Point>
    <Point>
      <X>1879.42</X>
      <Y>2751.48</Y>
      <Z>44.57</Z>
      <Wide>4</Wide>
    </Point>
    <Point>
      <X>1880</X>
      <Y>2750.67</Y>
      <Z>44.57</Z>
      <Wide>4</Wide>
    </Point>
    <Point>
      <X>1880.58</X>
      <Y>2749.85</Y>
      <Z>44.56</Z>
      <Wide>4</Wide>
    </Point>
    <Point>
      <X>1881.16</X>
      <Y>2749.04</Y>
      <Z>44.56</Z>
      <Wide>4</Wide>
    </Point>
    <Point>
      <X>1881.73</X>
      <Y>2748.22</Y>
      <Z>44.55</Z>
      <Wide>4</Wide>
    </Point>
    <Point>
      <X>1882.31</X>
      <Y>2747.4</Y>
      <Z>44.55</Z>
      <Wide>4</Wide>
    </Point>
    <Point>
      <X>1882.89</X>
      <Y>2746.59</Y>
      <Z>44.55</Z>
      <Wide>4</Wide>
    </Point>
    <Point>
      <X>1883.47</X>
      <Y>2745.77</Y>
      <Z>44.54</Z>
      <Wide>4</Wide>
    </Point>
    <Point>
      <X>1884.04</X>
      <Y>2744.95</Y>
      <Z>44.54</Z>
      <Wide>4</Wide>
    </Point>
    <Point>
      <X>1884.62</X>
      <Y>2744.14</Y>
      <Z>44.54</Z>
      <Wide>4</Wide>
    </Point>
    <Point>
      <X>1885.2</X>
      <Y>2743.32</Y>
      <Z>44.54</Z>
      <Wide>4</Wide>
    </Point>
    <Point>
      <X>1885.78</X>
      <Y>2742.5</Y>
      <Z>44.53</Z>
      <Wide>4</Wide>
    </Point>
    <Point>
      <X>1886.35</X>
      <Y>2741.69</Y>
      <Z>44.53</Z>
      <Wide>4</Wide>
    </Point>
    <Point>
      <X>1886.93</X>
      <Y>2740.87</Y>
      <Z>44.52</Z>
      <Wide>4</Wide>
    </Point>
    <Point>
      <X>1887.51</X>
      <Y>2740.05</Y>
      <Z>44.52</Z>
      <Wide>4</Wide>
    </Point>
    <Point>
      <X>1888.09</X>
      <Y>2739.24</Y>
      <Z>44.52</Z>
      <Wide>4</Wide>
    </Point>
    <Point>
      <X>1888.66</X>
      <Y>2738.42</Y>
      <Z>44.52</Z>
      <Wide>4</Wide>
    </Point>
    <Point>
      <X>1889.24</X>
      <Y>2737.61</Y>
      <Z>44.5</Z>
      <Wide>4</Wide>
    </Point>
    <Point>
      <X>1889.82</X>
      <Y>2736.79</Y>
      <Z>44.49</Z>
      <Wide>4</Wide>
    </Point>
    <Point>
      <X>1890.39</X>
      <Y>2735.97</Y>
      <Z>44.49</Z>
      <Wide>4</Wide>
    </Point>
    <Point>
      <X>1890.97</X>
      <Y>2735.16</Y>
      <Z>44.48</Z>
      <Wide>4</Wide>
    </Point>
    <Point>
      <X>1891.55</X>
      <Y>2734.34</Y>
      <Z>44.47</Z>
      <Wide>4</Wide>
    </Point>
    <Point>
      <X>1892.13</X>
      <Y>2733.52</Y>
      <Z>44.46</Z>
      <Wide>4</Wide>
    </Point>
    <Point>
      <X>1892.7</X>
      <Y>2732.71</Y>
      <Z>44.44</Z>
      <Wide>4</Wide>
    </Point>
    <Point>
      <X>1893.28</X>
      <Y>2731.89</Y>
      <Z>44.42</Z>
      <Wide>4</Wide>
    </Point>
    <Point>
      <X>1893.86</X>
      <Y>2731.07</Y>
      <Z>44.41</Z>
      <Wide>4</Wide>
    </Point>
    <Point>
      <X>1894.43</X>
      <Y>2730.26</Y>
      <Z>44.39</Z>
      <Wide>4</Wide>
    </Point>
    <Point>
      <X>1895.01</X>
      <Y>2729.44</Y>
      <Z>44.37</Z>
      <Wide>4</Wide>
    </Point>
    <Point>
      <X>1895.59</X>
      <Y>2728.62</Y>
      <Z>44.35</Z>
      <Wide>4</Wide>
    </Point>
    <Point>
      <X>1896.16</X>
      <Y>2727.81</Y>
      <Z>44.33</Z>
      <Wide>4</Wide>
    </Point>
    <Point>
      <X>1896.74</X>
      <Y>2726.99</Y>
      <Z>44.3</Z>
      <Wide>4</Wide>
    </Point>
    <Point>
      <X>1897.32</X>
      <Y>2726.17</Y>
      <Z>44.28</Z>
      <Wide>4</Wide>
    </Point>
    <Point>
      <X>1897.9</X>
      <Y>2725.35</Y>
      <Z>44.25</Z>
      <Wide>4</Wide>
    </Point>
    <Point>
      <X>1898.47</X>
      <Y>2724.54</Y>
      <Z>44.23</Z>
      <Wide>4</Wide>
    </Point>
    <Point>
      <X>1899.63</X>
      <Y>2722.9</Y>
      <Z>44.26</Z>
      <Wide>4</Wide>
    </Point>
    <Point>
      <X>1900.2</X>
      <Y>2722.09</Y>
      <Z>44.27</Z>
      <Wide>4</Wide>
    </Point>
    <Point>
      <X>1900.78</X>
      <Y>2721.27</Y>
      <Z>44.32</Z>
      <Wide>4</Wide>
    </Point>
    <Point>
      <X>1901.36</X>
      <Y>2720.46</Y>
      <Z>44.34</Z>
      <Wide>4</Wide>
    </Point>
    <Point>
      <X>1901.94</X>
      <Y>2719.64</Y>
      <Z>44.36</Z>
      <Wide>4</Wide>
    </Point>
    <Point>
      <X>1902.51</X>
      <Y>2718.82</Y>
      <Z>44.38</Z>
      <Wide>4</Wide>
    </Point>
    <Point>
      <X>1903.09</X>
      <Y>2718.01</Y>
      <Z>44.39</Z>
      <Wide>4</Wide>
    </Point>
    <Point>
      <X>1903.67</X>
      <Y>2717.19</Y>
      <Z>44.4</Z>
      <Wide>4</Wide>
    </Point>
    <Point>
      <X>1904.25</X>
      <Y>2716.38</Y>
      <Z>44.41</Z>
      <Wide>4</Wide>
    </Point>
    <Point>
      <X>1904.83</X>
      <Y>2715.56</Y>
      <Z>44.42</Z>
      <Wide>4</Wide>
    </Point>
    <Point>
      <X>1905.41</X>
      <Y>2714.74</Y>
      <Z>44.43</Z>
      <Wide>4</Wide>
    </Point>
    <Point>
      <X>1905.99</X>
      <Y>2713.93</Y>
      <Z>44.43</Z>
      <Wide>4</Wide>
    </Point>
    <Point>
      <X>1906.57</X>
      <Y>2713.11</Y>
      <Z>44.43</Z>
      <Wide>4</Wide>
    </Point>
    <Point>
      <X>1907.15</X>
      <Y>2712.3</Y>
      <Z>44.44</Z>
      <Wide>4</Wide>
    </Point>
    <Point>
      <X>1907.73</X>
      <Y>2711.49</Y>
      <Z>44.44</Z>
      <Wide>4</Wide>
    </Point>
    <Point>
      <X>1908.31</X>
      <Y>2710.67</Y>
      <Z>44.43</Z>
      <Wide>4</Wide>
    </Point>
    <Point>
      <X>1908.89</X>
      <Y>2709.86</Y>
      <Z>44.41</Z>
      <Wide>4</Wide>
    </Point>
    <Point>
      <X>1909.47</X>
      <Y>2709.04</Y>
      <Z>44.41</Z>
      <Wide>4</Wide>
    </Point>
    <Point>
      <X>1910.05</X>
      <Y>2708.23</Y>
      <Z>44.42</Z>
      <Wide>4</Wide>
    </Point>
    <Point>
      <X>1910.63</X>
      <Y>2707.41</Y>
      <Z>44.43</Z>
      <Wide>4</Wide>
    </Point>
    <Point>
      <X>1911.21</X>
      <Y>2706.6</Y>
      <Z>44.44</Z>
      <Wide>4</Wide>
    </Point>
    <Point>
      <X>1911.79</X>
      <Y>2705.79</Y>
      <Z>44.44</Z>
      <Wide>4</Wide>
    </Point>
    <Point>
      <X>1912.37</X>
      <Y>2704.97</Y>
      <Z>44.44</Z>
      <Wide>4</Wide>
    </Point>
    <Point>
      <X>1912.95</X>
      <Y>2704.16</Y>
      <Z>44.43</Z>
      <Wide>4</Wide>
    </Point>
    <Point>
      <X>1913.54</X>
      <Y>2703.35</Y>
      <Z>44.42</Z>
      <Wide>4</Wide>
    </Point>
    <Point>
      <X>1914.12</X>
      <Y>2702.53</Y>
      <Z>44.41</Z>
      <Wide>4</Wide>
    </Point>
    <Point>
      <X>1914.7</X>
      <Y>2701.72</Y>
      <Z>44.41</Z>
      <Wide>4</Wide>
    </Point>
    <Point>
      <X>1915.28</X>
      <Y>2700.91</Y>
      <Z>44.41</Z>
      <Wide>4</Wide>
    </Point>
    <Point>
      <X>1915.87</X>
      <Y>2700.09</Y>
      <Z>44.41</Z>
      <Wide>4</Wide>
    </Point>
    <Point>
      <X>1916.45</X>
      <Y>2699.28</Y>
      <Z>44.41</Z>
      <Wide>4</Wide>
    </Point>
    <Point>
      <X>1917.03</X>
      <Y>2698.47</Y>
      <Z>44.42</Z>
      <Wide>4</Wide>
    </Point>
    <Point>
      <X>1917.62</X>
      <Y>2697.66</Y>
      <Z>44.42</Z>
      <Wide>4</Wide>
    </Point>
    <Point>
      <X>1918.2</X>
      <Y>2696.84</Y>
      <Z>44.43</Z>
      <Wide>4</Wide>
    </Point>
    <Point>
      <X>1918.78</X>
      <Y>2696.03</Y>
      <Z>44.45</Z>
      <Wide>4</Wide>
    </Point>
    <Point>
      <X>1919.37</X>
      <Y>2695.22</Y>
      <Z>44.47</Z>
      <Wide>4</Wide>
    </Point>
    <Point>
      <X>1919.95</X>
      <Y>2694.41</Y>
      <Z>44.49</Z>
      <Wide>4</Wide>
    </Point>
    <Point>
      <X>1920.53</X>
      <Y>2693.6</Y>
      <Z>44.5</Z>
      <Wide>4</Wide>
    </Point>
    <Point>
      <X>1921.12</X>
      <Y>2692.79</Y>
      <Z>44.52</Z>
      <Wide>4</Wide>
    </Point>
    <Point>
      <X>1921.7</X>
      <Y>2691.98</Y>
      <Z>44.52</Z>
      <Wide>4</Wide>
    </Point>
    <Point>
      <X>1922.29</X>
      <Y>2691.16</Y>
      <Z>44.52</Z>
      <Wide>4</Wide>
    </Point>
    <Point>
      <X>1922.87</X>
      <Y>2690.35</Y>
      <Z>44.52</Z>
      <Wide>4</Wide>
    </Point>
    <Point>
      <X>1923.46</X>
      <Y>2689.54</Y>
      <Z>44.52</Z>
      <Wide>4</Wide>
    </Point>
    <Point>
      <X>1924.04</X>
      <Y>2688.73</Y>
      <Z>44.52</Z>
      <Wide>4</Wide>
    </Point>
    <Point>
      <X>1924.63</X>
      <Y>2687.92</Y>
      <Z>44.5</Z>
      <Wide>4</Wide>
    </Point>
    <Point>
      <X>1925.22</X>
      <Y>2687.11</Y>
      <Z>44.48</Z>
      <Wide>4</Wide>
    </Point>
    <Point>
      <X>1925.8</X>
      <Y>2686.3</Y>
      <Z>44.45</Z>
      <Wide>4</Wide>
    </Point>
    <Point>
      <X>1926.39</X>
      <Y>2685.49</Y>
      <Z>44.43</Z>
      <Wide>4</Wide>
    </Point>
    <Point>
      <X>1926.97</X>
      <Y>2684.68</Y>
      <Z>44.41</Z>
      <Wide>4</Wide>
    </Point>
    <Point>
      <X>1927.56</X>
      <Y>2683.87</Y>
      <Z>44.4</Z>
      <Wide>4</Wide>
    </Point>
    <Point>
      <X>1928.15</X>
      <Y>2683.06</Y>
      <Z>44.4</Z>
      <Wide>4</Wide>
    </Point>
    <Point>
      <X>1928.74</X>
      <Y>2682.25</Y>
      <Z>44.4</Z>
      <Wide>4</Wide>
    </Point>
    <Point>
      <X>1929.32</X>
      <Y>2681.44</Y>
      <Z>44.4</Z>
      <Wide>4</Wide>
    </Point>
    <Point>
      <X>1930.52</X>
      <Y>2679.85</Y>
      <Z>44.38</Z>
      <Wide>4</Wide>
    </Point>
    <Point>
      <X>1931.13</X>
      <Y>2679.06</Y>
      <Z>44.38</Z>
      <Wide>4</Wide>
    </Point>
    <Point>
      <X>1931.76</X>
      <Y>2678.28</Y>
      <Z>44.39</Z>
      <Wide>4</Wide>
    </Point>
    <Point>
      <X>1932.4</X>
      <Y>2677.51</Y>
      <Z>44.4</Z>
      <Wide>4</Wide>
    </Point>
    <Point>
      <X>1933.05</X>
      <Y>2676.75</Y>
      <Z>44.41</Z>
      <Wide>4</Wide>
    </Point>
    <Point>
      <X>1933.71</X>
      <Y>2676</Y>
      <Z>44.42</Z>
      <Wide>4</Wide>
    </Point>
    <Point>
      <X>1935.08</X>
      <Y>2674.59</Y>
      <Z>44.36</Z>
      <Wide>4</Wide>
    </Point>
    <Point>
      <X>1935.82</X>
      <Y>2673.93</Y>
      <Z>44.3</Z>
      <Wide>4</Wide>
    </Point>
    <Point>
      <X>1936.6</X>
      <Y>2673.32</Y>
      <Z>44.24</Z>
      <Wide>4</Wide>
    </Point>
    <Point>
      <X>1937.43</X>
      <Y>2672.76</Y>
      <Z>44.21</Z>
      <Wide>4</Wide>
    </Point>
    <Point>
      <X>1938.3</X>
      <Y>2672.27</Y>
      <Z>44.23</Z>
      <Wide>4</Wide>
    </Point>
    <Point>
      <X>1939.2</X>
      <Y>2671.85</Y>
      <Z>44.25</Z>
      <Wide>4</Wide>
    </Point>
    <Point>
      <X>1940.13</X>
      <Y>2671.52</Y>
      <Z>44.26</Z>
      <Wide>4</Wide>
    </Point>
    <Point>
      <X>1941.08</X>
      <Y>2671.28</Y>
      <Z>44.26</Z>
      <Wide>4</Wide>
    </Point>
    <Point>
      <X>1942.07</X>
      <Y>2671.13</Y>
      <Z>44.26</Z>
      <Wide>4</Wide>
    </Point>
    <Point>
      <X>1943.06</X>
      <Y>2671.07</Y>
      <Z>44.27</Z>
      <Wide>4</Wide>
    </Point>
    <Point>
      <X>1944.06</X>
      <Y>2671.12</Y>
      <Z>44.27</Z>
      <Wide>4</Wide>
    </Point>
    <Point>
      <X>1945.04</X>
      <Y>2671.25</Y>
      <Z>44.27</Z>
      <Wide>4</Wide>
    </Point>
    <Point>
      <X>1946.01</X>
      <Y>2671.47</Y>
      <Z>44.27</Z>
      <Wide>4</Wide>
    </Point>
    <Point>
      <X>1946.96</X>
      <Y>2671.76</Y>
      <Z>44.26</Z>
      <Wide>4</Wide>
    </Point>
    <Point>
      <X>1947.88</X>
      <Y>2672.11</Y>
      <Z>44.28</Z>
      <Wide>4</Wide>
    </Point>
    <Point>
      <X>1948.78</X>
      <Y>2672.52</Y>
      <Z>44.3</Z>
      <Wide>4</Wide>
    </Point>
    <Point>
      <X>1949.65</X>
      <Y>2672.97</Y>
      <Z>44.31</Z>
      <Wide>4</Wide>
    </Point>
    <Point>
      <X>1950.51</X>
      <Y>2673.48</Y>
      <Z>44.31</Z>
      <Wide>4</Wide>
    </Point>
    <Point>
      <X>1951.34</X>
      <Y>2674.02</Y>
      <Z>44.31</Z>
      <Wide>4</Wide>
    </Point>
    <Point>
      <X>1953</X>
      <Y>2675.13</Y>
      <Z>44.31</Z>
      <Wide>4</Wide>
    </Point>
    <Point>
      <X>1953.83</X>
      <Y>2675.69</Y>
      <Z>44.3</Z>
      <Wide>4</Wide>
    </Point>
    <Point>
      <X>1954.64</X>
      <Y>2676.27</Y>
      <Z>44.29</Z>
      <Wide>4</Wide>
    </Point>
    <Point>
      <X>1955.46</X>
      <Y>2676.85</Y>
      <Z>44.29</Z>
      <Wide>4</Wide>
    </Point>
    <Point>
      <X>1956.26</X>
      <Y>2677.45</Y>
      <Z>44.29</Z>
      <Wide>4</Wide>
    </Point>
    <Point>
      <X>1957.8</X>
      <Y>2678.68</Y>
      <Z>44.29</Z>
      <Wide>4</Wide>
    </Point>
    <Point>
      <X>1958.53</X>
      <Y>2679.36</Y>
      <Z>44.29</Z>
      <Wide>4</Wide>
    </Point>
    <Point>
      <X>1959.22</X>
      <Y>2680.08</Y>
      <Z>44.31</Z>
      <Wide>4</Wide>
    </Point>
    <Point>
      <X>1959.86</X>
      <Y>2680.84</Y>
      <Z>44.34</Z>
      <Wide>4</Wide>
    </Point>
    <Point>
      <X>1960.44</X>
      <Y>2681.65</Y>
      <Z>44.37</Z>
      <Wide>4</Wide>
    </Point>
    <Point>
      <X>1960.95</X>
      <Y>2682.51</Y>
      <Z>44.4</Z>
      <Wide>4</Wide>
    </Point>
    <Point>
      <X>1961.38</X>
      <Y>2683.4</Y>
      <Z>44.4</Z>
      <Wide>4</Wide>
    </Point>
    <Point>
      <X>1961.72</X>
      <Y>2684.34</Y>
      <Z>44.4</Z>
      <Wide>4</Wide>
    </Point>
    <Point>
      <X>1961.96</X>
      <Y>2685.3</Y>
      <Z>44.39</Z>
      <Wide>4</Wide>
    </Point>
    <Point>
      <X>1962.09</X>
      <Y>2686.29</Y>
      <Z>44.36</Z>
      <Wide>4</Wide>
    </Point>
    <Point>
      <X>1962.12</X>
      <Y>2687.28</Y>
      <Z>44.33</Z>
      <Wide>4</Wide>
    </Point>
    <Point>
      <X>1962.04</X>
      <Y>2688.27</Y>
      <Z>44.32</Z>
      <Wide>4</Wide>
    </Point>
    <Point>
      <X>1961.87</X>
      <Y>2689.24</Y>
      <Z>44.28</Z>
      <Wide>4</Wide>
    </Point>
    <Point>
      <X>1961.61</X>
      <Y>2690.2</Y>
      <Z>44.27</Z>
      <Wide>4</Wide>
    </Point>
    <Point>
      <X>1961.28</X>
      <Y>2691.14</Y>
      <Z>44.25</Z>
      <Wide>4</Wide>
    </Point>
    <Point>
      <X>1960.88</X>
      <Y>2692.06</Y>
      <Z>44.24</Z>
      <Wide>4</Wide>
    </Point>
    <Point>
      <X>1960.43</X>
      <Y>2692.95</Y>
      <Z>44.29</Z>
      <Wide>4</Wide>
    </Point>
    <Point>
      <X>1959.93</X>
      <Y>2693.81</Y>
      <Z>44.33</Z>
      <Wide>4</Wide>
    </Point>
    <Point>
      <X>1959.39</X>
      <Y>2694.63</Y>
      <Z>44.38</Z>
      <Wide>4</Wide>
    </Point>
    <Point>
      <X>1958.83</X>
      <Y>2695.43</Y>
      <Z>44.43</Z>
      <Wide>4</Wide>
    </Point>
    <Point>
      <X>1957.68</X>
      <Y>2697.07</Y>
      <Z>44.48</Z>
      <Wide>4</Wide>
    </Point>
    <Point>
      <X>1957.11</X>
      <Y>2697.88</Y>
      <Z>44.51</Z>
      <Wide>4</Wide>
    </Point>
    <Point>
      <X>1956.53</X>
      <Y>2698.7</Y>
      <Z>44.54</Z>
      <Wide>4</Wide>
    </Point>
    <Point>
      <X>1955.96</X>
      <Y>2699.52</Y>
      <Z>44.58</Z>
      <Wide>4</Wide>
    </Point>
    <Point>
      <X>1955.39</X>
      <Y>2700.34</Y>
      <Z>44.58</Z>
      <Wide>4</Wide>
    </Point>
    <Point>
      <X>1954.82</X>
      <Y>2701.17</Y>
      <Z>44.58</Z>
      <Wide>4</Wide>
    </Point>
    <Point>
      <X>1954.25</X>
      <Y>2701.99</Y>
      <Z>44.57</Z>
      <Wide>4</Wide>
    </Point>
    <Point>
      <X>1953.68</X>
      <Y>2702.81</Y>
      <Z>44.56</Z>
      <Wide>4</Wide>
    </Point>
    <Point>
      <X>1953.11</X>
      <Y>2703.63</Y>
      <Z>44.55</Z>
      <Wide>4</Wide>
    </Point>
    <Point>
      <X>1952.54</X>
      <Y>2704.46</Y>
      <Z>44.54</Z>
      <Wide>4</Wide>
    </Point>
    <Point>
      <X>1951.98</X>
      <Y>2705.28</Y>
      <Z>44.51</Z>
      <Wide>4</Wide>
    </Point>
    <Point>
      <X>1951.41</X>
      <Y>2706.11</Y>
      <Z>44.49</Z>
      <Wide>4</Wide>
    </Point>
    <Point>
      <X>1950.85</X>
      <Y>2706.93</Y>
      <Z>44.49</Z>
      <Wide>4</Wide>
    </Point>
    <Point>
      <X>1950.28</X>
      <Y>2707.76</Y>
      <Z>44.5</Z>
      <Wide>4</Wide>
    </Point>
    <Point>
      <X>1949.72</X>
      <Y>2708.58</Y>
      <Z>44.5</Z>
      <Wide>4</Wide>
    </Point>
    <Point>
      <X>1949.16</X>
      <Y>2709.41</Y>
      <Z>44.5</Z>
      <Wide>4</Wide>
    </Point>
    <Point>
      <X>1948.6</X>
      <Y>2710.24</Y>
      <Z>44.51</Z>
      <Wide>4</Wide>
    </Point>
    <Point>
      <X>1948.04</X>
      <Y>2711.07</Y>
      <Z>44.51</Z>
      <Wide>4</Wide>
    </Point>
    <Point>
      <X>1947.48</X>
      <Y>2711.9</Y>
      <Z>44.51</Z>
      <Wide>4</Wide>
    </Point>
    <Point>
      <X>1946.92</X>
      <Y>2712.73</Y>
      <Z>44.51</Z>
      <Wide>4</Wide>
    </Point>
    <Point>
      <X>1946.37</X>
      <Y>2713.56</Y>
      <Z>44.52</Z>
      <Wide>4</Wide>
    </Point>
    <Point>
      <X>1945.25</X>
      <Y>2715.22</Y>
      <Z>44.54</Z>
      <Wide>4</Wide>
    </Point>
    <Point>
      <X>1944.69</X>
      <Y>2716.05</Y>
      <Z>44.54</Z>
      <Wide>4</Wide>
    </Point>
    <Point>
      <X>1944.13</X>
      <Y>2716.88</Y>
      <Z>44.55</Z>
      <Wide>4</Wide>
    </Point>
    <Point>
      <X>1943.57</X>
      <Y>2717.71</Y>
      <Z>44.54</Z>
      <Wide>4</Wide>
    </Point>
    <Point>
      <X>1943.01</X>
      <Y>2718.54</Y>
      <Z>44.54</Z>
      <Wide>4</Wide>
    </Point>
    <Point>
      <X>1942.45</X>
      <Y>2719.36</Y>
      <Z>44.54</Z>
      <Wide>4</Wide>
    </Point>
    <Point>
      <X>1941.89</X>
      <Y>2720.19</Y>
      <Z>44.53</Z>
      <Wide>4</Wide>
    </Point>
    <Point>
      <X>1941.33</X>
      <Y>2721.02</Y>
      <Z>44.53</Z>
      <Wide>4</Wide>
    </Point>
    <Point>
      <X>1940.77</X>
      <Y>2721.85</Y>
      <Z>44.54</Z>
      <Wide>4</Wide>
    </Point>
    <Point>
      <X>1940.21</X>
      <Y>2722.67</Y>
      <Z>44.56</Z>
      <Wide>4</Wide>
    </Point>
    <Point>
      <X>1939.64</X>
      <Y>2723.5</Y>
      <Z>44.57</Z>
      <Wide>4</Wide>
    </Point>
    <Point>
      <X>1939.08</X>
      <Y>2724.33</Y>
      <Z>44.57</Z>
      <Wide>4</Wide>
    </Point>
    <Point>
      <X>1938.52</X>
      <Y>2725.15</Y>
      <Z>44.57</Z>
      <Wide>4</Wide>
    </Point>
    <Point>
      <X>1937.95</X>
      <Y>2725.98</Y>
      <Z>44.56</Z>
      <Wide>4</Wide>
    </Point>
    <Point>
      <X>1937.39</X>
      <Y>2726.8</Y>
      <Z>44.56</Z>
      <Wide>4</Wide>
    </Point>
    <Point>
      <X>1936.82</X>
      <Y>2727.63</Y>
      <Z>44.56</Z>
      <Wide>4</Wide>
    </Point>
    <Point>
      <X>1936.26</X>
      <Y>2728.45</Y>
      <Z>44.57</Z>
      <Wide>4</Wide>
    </Point>
    <Point>
      <X>1935.69</X>
      <Y>2729.28</Y>
      <Z>44.58</Z>
      <Wide>4</Wide>
    </Point>
    <Point>
      <X>1935.12</X>
      <Y>2730.1</Y>
      <Z>44.58</Z>
      <Wide>4</Wide>
    </Point>
    <Point>
      <X>1934.56</X>
      <Y>2730.92</Y>
      <Z>44.59</Z>
      <Wide>4</Wide>
    </Point>
    <Point>
      <X>1933.99</X>
      <Y>2731.75</Y>
      <Z>44.6</Z>
      <Wide>4</Wide>
    </Point>
    <Point>
      <X>1933.42</X>
      <Y>2732.57</Y>
      <Z>44.58</Z>
      <Wide>4</Wide>
    </Point>
    <Point>
      <X>1932.85</X>
      <Y>2733.39</Y>
      <Z>44.58</Z>
      <Wide>4</Wide>
    </Point>
    <Point>
      <X>1932.28</X>
      <Y>2734.22</Y>
      <Z>44.58</Z>
      <Wide>4</Wide>
    </Point>
    <Point>
      <X>1931.71</X>
      <Y>2735.04</Y>
      <Z>44.58</Z>
      <Wide>4</Wide>
    </Point>
    <Point>
      <X>1931.14</X>
      <Y>2735.86</Y>
      <Z>44.59</Z>
      <Wide>4</Wide>
    </Point>
    <Point>
      <X>1930.57</X>
      <Y>2736.68</Y>
      <Z>44.59</Z>
      <Wide>4</Wide>
    </Point>
    <Point>
      <X>1930</X>
      <Y>2737.5</Y>
      <Z>44.58</Z>
      <Wide>4</Wide>
    </Point>
    <Point>
      <X>1929.43</X>
      <Y>2738.32</Y>
      <Z>44.57</Z>
      <Wide>4</Wide>
    </Point>
    <Point>
      <X>1928.86</X>
      <Y>2739.14</Y>
      <Z>44.57</Z>
      <Wide>4</Wide>
    </Point>
    <Point>
      <X>1928.29</X>
      <Y>2739.96</Y>
      <Z>44.56</Z>
      <Wide>4</Wide>
    </Point>
    <Point>
      <X>1927.71</X>
      <Y>2740.78</Y>
      <Z>44.57</Z>
      <Wide>4</Wide>
    </Point>
    <Point>
      <X>1927.14</X>
      <Y>2741.6</Y>
      <Z>44.57</Z>
      <Wide>4</Wide>
    </Point>
    <Point>
      <X>1926.56</X>
      <Y>2742.42</Y>
      <Z>44.56</Z>
      <Wide>4</Wide>
    </Point>
    <Point>
      <X>1925.99</X>
      <Y>2743.24</Y>
      <Z>44.56</Z>
      <Wide>4</Wide>
    </Point>
    <Point>
      <X>1925.41</X>
      <Y>2744.05</Y>
      <Z>44.56</Z>
      <Wide>4</Wide>
    </Point>
    <Point>
      <X>1924.84</X>
      <Y>2744.87</Y>
      <Z>44.55</Z>
      <Wide>4</Wide>
    </Point>
    <Point>
      <X>1924.26</X>
      <Y>2745.69</Y>
      <Z>44.55</Z>
      <Wide>4</Wide>
    </Point>
    <Point>
      <X>1923.69</X>
      <Y>2746.51</Y>
      <Z>44.51</Z>
      <Wide>4</Wide>
    </Point>
    <Point>
      <X>1923.11</X>
      <Y>2747.32</Y>
      <Z>44.51</Z>
      <Wide>4</Wide>
    </Point>
    <Point>
      <X>1922.53</X>
      <Y>2748.14</Y>
      <Z>44.51</Z>
      <Wide>4</Wide>
    </Point>
    <Point>
      <X>1921.95</X>
      <Y>2748.96</Y>
      <Z>44.5</Z>
      <Wide>4</Wide>
    </Point>
    <Point>
      <X>1921.37</X>
      <Y>2749.77</Y>
      <Z>44.52</Z>
      <Wide>4</Wide>
    </Point>
    <Point>
      <X>1920.8</X>
      <Y>2750.59</Y>
      <Z>44.52</Z>
      <Wide>4</Wide>
    </Point>
    <Point>
      <X>1920.22</X>
      <Y>2751.4</Y>
      <Z>44.5</Z>
      <Wide>4</Wide>
    </Point>
    <Point>
      <X>1919.64</X>
      <Y>2752.22</Y>
      <Z>44.48</Z>
      <Wide>4</Wide>
    </Point>
    <Point>
      <X>1919.06</X>
      <Y>2753.03</Y>
      <Z>44.47</Z>
      <Wide>4</Wide>
    </Point>
    <Point>
      <X>1918.47</X>
      <Y>2753.84</Y>
      <Z>44.46</Z>
      <Wide>4</Wide>
    </Point>
    <Point>
      <X>1917.89</X>
      <Y>2754.66</Y>
      <Z>44.46</Z>
      <Wide>4</Wide>
    </Point>
    <Point>
      <X>1917.31</X>
      <Y>2755.47</Y>
      <Z>44.44</Z>
      <Wide>4</Wide>
    </Point>
    <Point>
      <X>1916.73</X>
      <Y>2756.28</Y>
      <Z>44.43</Z>
      <Wide>4</Wide>
    </Point>
    <Point>
      <X>1915.56</X>
      <Y>2757.91</Y>
      <Z>44.41</Z>
      <Wide>4</Wide>
    </Point>
    <Point>
      <X>1914.98</X>
      <Y>2758.72</Y>
      <Z>44.41</Z>
      <Wide>4</Wide>
    </Point>
    <Point>
      <X>1914.4</X>
      <Y>2759.54</Y>
      <Z>44.39</Z>
      <Wide>4</Wide>
    </Point>
    <Point>
      <X>1913.82</X>
      <Y>2760.35</Y>
      <Z>44.37</Z>
      <Wide>4</Wide>
    </Point>
    <Point>
      <X>1913.24</X>
      <Y>2761.16</Y>
      <Z>44.34</Z>
      <Wide>4</Wide>
    </Point>
    <Point>
      <X>1912.66</X>
      <Y>2761.98</Y>
      <Z>44.32</Z>
      <Wide>4</Wide>
    </Point>
    <Point>
      <X>1912.07</X>
      <Y>2762.79</Y>
      <Z>44.29</Z>
      <Wide>4</Wide>
    </Point>
    <Point>
      <X>1911.49</X>
      <Y>2763.61</Y>
      <Z>44.26</Z>
      <Wide>4</Wide>
    </Point>
    <Point>
      <X>1910.91</X>
      <Y>2764.42</Y>
      <Z>44.27</Z>
      <Wide>4</Wide>
    </Point>
    <Point>
      <X>1910.33</X>
      <Y>2765.24</Y>
      <Z>44.26</Z>
      <Wide>4</Wide>
    </Point>
    <Point>
      <X>1909.75</X>
      <Y>2766.05</Y>
      <Z>44.24</Z>
      <Wide>4</Wide>
    </Point>
    <Point>
      <X>1909.17</X>
      <Y>2766.86</Y>
      <Z>44.3</Z>
      <Wide>4</Wide>
    </Point>
    <Point>
      <X>1908.59</X>
      <Y>2767.68</Y>
      <Z>44.36</Z>
      <Wide>4</Wide>
    </Point>
    <Point>
      <X>1908.01</X>
      <Y>2768.49</Y>
      <Z>44.41</Z>
      <Wide>4</Wide>
    </Point>
    <Point>
      <X>1907.43</X>
      <Y>2769.31</Y>
      <Z>44.42</Z>
      <Wide>4</Wide>
    </Point>
    <Point>
      <X>1906.86</X>
      <Y>2770.12</Y>
      <Z>44.45</Z>
      <Wide>4</Wide>
    </Point>
    <Point>
      <X>1906.28</X>
      <Y>2770.94</Y>
      <Z>44.47</Z>
      <Wide>4</Wide>
    </Point>
    <Point>
      <X>1905.7</X>
      <Y>2771.76</Y>
      <Z>44.47</Z>
      <Wide>4</Wide>
    </Point>
    <Point>
      <X>1905.12</X>
      <Y>2772.57</Y>
      <Z>44.48</Z>
      <Wide>4</Wide>
    </Point>
    <Point>
      <X>1904.54</X>
      <Y>2773.39</Y>
      <Z>44.48</Z>
      <Wide>4</Wide>
    </Point>
    <Point>
      <X>1903.96</X>
      <Y>2774.2</Y>
      <Z>44.5</Z>
      <Wide>4</Wide>
    </Point>
    <Point>
      <X>1903.39</X>
      <Y>2775.02</Y>
      <Z>44.51</Z>
      <Wide>4</Wide>
    </Point>
    <Point>
      <X>1902.81</X>
      <Y>2775.84</Y>
      <Z>44.51</Z>
      <Wide>4</Wide>
    </Point>
    <Point>
      <X>1902.23</X>
      <Y>2776.65</Y>
      <Z>44.52</Z>
      <Wide>4</Wide>
    </Point>
    <Point>
      <X>1901.65</X>
      <Y>2777.47</Y>
      <Z>44.51</Z>
      <Wide>4</Wide>
    </Point>
    <Point>
      <X>1901.08</X>
      <Y>2778.29</Y>
      <Z>44.49</Z>
      <Wide>4</Wide>
    </Point>
    <Point>
      <X>1900.5</X>
      <Y>2779.1</Y>
      <Z>44.45</Z>
      <Wide>4</Wide>
    </Point>
    <Point>
      <X>1899.92</X>
      <Y>2779.92</Y>
      <Z>44.42</Z>
      <Wide>4</Wide>
    </Point>
    <Point>
      <X>1899.35</X>
      <Y>2780.74</Y>
      <Z>44.42</Z>
      <Wide>4</Wide>
    </Point>
    <Point>
      <X>1898.77</X>
      <Y>2781.55</Y>
      <Z>44.43</Z>
      <Wide>4</Wide>
    </Point>
    <Point>
      <X>1898.19</X>
      <Y>2782.37</Y>
      <Z>44.44</Z>
      <Wide>4</Wide>
    </Point>
    <Point>
      <X>1897.62</X>
      <Y>2783.19</Y>
      <Z>44.45</Z>
      <Wide>4</Wide>
    </Point>
    <Point>
      <X>1897.04</X>
      <Y>2784.01</Y>
      <Z>44.45</Z>
      <Wide>4</Wide>
    </Point>
    <Point>
      <X>1896.47</X>
      <Y>2784.82</Y>
      <Z>44.43</Z>
      <Wide>4</Wide>
    </Point>
    <Point>
      <X>1895.89</X>
      <Y>2785.64</Y>
      <Z>44.42</Z>
      <Wide>4</Wide>
    </Point>
    <Point>
      <X>1895.32</X>
      <Y>2786.46</Y>
      <Z>44.41</Z>
      <Wide>4</Wide>
    </Point>
    <Point>
      <X>1894.74</X>
      <Y>2787.28</Y>
      <Z>44.41</Z>
      <Wide>4</Wide>
    </Point>
  </Route>
  <Objects>
    <Prop>
      <Model>-165867930</Model>
      <TextureVariation>0</TextureVariation>
      <X>1936.7</X>
      <Y>2723.89</Y>
      <Z>52.09</Z>
      <RotX>0</RotX>
      <RotY>0</RotY>
      <RotZ>-146.79</RotZ>
      <IsDynamic>True</IsDynamic>
    </Prop>
  </Objects>
</Data>