<Data>
  <Vehicle>
    <Name>190z</Name>
    <Class>SportsClassics</Class>
    <Disciplines>
      <Discipline>sportsclassics</Discipline>
      <Discipline>z190</Discipline>
      <Discipline>190z</Discipline>
    </Disciplines>
    <Model>838982985</Model>
    <Livery>-1</Livery>
    <Acceleration ModelName="190z">0.323</Acceleration>
    <Colors>
      <Primary>125</Primary>
      <Secondary>120</Secondary>
      <Pearl>125</Pearl>
      <Wheel>15</Wheel>
      <Dash>0</Dash>
      <Trim>6</Trim>
    </Colors>
    <WheelType>2</WheelType>
    <Mods>
      <Mod ModIndex="0">14</Mod>
      <Mod ModIndex="1">6</Mod>
      <Mod ModIndex="5">2</Mod>
      <Mod ModIndex="6">7</Mod>
      <Mod ModIndex="7">11</Mod>
      <Mod ModIndex="8">2</Mod>
      <Mod ModIndex="9">4</Mod>
      <Mod ModIndex="10">9</Mod>
      <Mod ModIndex="11">3</Mod>
      <Mod ModIndex="12">2</Mod>
      <Mod ModIndex="13">2</Mod>
      <Mod ModIndex="15">2</Mod>
      <Mod ModIndex="23">21</Mod>
      <Mod ModIndex="50">3</Mod>
      <Mod ModIndex="51">2</Mod>
      <Mod ModIndex="52">2</Mod>
      <Mod ModIndex="54">2</Mod>
      <Mod ModIndex="62">21</Mod>
      <ToggleMod ModIndex="18">1</ToggleMod>
      <ToggleMod ModIndex="57">1</ToggleMod>
    </Mods>
    <Extras />
  </Vehicle>
</Data>