<Data>
  <Vehicle>
    <Name>190z</Name>
    <Class>SportsClassics</Class>
    <Disciplines>
      <Discipline>sportsclassics</Discipline>
      <Discipline>z190</Discipline>
      <Discipline>190z</Discipline>
      <Discipline>sponsor</Discipline>
    </Disciplines>
    <Model>838982985</Model>
    <Livery>6</Livery>
    <Acceleration ModelName="190z">0.343</Acceleration>
    <Colors>
      <Primary>111</Primary>
      <Secondary>67</Secondary>
      <Pearl>0</Pearl>
      <Wheel>2</Wheel>
      <Dash>0</Dash>
      <Trim>22</Trim>
    </Colors>
    <WheelType>1</WheelType>
    <Mods>
      <Mod ModIndex="0">2</Mod>
      <Mod ModIndex="1">0</Mod>
      <Mod ModIndex="2">11</Mod>
      <Mod ModIndex="4">0</Mod>
      <Mod ModIndex="5">1</Mod>
      <Mod ModIndex="6">8</Mod>
      <Mod ModIndex="8">3</Mod>
      <Mod ModIndex="9">2</Mod>
      <Mod ModIndex="10">5</Mod>
      <Mod ModIndex="11">3</Mod>
      <Mod ModIndex="12">2</Mod>
      <Mod ModIndex="13">2</Mod>
      <Mod ModIndex="15">2</Mod>
      <Mod ModIndex="23">2</Mod>
      <Mod ModIndex="48">6</Mod>
      <Mod ModIndex="50">3</Mod>
      <Mod ModIndex="51">2</Mod>
      <Mod ModIndex="52">2</Mod>
      <Mod ModIndex="54">2</Mod>
      <Mod ModIndex="62">2</Mod>
      <ToggleMod ModIndex="18">1</ToggleMod>
      <ToggleMod ModIndex="57">1</ToggleMod>
    </Mods>
    <Extras />
  </Vehicle>
</Data>