<Data>
  <Vehicle>
    <Name>428 SSC</Name>
    <Class>Muscle</Class>
    <Disciplines>
      <Discipline>muscle</Discipline>
      <Discipline>dominatorc2</Discipline>
      <Discipline>hellenbach</Discipline>
      <Discipline>428ssc</Discipline>
    </Disciplines>
    <Model>-9767458</Model>
    <Livery>0</Livery>
    <Acceleration ModelName="428 SSC">0.325</Acceleration>
    <Colors>
      <Primary>27</Primary>
      <Secondary>111</Secondary>
      <Pearl>5</Pearl>
      <Wheel>156</Wheel>
      <Dash>0</Dash>
      <Trim>1</Trim>
    </Colors>
    <WheelType>1</WheelType>
    <Mods />
    <Extras />
  </Vehicle>
</Data>