<Data>
  <Vehicle>
    <Name>811</Name>
    <Class>Super</Class>
    <Disciplines>
      <Discipline>super</Discipline>
      <Discipline>pfister811</Discipline>
      <Discipline>811</Discipline>
      <Discipline>street</Discipline>
    </Disciplines>
    <Model>-1829802492</Model>
    <Livery>-1</Livery>
    <Acceleration ModelName="811">0.501</Acceleration>
    <Colors>
      <Primary>34</Primary>
      <Secondary>34</Secondary>
      <Pearl>47</Pearl>
      <Wheel>2</Wheel>
      <Dash>0</Dash>
      <Trim>0</Trim>
    </Colors>
    <WheelType>7</WheelType>
    <Mods>
      <Mod ModIndex="0">0</Mod>
      <Mod ModIndex="1">0</Mod>
      <Mod ModIndex="4">0</Mod>
      <Mod ModIndex="11">1</Mod>
      <Mod ModIndex="12">0</Mod>
      <Mod ModIndex="13">0</Mod>
      <Mod ModIndex="15">3</Mod>
      <Mod ModIndex="16">0</Mod>
      <Mod ModIndex="23">9</Mod>
      <Mod ModIndex="50">1</Mod>
      <Mod ModIndex="51">0</Mod>
      <Mod ModIndex="52">0</Mod>
      <Mod ModIndex="54">3</Mod>
      <Mod ModIndex="55">0</Mod>
      <Mod ModIndex="62">9</Mod>
      <ToggleMod ModIndex="18">1</ToggleMod>
      <ToggleMod ModIndex="57">1</ToggleMod>
    </Mods>
    <Extras />
  </Vehicle>
</Data>