<Data>
  <Vehicle>
    <Name>811</Name>
    <Class>Super</Class>
    <Disciplines>
      <Discipline>super</Discipline>
      <Discipline>pfister811</Discipline>
      <Discipline>811</Discipline>
      <Discipline>street</Discipline>
    </Disciplines>
    <Model>-1829802492</Model>
    <Livery>-1</Livery>
    <Acceleration ModelName="811">0.53</Acceleration>
    <Colors>
      <Primary>91</Primary>
      <Secondary>0</Secondary>
      <Pearl>0</Pearl>
      <Wheel>91</Wheel>
      <Dash>0</Dash>
      <Trim>0</Trim>
    </Colors>
    <WheelType>7</WheelType>
    <Mods>
      <Mod ModIndex="2">0</Mod>
      <Mod ModIndex="3">0</Mod>
      <Mod ModIndex="4">1</Mod>
      <Mod ModIndex="10">0</Mod>
      <Mod ModIndex="11">2</Mod>
      <Mod ModIndex="12">0</Mod>
      <Mod ModIndex="13">1</Mod>
      <Mod ModIndex="15">3</Mod>
      <Mod ModIndex="16">1</Mod>
      <Mod ModIndex="23">18</Mod>
      <Mod ModIndex="50">2</Mod>
      <Mod ModIndex="51">0</Mod>
      <Mod ModIndex="52">1</Mod>
      <Mod ModIndex="54">3</Mod>
      <Mod ModIndex="55">1</Mod>
      <Mod ModIndex="62">18</Mod>
      <ToggleMod ModIndex="18">1</ToggleMod>
      <ToggleMod ModIndex="57">1</ToggleMod>
    </Mods>
    <Extras />
  </Vehicle>
</Data>