<Data>
  <Vehicle>
    <Name>Alamo</Name>
    <Class>SUVs</Class>
    <Disciplines>
      <Discipline>suvs</Discipline>
      <Discipline>alamo</Discipline>
      <Discipline>alamo</Discipline>
    </Disciplines>
    <Model>-454630943</Model>
    <Livery>-1</Livery>
    <Acceleration ModelName="Alamo">0.19</Acceleration>
    <Colors>
      <Primary>2</Primary>
      <Secondary>2</Secondary>
      <Pearl>5</Pearl>
      <Wheel>156</Wheel>
      <Dash>0</Dash>
      <Trim>0</Trim>
    </Colors>
    <WheelType>3</WheelType>
    <Mods />
    <Extras />
  </Vehicle>
</Data>