<Data>
  <Vehicle>
    <Name>Ardent</Name>
    <Class>SportsClassics</Class>
    <Disciplines>
      <Discipline>sportsclassics</Discipline>
      <Discipline>ardent</Discipline>
      <Discipline>ardent</Discipline>
    </Disciplines>
    <Model>159274291</Model>
    <Livery>-1</Livery>
    <Acceleration ModelName="Ardent">0.399</Acceleration>
    <Colors>
      <Primary>112</Primary>
      <Secondary>0</Secondary>
      <Pearl>0</Pearl>
      <Wheel>0</Wheel>
      <Dash>93</Dash>
      <Trim>6</Trim>
    </Colors>
    <WheelType>0</WheelType>
    <Mods>
      <Mod ModIndex="1">3</Mod>
      <Mod ModIndex="10">1</Mod>
      <Mod ModIndex="11">3</Mod>
      <Mod ModIndex="12">2</Mod>
      <Mod ModIndex="13">3</Mod>
      <Mod ModIndex="15">2</Mod>
      <Mod ModIndex="23">18</Mod>
      <Mod ModIndex="50">3</Mod>
      <Mod ModIndex="51">2</Mod>
      <Mod ModIndex="52">3</Mod>
      <Mod ModIndex="54">2</Mod>
      <Mod ModIndex="62">18</Mod>
      <ToggleMod ModIndex="18">1</ToggleMod>
      <ToggleMod ModIndex="57">1</ToggleMod>
    </Mods>
    <Extras />
  </Vehicle>
</Data>