<Data>
  <Vehicle>
    <Name>Caracara 4x4</Name>
    <Class>OffRoad</Class>
    <Disciplines>
      <Discipline>offroad</Discipline>
      <Discipline>caracara2</Discipline>
      <Discipline>caracara4x4</Discipline>
      <Discipline>offroad</Discipline>
      <Discipline>raid</Discipline>
      <Discipline>sponsor</Discipline>
    </Disciplines>
    <Model>-1349095620</Model>
    <Livery>7</Livery>
    <Acceleration ModelName="Caracara 4x4">0.424</Acceleration>
    <Colors>
      <Primary>67</Primary>
      <Secondary>68</Secondary>
      <Pearl>67</Pearl>
      <Wheel>132</Wheel>
      <Dash>156</Dash>
      <Trim>0</Trim>
    </Colors>
    <WheelType>4</WheelType>
    <Mods>
      <Mod ModIndex="0">3</Mod>
      <Mod ModIndex="1">3</Mod>
      <Mod ModIndex="2">1</Mod>
      <Mod ModIndex="4">0</Mod>
      <Mod ModIndex="6">0</Mod>
      <Mod ModIndex="7">4</Mod>
      <Mod ModIndex="8">0</Mod>
      <Mod ModIndex="11">3</Mod>
      <Mod ModIndex="15">4</Mod>
      <Mod ModIndex="23">3</Mod>
      <Mod ModIndex="48">7</Mod>
      <Mod ModIndex="50">3</Mod>
      <Mod ModIndex="54">4</Mod>
      <Mod ModIndex="62">3</Mod>
      <ToggleMod ModIndex="18">1</ToggleMod>
      <ToggleMod ModIndex="57">1</ToggleMod>
    </Mods>
    <Extras />
  </Vehicle>
</Data>