<Data>
  <Vehicle>
    <Name>Baller</Name>
    <Class>SUVs</Class>
    <Disciplines>
      <Discipline>suvs</Discipline>
      <Discipline>baller2</Discipline>
      <Discipline>baller</Discipline>
    </Disciplines>
    <Model>142944341</Model>
    <Livery>-1</Livery>
    <Acceleration ModelName="Baller">0.305</Acceleration>
    <Colors>
      <Primary>5</Primary>
      <Secondary>0</Secondary>
      <Pearl>111</Pearl>
      <Wheel>156</Wheel>
      <Dash>0</Dash>
      <Trim>0</Trim>
    </Colors>
    <WheelType>0</WheelType>
    <Mods>
      <Mod ModIndex="11">3</Mod>
      <Mod ModIndex="12">2</Mod>
      <Mod ModIndex="13">2</Mod>
      <Mod ModIndex="15">3</Mod>
      <Mod ModIndex="23">49</Mod>
      <Mod ModIndex="50">3</Mod>
      <Mod ModIndex="51">2</Mod>
      <Mod ModIndex="52">2</Mod>
      <Mod ModIndex="54">3</Mod>
      <Mod ModIndex="62">49</Mod>
      <ToggleMod ModIndex="18">1</ToggleMod>
      <ToggleMod ModIndex="57">1</ToggleMod>
    </Mods>
    <Extras />
  </Vehicle>
</Data>