<Data>
  <Vehicle>
    <Name>Baller Classic</Name>
    <Class>SUVs</Class>
    <Disciplines>
      <Discipline>suvs</Discipline>
      <Discipline>ballerc</Discipline>
      <Discipline>ballerclassic</Discipline>
      <Discipline>offroad</Discipline>
    </Disciplines>
    <Model>459853344</Model>
    <Livery>-1</Livery>
    <Acceleration ModelName="Baller Classic">0.19</Acceleration>
    <Colors>
      <Primary>37</Primary>
      <Secondary>4</Secondary>
      <Pearl>120</Pearl>
      <Wheel>156</Wheel>
      <Dash>0</Dash>
      <Trim>0</Trim>
    </Colors>
    <WheelType>1</WheelType>
    <Mods />
    <Extras />
  </Vehicle>
</Data>