<Data>
  <Vehicle>
    <Name>Banshee 900R</Name>
    <Class>Super</Class>
    <Disciplines>
      <Discipline>super</Discipline>
      <Discipline>banshee2</Discipline>
      <Discipline>banshee900r</Discipline>
      <Discipline>racecar</Discipline>
    </Disciplines>
    <Model>633712403</Model>
    <Livery>3</Livery>
    <Acceleration ModelName="Banshee 900R">0.558</Acceleration>
    <Colors>
      <Primary>0</Primary>
      <Secondary>0</Secondary>
      <Pearl>0</Pearl>
      <Wheel>119</Wheel>
      <Dash>42</Dash>
      <Trim>89</Trim>
    </Colors>
    <WheelType>0</WheelType>
    <Mods>
      <Mod ModIndex="0">0</Mod>
      <Mod ModIndex="1">2</Mod>
      <Mod ModIndex="3">3</Mod>
      <Mod ModIndex="4">2</Mod>
      <Mod ModIndex="7">0</Mod>
      <Mod ModIndex="8">0</Mod>
      <Mod ModIndex="11">3</Mod>
      <Mod ModIndex="12">2</Mod>
      <Mod ModIndex="13">2</Mod>
      <Mod ModIndex="15">2</Mod>
      <Mod ModIndex="23">20</Mod>
      <Mod ModIndex="29">0</Mod>
      <Mod ModIndex="31">2</Mod>
      <Mod ModIndex="32">8</Mod>
      <Mod ModIndex="33">2</Mod>
      <Mod ModIndex="39">1</Mod>
      <Mod ModIndex="41">5</Mod>
      <Mod ModIndex="48">3</Mod>
      <Mod ModIndex="50">3</Mod>
      <Mod ModIndex="51">2</Mod>
      <Mod ModIndex="52">2</Mod>
      <Mod ModIndex="54">2</Mod>
      <Mod ModIndex="62">20</Mod>
      <ToggleMod ModIndex="18">1</ToggleMod>
      <ToggleMod ModIndex="22">1</ToggleMod>
      <ToggleMod ModIndex="57">1</ToggleMod>
      <ToggleMod ModIndex="61">1</ToggleMod>
    </Mods>
    <Extras>
      <Extra>2</Extra>
    </Extras>
  </Vehicle>
</Data>