<Data>
  <Vehicle>
    <Name>Banshee 900R</Name>
    <Class>Super</Class>
    <Disciplines>
      <Discipline>super</Discipline>
      <Discipline>banshee2</Discipline>
      <Discipline>banshee900r</Discipline>
      <Discipline>street</Discipline>
    </Disciplines>
    <Model>633712403</Model>
    <Livery>2</Livery>
    <Acceleration ModelName="Banshee 900R">0.594</Acceleration>
    <Colors>
      <Primary>15</Primary>
      <Secondary>111</Secondary>
      <Pearl>0</Pearl>
      <Wheel>0</Wheel>
      <Dash>112</Dash>
      <Trim>0</Trim>
    </Colors>
    <WheelType>0</WheelType>
    <Mods>
      <Mod ModIndex="1">2</Mod>
      <Mod ModIndex="3">3</Mod>
      <Mod ModIndex="4">3</Mod>
      <Mod ModIndex="6">1</Mod>
      <Mod ModIndex="7">2</Mod>
      <Mod ModIndex="11">3</Mod>
      <Mod ModIndex="12">2</Mod>
      <Mod ModIndex="13">2</Mod>
      <Mod ModIndex="15">2</Mod>
      <Mod ModIndex="23">18</Mod>
      <Mod ModIndex="29">2</Mod>
      <Mod ModIndex="31">0</Mod>
      <Mod ModIndex="32">4</Mod>
      <Mod ModIndex="33">14</Mod>
      <Mod ModIndex="39">3</Mod>
      <Mod ModIndex="41">10</Mod>
      <Mod ModIndex="48">2</Mod>
      <Mod ModIndex="50">3</Mod>
      <Mod ModIndex="51">2</Mod>
      <Mod ModIndex="52">2</Mod>
      <Mod ModIndex="54">2</Mod>
      <Mod ModIndex="62">18</Mod>
      <ToggleMod ModIndex="18">1</ToggleMod>
      <ToggleMod ModIndex="57">1</ToggleMod>
    </Mods>
    <Extras>
      <Extra>2</Extra>
    </Extras>
  </Vehicle>
</Data>