<Data>
  <Vehicle>
    <Name>Banshee 900R</Name>
    <Class>Super</Class>
    <Disciplines>
      <Discipline>super</Discipline>
      <Discipline>banshee2</Discipline>
      <Discipline>banshee900r</Discipline>
      <Discipline>street</Discipline>
    </Disciplines>
    <Model>633712403</Model>
    <Livery>-1</Livery>
    <Acceleration ModelName="Banshee 900R">0.558</Acceleration>
    <Colors>
      <Primary>111</Primary>
      <Secondary>111</Secondary>
      <Pearl>54</Pearl>
      <Wheel>119</Wheel>
      <Dash>134</Dash>
      <Trim>42</Trim>
    </Colors>
    <WheelType>0</WheelType>
    <Mods>
      <Mod ModIndex="0">4</Mod>
      <Mod ModIndex="1">4</Mod>
      <Mod ModIndex="3">4</Mod>
      <Mod ModIndex="4">3</Mod>
      <Mod ModIndex="6">3</Mod>
      <Mod ModIndex="7">0</Mod>
      <Mod ModIndex="8">1</Mod>
      <Mod ModIndex="11">3</Mod>
      <Mod ModIndex="12">2</Mod>
      <Mod ModIndex="13">2</Mod>
      <Mod ModIndex="15">2</Mod>
      <Mod ModIndex="23">35</Mod>
      <Mod ModIndex="29">2</Mod>
      <Mod ModIndex="31">0</Mod>
      <Mod ModIndex="32">10</Mod>
      <Mod ModIndex="33">10</Mod>
      <Mod ModIndex="39">3</Mod>
      <Mod ModIndex="50">3</Mod>
      <Mod ModIndex="51">2</Mod>
      <Mod ModIndex="52">2</Mod>
      <Mod ModIndex="54">2</Mod>
      <Mod ModIndex="62">35</Mod>
      <ToggleMod ModIndex="18">1</ToggleMod>
      <ToggleMod ModIndex="22">1</ToggleMod>
      <ToggleMod ModIndex="57">1</ToggleMod>
      <ToggleMod ModIndex="61">1</ToggleMod>
    </Mods>
    <Extras>
      <Extra>2</Extra>
    </Extras>
  </Vehicle>
</Data>