<Data>
  <Vehicle>
    <Name>Banshee 900R</Name>
    <Class>Super</Class>
    <Disciplines>
      <Discipline>super</Discipline>
      <Discipline>banshee2</Discipline>
      <Discipline>banshee900r</Discipline>
      <Discipline>street</Discipline>
    </Disciplines>
    <Model>633712403</Model>
    <Livery>-1</Livery>
    <Acceleration ModelName="Banshee 900R">0.517</Acceleration>
    <Colors>
      <Primary>31</Primary>
      <Secondary>31</Secondary>
      <Pearl>29</Pearl>
      <Wheel>0</Wheel>
      <Dash>5</Dash>
      <Trim>8</Trim>
    </Colors>
    <WheelType>8</WheelType>
    <Mods>
      <Mod ModIndex="3">3</Mod>
      <Mod ModIndex="4">4</Mod>
      <Mod ModIndex="7">3</Mod>
      <Mod ModIndex="8">0</Mod>
      <Mod ModIndex="11">3</Mod>
      <Mod ModIndex="12">0</Mod>
      <Mod ModIndex="15">2</Mod>
      <Mod ModIndex="16">4</Mod>
      <Mod ModIndex="23">21</Mod>
      <Mod ModIndex="29">0</Mod>
      <Mod ModIndex="32">1</Mod>
      <Mod ModIndex="33">13</Mod>
      <Mod ModIndex="39">2</Mod>
      <Mod ModIndex="41">6</Mod>
      <Mod ModIndex="50">3</Mod>
      <Mod ModIndex="51">0</Mod>
      <Mod ModIndex="54">2</Mod>
      <Mod ModIndex="55">4</Mod>
      <Mod ModIndex="62">21</Mod>
      <ToggleMod ModIndex="18">1</ToggleMod>
      <ToggleMod ModIndex="22">1</ToggleMod>
      <ToggleMod ModIndex="57">1</ToggleMod>
      <ToggleMod ModIndex="61">1</ToggleMod>
    </Mods>
    <Extras>
      <Extra>2</Extra>
    </Extras>
  </Vehicle>
</Data>