<Data>
  <Vehicle>
    <Name>Banshee</Name>
    <Class>Sports</Class>
    <Disciplines>
      <Discipline>sports</Discipline>
      <Discipline>banshee</Discipline>
      <Discipline>banshee</Discipline>
    </Disciplines>
    <Model>-1041692462</Model>
    <Livery>-1</Livery>
    <Acceleration ModelName="Banshee">0.43</Acceleration>
    <Colors>
      <Primary>140</Primary>
      <Secondary>38</Secondary>
      <Pearl>102</Pearl>
      <Wheel>38</Wheel>
      <Dash>0</Dash>
      <Trim>0</Trim>
    </Colors>
    <WheelType>7</WheelType>
    <Mods>
      <Mod ModIndex="4">0</Mod>
      <Mod ModIndex="23">16</Mod>
      <Mod ModIndex="62">16</Mod>
      <ToggleMod ModIndex="18">1</ToggleMod>
      <ToggleMod ModIndex="57">1</ToggleMod>
    </Mods>
    <Extras>
      <Extra>2</Extra>
      <Extra>10</Extra>
    </Extras>
  </Vehicle>
</Data>