<Data>
  <Vehicle>
    <Name>Banshee</Name>
    <Class>Sports</Class>
    <Disciplines>
      <Discipline>sports</Discipline>
      <Discipline>banshee</Discipline>
      <Discipline>banshee</Discipline>
    </Disciplines>
    <Model>-1041692462</Model>
    <Livery>-1</Livery>
    <Acceleration ModelName="Banshee">0.465</Acceleration>
    <Colors>
      <Primary>1</Primary>
      <Secondary>1</Secondary>
      <Pearl>7</Pearl>
      <Wheel>0</Wheel>
      <Dash>0</Dash>
      <Trim>0</Trim>
    </Colors>
    <WheelType>0</WheelType>
    <Mods>
      <Mod ModIndex="4">1</Mod>
      <Mod ModIndex="11">3</Mod>
      <Mod ModIndex="12">2</Mod>
      <Mod ModIndex="13">2</Mod>
      <Mod ModIndex="15">3</Mod>
      <Mod ModIndex="23">9</Mod>
      <Mod ModIndex="50">3</Mod>
      <Mod ModIndex="51">2</Mod>
      <Mod ModIndex="52">2</Mod>
      <Mod ModIndex="54">3</Mod>
      <Mod ModIndex="62">9</Mod>
      <ToggleMod ModIndex="18">1</ToggleMod>
      <ToggleMod ModIndex="57">1</ToggleMod>
    </Mods>
    <Extras>
      <Extra>2</Extra>
    </Extras>
  </Vehicle>
</Data>