<Data>
  <Vehicle>
    <Name>Brawler</Name>
    <Class>OffRoad</Class>
    <Disciplines>
      <Discipline>offroad</Discipline>
      <Discipline>brawler</Discipline>
      <Discipline>brawler</Discipline>
      <Discipline>raid</Discipline>
    </Disciplines>
    <Model>-1479664699</Model>
    <Livery>-1</Livery>
    <Acceleration ModelName="Brawler">0.19</Acceleration>
    <Colors>
      <Primary>70</Primary>
      <Secondary>55</Secondary>
      <Pearl>3</Pearl>
      <Wheel>0</Wheel>
      <Dash>0</Dash>
      <Trim>0</Trim>
    </Colors>
    <WheelType>4</WheelType>
    <Mods />
    <Extras />
  </Vehicle>
</Data>