<Data>
  <Vehicle>
    <Name>Buccaneer Custom</Name>
    <Class>Muscle</Class>
    <Disciplines>
      <Discipline>muscle</Discipline>
      <Discipline>buccanee2</Discipline>
      <Discipline>buccaneercustom</Discipline>
    </Disciplines>
    <Model>-1013450936</Model>
    <Livery>7</Livery>
    <Acceleration ModelName="Buccaneer Custom">0.314</Acceleration>
    <Colors>
      <Primary>53</Primary>
      <Secondary>12</Secondary>
      <Pearl>59</Pearl>
      <Wheel>0</Wheel>
      <Dash>111</Dash>
      <Trim>53</Trim>
    </Colors>
    <WheelType>2</WheelType>
    <Mods>
      <Mod ModIndex="4">0</Mod>
      <Mod ModIndex="6">0</Mod>
      <Mod ModIndex="7">0</Mod>
      <Mod ModIndex="8">0</Mod>
      <Mod ModIndex="11">3</Mod>
      <Mod ModIndex="12">2</Mod>
      <Mod ModIndex="13">2</Mod>
      <Mod ModIndex="23">22</Mod>
      <Mod ModIndex="25">12</Mod>
      <Mod ModIndex="26">14</Mod>
      <Mod ModIndex="27">8</Mod>
      <Mod ModIndex="28">5</Mod>
      <Mod ModIndex="30">5</Mod>
      <Mod ModIndex="33">4</Mod>
      <Mod ModIndex="34">12</Mod>
      <Mod ModIndex="35">3</Mod>
      <Mod ModIndex="36">3</Mod>
      <Mod ModIndex="37">6</Mod>
      <Mod ModIndex="38">3</Mod>
      <Mod ModIndex="39">4</Mod>
      <Mod ModIndex="40">3</Mod>
      <Mod ModIndex="45">1</Mod>
      <Mod ModIndex="48">7</Mod>
      <Mod ModIndex="50">3</Mod>
      <Mod ModIndex="51">2</Mod>
      <Mod ModIndex="52">2</Mod>
      <Mod ModIndex="62">22</Mod>
      <ToggleMod ModIndex="18">1</ToggleMod>
      <ToggleMod ModIndex="57">1</ToggleMod>
    </Mods>
    <Extras>
      <Extra>4</Extra>
    </Extras>
  </Vehicle>
</Data>