<Data>
  <Vehicle>
    <Name>Buccaneer</Name>
    <Class>Muscle</Class>
    <Disciplines>
      <Discipline>muscle</Discipline>
      <Discipline>buccanee</Discipline>
      <Discipline>buccaneer</Discipline>
    </Disciplines>
    <Model>-682211828</Model>
    <Livery>-1</Livery>
    <Acceleration ModelName="Buccaneer">0.314</Acceleration>
    <Colors>
      <Primary>27</Primary>
      <Secondary>27</Secondary>
      <Pearl>36</Pearl>
      <Wheel>156</Wheel>
      <Dash>0</Dash>
      <Trim>0</Trim>
    </Colors>
    <WheelType>1</WheelType>
    <Mods>
      <Mod ModIndex="6">0</Mod>
      <Mod ModIndex="7">1</Mod>
      <Mod ModIndex="10">0</Mod>
      <Mod ModIndex="11">3</Mod>
      <Mod ModIndex="12">2</Mod>
      <Mod ModIndex="13">2</Mod>
      <Mod ModIndex="15">3</Mod>
      <Mod ModIndex="23">24</Mod>
      <Mod ModIndex="50">3</Mod>
      <Mod ModIndex="51">2</Mod>
      <Mod ModIndex="52">2</Mod>
      <Mod ModIndex="54">3</Mod>
      <Mod ModIndex="62">24</Mod>
      <ToggleMod ModIndex="18">1</ToggleMod>
      <ToggleMod ModIndex="57">1</ToggleMod>
    </Mods>
    <Extras>
      <Extra>10</Extra>
    </Extras>
  </Vehicle>
</Data>