<Data>
  <Vehicle>
    <Name>Buccaneer Custom</Name>
    <Class>Muscle</Class>
    <Disciplines>
      <Discipline>muscle</Discipline>
      <Discipline>buccanee2</Discipline>
      <Discipline>buccaneercustom</Discipline>
    </Disciplines>
    <Model>-1013450936</Model>
    <Livery>7</Livery>
    <Acceleration ModelName="Buccaneer Custom">0.314</Acceleration>
    <Colors>
      <Primary>50</Primary>
      <Secondary>51</Secondary>
      <Pearl>125</Pearl>
      <Wheel>56</Wheel>
      <Dash>111</Dash>
      <Trim>112</Trim>
    </Colors>
    <WheelType>8</WheelType>
    <Mods>
      <Mod ModIndex="4">0</Mod>
      <Mod ModIndex="7">1</Mod>
      <Mod ModIndex="11">3</Mod>
      <Mod ModIndex="12">2</Mod>
      <Mod ModIndex="13">2</Mod>
      <Mod ModIndex="23">33</Mod>
      <Mod ModIndex="25">2</Mod>
      <Mod ModIndex="27">5</Mod>
      <Mod ModIndex="30">0</Mod>
      <Mod ModIndex="33">9</Mod>
      <Mod ModIndex="36">2</Mod>
      <Mod ModIndex="37">5</Mod>
      <Mod ModIndex="38">1</Mod>
      <Mod ModIndex="39">4</Mod>
      <Mod ModIndex="40">0</Mod>
      <Mod ModIndex="45">1</Mod>
      <Mod ModIndex="48">7</Mod>
      <Mod ModIndex="50">3</Mod>
      <Mod ModIndex="51">2</Mod>
      <Mod ModIndex="52">2</Mod>
      <Mod ModIndex="62">33</Mod>
      <ToggleMod ModIndex="18">1</ToggleMod>
      <ToggleMod ModIndex="57">1</ToggleMod>
    </Mods>
    <Extras />
  </Vehicle>
</Data>