<Data>
  <Vehicle>
    <Name>Bullet</Name>
    <Class>Super</Class>
    <Disciplines>
      <Discipline>super</Discipline>
      <Discipline>bullet</Discipline>
      <Discipline>bullet</Discipline>
    </Disciplines>
    <Model>-1696146015</Model>
    <Livery>-1</Livery>
    <Acceleration ModelName="Bullet">0.51</Acceleration>
    <Colors>
      <Primary>28</Primary>
      <Secondary>111</Secondary>
      <Pearl>0</Pearl>
      <Wheel>0</Wheel>
      <Dash>0</Dash>
      <Trim>0</Trim>
    </Colors>
    <WheelType>0</WheelType>
    <Mods>
      <Mod ModIndex="11">3</Mod>
      <Mod ModIndex="12">2</Mod>
      <Mod ModIndex="13">2</Mod>
      <Mod ModIndex="15">3</Mod>
      <Mod ModIndex="16">4</Mod>
      <Mod ModIndex="23">42</Mod>
      <Mod ModIndex="50">3</Mod>
      <Mod ModIndex="51">2</Mod>
      <Mod ModIndex="52">2</Mod>
      <Mod ModIndex="54">3</Mod>
      <Mod ModIndex="55">4</Mod>
      <Mod ModIndex="62">42</Mod>
      <ToggleMod ModIndex="18">1</ToggleMod>
      <ToggleMod ModIndex="20">1</ToggleMod>
      <ToggleMod ModIndex="57">1</ToggleMod>
      <ToggleMod ModIndex="59">1</ToggleMod>
    </Mods>
    <Extras />
  </Vehicle>
</Data>