<Data>
  <Vehicle>
    <Name>Burger Shot Stallion</Name>
    <Class>Muscle</Class>
    <Disciplines>
      <Discipline>muscle</Discipline>
      <Discipline>stalion2</Discipline>
      <Discipline>burgershotstallion</Discipline>
      <Discipline>sponsor</Discipline>
    </Disciplines>
    <Model>-401643538</Model>
    <Livery>-1</Livery>
    <Acceleration ModelName="Burger Shot Stallion">0.271</Acceleration>
    <Colors>
      <Primary>112</Primary>
      <Secondary>134</Secondary>
      <Pearl>0</Pearl>
      <Wheel>29</Wheel>
      <Dash>0</Dash>
      <Trim>0</Trim>
    </Colors>
    <WheelType>1</WheelType>
    <Mods />
    <Extras />
  </Vehicle>
</Data>