<Data>
  <Vehicle>
    <Name>Cheetah Classic</Name>
    <Class>SportsClassics</Class>
    <Disciplines>
      <Discipline>sportsclassics</Discipline>
      <Discipline>cheetah2</Discipline>
      <Discipline>cheetahclassic</Discipline>
    </Disciplines>
    <Model>223240013</Model>
    <Livery>-1</Livery>
    <Acceleration ModelName="Cheetah Classic">0.354</Acceleration>
    <Colors>
      <Primary>88</Primary>
      <Secondary>88</Secondary>
      <Pearl>88</Pearl>
      <Wheel>0</Wheel>
      <Dash>93</Dash>
      <Trim>8</Trim>
    </Colors>
    <WheelType>5</WheelType>
    <Mods>
      <Mod ModIndex="0">3</Mod>
      <Mod ModIndex="1">0</Mod>
      <Mod ModIndex="3">0</Mod>
      <Mod ModIndex="4">0</Mod>
      <Mod ModIndex="7">1</Mod>
      <Mod ModIndex="8">0</Mod>
      <Mod ModIndex="9">3</Mod>
      <Mod ModIndex="11">3</Mod>
      <Mod ModIndex="12">2</Mod>
      <Mod ModIndex="13">3</Mod>
      <Mod ModIndex="15">2</Mod>
      <Mod ModIndex="23">0</Mod>
      <Mod ModIndex="50">3</Mod>
      <Mod ModIndex="51">2</Mod>
      <Mod ModIndex="52">3</Mod>
      <Mod ModIndex="54">2</Mod>
      <Mod ModIndex="62">0</Mod>
      <ToggleMod ModIndex="18">1</ToggleMod>
      <ToggleMod ModIndex="57">1</ToggleMod>
    </Mods>
    <Extras />
  </Vehicle>
</Data>