<Data>
  <Vehicle>
    <Name>Chernobog</Name>
    <Class>Military</Class>
    <Disciplines>
      <Discipline>military</Discipline>
      <Discipline>chernobog</Discipline>
      <Discipline>chernobog</Discipline>
    </Disciplines>
    <Model>-692292317</Model>
    <Livery>-1</Livery>
    <Acceleration ModelName="Chernobog">0.168</Acceleration>
    <Colors>
      <Primary>155</Primary>
      <Secondary>13</Secondary>
      <Pearl>6</Pearl>
      <Wheel>0</Wheel>
      <Dash>156</Dash>
      <Trim>8</Trim>
    </Colors>
    <WheelType>0</WheelType>
    <Mods />
    <Extras />
  </Vehicle>
</Data>