<Data>
  <Vehicle>
    <Name>Club GTR</Name>
    <Class>Compacts</Class>
    <Disciplines>
      <Discipline>compacts</Discipline>
      <Discipline>clubgtr</Discipline>
      <Discipline>clubgtr</Discipline>
    </Disciplines>
    <Model>-1935714584</Model>
    <Livery>-1</Livery>
    <Acceleration ModelName="Club GTR">0.225</Acceleration>
    <Colors>
      <Primary>74</Primary>
      <Secondary>74</Secondary>
      <Pearl>68</Pearl>
      <Wheel>156</Wheel>
      <Dash>0</Dash>
      <Trim>0</Trim>
    </Colors>
    <WheelType>5</WheelType>
    <Mods />
    <Extras>
      <Extra>2</Extra>
    </Extras>
  </Vehicle>
</Data>