<Data>
  <Vehicle>
    <Name>Comet Retro</Name>
    <Class>Sports</Class>
    <Disciplines>
      <Discipline>sports</Discipline>
      <Discipline>comet6</Discipline>
      <Discipline>cometretro</Discipline>
      <Discipline>street</Discipline>
      <Discipline>classic</Discipline>
    </Disciplines>
    <Model>-1726022652</Model>
    <Livery>3</Livery>
    <Acceleration ModelName="Comet Retro">0.457</Acceleration>
    <Colors>
      <Primary>112</Primary>
      <Secondary>112</Secondary>
      <Pearl>0</Pearl>
      <Wheel>156</Wheel>
      <Dash>1</Dash>
      <Trim>132</Trim>
    </Colors>
    <WheelType>0</WheelType>
    <Mods>
      <Mod ModIndex="11">0</Mod>
      <Mod ModIndex="33">11</Mod>
      <Mod ModIndex="48">3</Mod>
      <Mod ModIndex="50">0</Mod>
      <ToggleMod ModIndex="18">1</ToggleMod>
      <ToggleMod ModIndex="57">1</ToggleMod>
    </Mods>
    <Extras />
  </Vehicle>
</Data>