<Data>
  <Vehicle>
    <Name>Comet Retro Custom</Name>
    <Class>Sports</Class>
    <Disciplines>
      <Discipline>sports</Discipline>
      <Discipline>comet3</Discipline>
      <Discipline>cometretrocustom</Discipline>
      <Discipline>sponsor</Discipline>
    </Disciplines>
    <Model>-2022483795</Model>
    <Livery>5</Livery>
    <Acceleration ModelName="Comet Retro Custom">0.367</Acceleration>
    <Colors>
      <Primary>73</Primary>
      <Secondary>111</Secondary>
      <Pearl>73</Pearl>
      <Wheel>156</Wheel>
      <Dash>134</Dash>
      <Trim>158</Trim>
    </Colors>
    <WheelType>0</WheelType>
    <Mods>
      <Mod ModIndex="0">7</Mod>
      <Mod ModIndex="1">7</Mod>
      <Mod ModIndex="2">3</Mod>
      <Mod ModIndex="3">6</Mod>
      <Mod ModIndex="4">2</Mod>
      <Mod ModIndex="5">0</Mod>
      <Mod ModIndex="48">5</Mod>
      <ToggleMod ModIndex="18">1</ToggleMod>
      <ToggleMod ModIndex="57">1</ToggleMod>
    </Mods>
    <Extras />
  </Vehicle>
</Data>