<Data>
  <Vehicle>
    <Name>Contender Custom</Name>
    <Class>Sports</Class>
    <Disciplines>
      <Discipline>sports</Discipline>
      <Discipline>contenderc</Discipline>
      <Discipline>contendercustom</Discipline>
      <Discipline>street</Discipline>
    </Disciplines>
    <Model>802774449</Model>
    <Livery>-1</Livery>
    <Acceleration ModelName="Contender Custom">0.396</Acceleration>
    <Colors>
      <Primary>146</Primary>
      <Secondary>89</Secondary>
      <Pearl>145</Pearl>
      <Wheel>2</Wheel>
      <Dash>0</Dash>
      <Trim>0</Trim>
    </Colors>
    <WheelType>4</WheelType>
    <Mods>
      <Mod ModIndex="11">3</Mod>
      <Mod ModIndex="50">3</Mod>
    </Mods>
    <Extras />
  </Vehicle>
</Data>