<Data>
  <Vehicle>
    <Name>Coquette Phobos</Name>
    <Class>SportsClassics</Class>
    <Disciplines>
      <Discipline>sportsclassics</Discipline>
      <Discipline>coquette8</Discipline>
      <Discipline>coquettephobos</Discipline>
    </Disciplines>
    <Model>1609230412</Model>
    <Livery>-1</Livery>
    <Acceleration ModelName="Coquette Phobos">0.393</Acceleration>
    <Colors>
      <Primary>63</Primary>
      <Secondary>27</Secondary>
      <Pearl>87</Pearl>
      <Wheel>11</Wheel>
      <Dash>0</Dash>
      <Trim>19</Trim>
    </Colors>
    <WheelType>1</WheelType>
    <Mods>
      <Mod ModIndex="0">0</Mod>
      <Mod ModIndex="5">0</Mod>
      <Mod ModIndex="11">1</Mod>
      <Mod ModIndex="13">0</Mod>
      <Mod ModIndex="50">1</Mod>
      <Mod ModIndex="52">0</Mod>
    </Mods>
    <Extras>
      <Extra>2</Extra>
      <Extra>5</Extra>
    </Extras>
  </Vehicle>
</Data>