<Data>
  <Vehicle>
    <Name>Coquette Classic</Name>
    <Class>SportsClassics</Class>
    <Disciplines>
      <Discipline>sportsclassics</Discipline>
      <Discipline>coquette2</Discipline>
      <Discipline>coquetteclassic</Discipline>
    </Disciplines>
    <Model>1011753235</Model>
    <Livery>-1</Livery>
    <Acceleration ModelName="Coquette Classic">0.436</Acceleration>
    <Colors>
      <Primary>62</Primary>
      <Secondary>2</Secondary>
      <Pearl>68</Pearl>
      <Wheel>156</Wheel>
      <Dash>0</Dash>
      <Trim>0</Trim>
    </Colors>
    <WheelType>1</WheelType>
    <Mods>
      <Mod ModIndex="1">6</Mod>
      <Mod ModIndex="2">2</Mod>
      <Mod ModIndex="4">1</Mod>
      <Mod ModIndex="11">3</Mod>
      <Mod ModIndex="12">2</Mod>
      <Mod ModIndex="13">2</Mod>
      <Mod ModIndex="23">20</Mod>
      <Mod ModIndex="50">3</Mod>
      <Mod ModIndex="51">2</Mod>
      <Mod ModIndex="52">2</Mod>
      <Mod ModIndex="62">20</Mod>
      <ToggleMod ModIndex="18">1</ToggleMod>
      <ToggleMod ModIndex="57">1</ToggleMod>
    </Mods>
    <Extras>
      <Extra>1</Extra>
    </Extras>
  </Vehicle>
</Data>