<Data>
  <Vehicle>
    <Name>CW19 Sim</Name>
    <Class>Super</Class>
    <Disciplines>
      <Discipline>super</Discipline>
      <Discipline>cw2019s</Discipline>
      <Discipline>cw19sim</Discipline>
      <Discipline>entaragp</Discipline>
    </Disciplines>
    <Model>-1453821682</Model>
    <Livery>0</Livery>
    <Acceleration ModelName="CW19 Sim">0.381</Acceleration>
    <Colors>
      <Primary>64</Primary>
      <Secondary>111</Secondary>
      <Pearl>0</Pearl>
      <Wheel>132</Wheel>
      <Dash>156</Dash>
      <Trim>112</Trim>
    </Colors>
    <WheelType>7</WheelType>
    <Mods>
      <Mod ModIndex="48">0</Mod>
    </Mods>
    <Extras>
      <Extra>1</Extra>
      <Extra>2</Extra>
      <Extra>3</Extra>
      <Extra>4</Extra>
      <Extra>5</Extra>
      <Extra>7</Extra>
      <Extra>8</Extra>
      <Extra>10</Extra>
    </Extras>
  </Vehicle>
</Data>