<Data>
  <Vehicle>
    <Name>Cyclone</Name>
    <Class>Super</Class>
    <Disciplines>
      <Discipline>super</Discipline>
      <Discipline>cyclone</Discipline>
      <Discipline>cyclone</Discipline>
      <Discipline>street</Discipline>
    </Disciplines>
    <Model>1392481335</Model>
    <Livery>4</Livery>
    <Acceleration ModelName="Cyclone">0.159</Acceleration>
    <Colors>
      <Primary>112</Primary>
      <Secondary>68</Secondary>
      <Pearl>0</Pearl>
      <Wheel>120</Wheel>
      <Dash>0</Dash>
      <Trim>1</Trim>
    </Colors>
    <WheelType>7</WheelType>
    <Mods>
      <Mod ModIndex="0">3</Mod>
      <Mod ModIndex="1">0</Mod>
      <Mod ModIndex="3">0</Mod>
      <Mod ModIndex="48">4</Mod>
    </Mods>
    <Extras />
  </Vehicle>
</Data>