<Data>
  <Vehicle>
    <Name>Deviant</Name>
    <Class>Muscle</Class>
    <Disciplines>
      <Discipline>muscle</Discipline>
      <Discipline>deviant</Discipline>
      <Discipline>deviant</Discipline>
      <Discipline>street</Discipline>
    </Disciplines>
    <Model>1279262537</Model>
    <Livery>0</Livery>
    <Acceleration ModelName="Deviant">0.44</Acceleration>
    <Colors>
      <Primary>0</Primary>
      <Secondary>120</Secondary>
      <Pearl>0</Pearl>
      <Wheel>0</Wheel>
      <Dash>156</Dash>
      <Trim>2</Trim>
    </Colors>
    <WheelType>1</WheelType>
    <Mods>
      <Mod ModIndex="0">4</Mod>
      <Mod ModIndex="1">1</Mod>
      <Mod ModIndex="2">0</Mod>
      <Mod ModIndex="4">2</Mod>
      <Mod ModIndex="6">3</Mod>
      <Mod ModIndex="10">0</Mod>
      <Mod ModIndex="11">3</Mod>
      <Mod ModIndex="12">2</Mod>
      <Mod ModIndex="13">3</Mod>
      <Mod ModIndex="15">4</Mod>
      <Mod ModIndex="23">28</Mod>
      <Mod ModIndex="48">0</Mod>
      <Mod ModIndex="50">3</Mod>
      <Mod ModIndex="51">2</Mod>
      <Mod ModIndex="52">3</Mod>
      <Mod ModIndex="54">4</Mod>
      <Mod ModIndex="62">28</Mod>
      <ToggleMod ModIndex="18">1</ToggleMod>
      <ToggleMod ModIndex="57">1</ToggleMod>
    </Mods>
    <Extras>
      <Extra>2</Extra>
    </Extras>
  </Vehicle>
</Data>