<Data>
  <Vehicle>
    <Name>DF8-90</Name>
    <Class>Sedans</Class>
    <Disciplines>
      <Discipline>sedans</Discipline>
      <Discipline>df8</Discipline>
      <Discipline>df890</Discipline>
      <Discipline>street</Discipline>
    </Disciplines>
    <Model>162883121</Model>
    <Livery>-1</Livery>
    <Acceleration ModelName="DF8-90">0.359</Acceleration>
    <Colors>
      <Primary>38</Primary>
      <Secondary>38</Secondary>
      <Pearl>37</Pearl>
      <Wheel>156</Wheel>
      <Dash>0</Dash>
      <Trim>0</Trim>
    </Colors>
    <WheelType>5</WheelType>
    <Mods>
      <Mod ModIndex="11">3</Mod>
      <Mod ModIndex="12">0</Mod>
      <Mod ModIndex="13">0</Mod>
      <Mod ModIndex="50">3</Mod>
      <Mod ModIndex="51">0</Mod>
      <Mod ModIndex="52">0</Mod>
      <ToggleMod ModIndex="18">1</ToggleMod>
      <ToggleMod ModIndex="57">1</ToggleMod>
    </Mods>
    <Extras>
      <Extra>1</Extra>
      <Extra>11</Extra>
    </Extras>
  </Vehicle>
</Data>