<Data>
  <Vehicle>
    <Name>Drift Tampa</Name>
    <Class>Sports</Class>
    <Disciplines>
      <Discipline>sports</Discipline>
      <Discipline>tampa2</Discipline>
      <Discipline>drifttampa</Discipline>
      <Discipline>drift</Discipline>
    </Disciplines>
    <Model>-1071380347</Model>
    <Livery>0</Livery>
    <Acceleration ModelName="Drift Tampa">0.567</Acceleration>
    <Colors>
      <Primary>22</Primary>
      <Secondary>22</Secondary>
      <Pearl>111</Pearl>
      <Wheel>37</Wheel>
      <Dash>111</Dash>
      <Trim>0</Trim>
    </Colors>
    <WheelType>1</WheelType>
    <Mods>
      <Mod ModIndex="11">3</Mod>
      <Mod ModIndex="12">2</Mod>
      <Mod ModIndex="13">2</Mod>
      <Mod ModIndex="15">4</Mod>
      <Mod ModIndex="23">16</Mod>
      <Mod ModIndex="48">0</Mod>
      <Mod ModIndex="50">3</Mod>
      <Mod ModIndex="51">2</Mod>
      <Mod ModIndex="52">2</Mod>
      <Mod ModIndex="54">4</Mod>
      <Mod ModIndex="62">16</Mod>
      <ToggleMod ModIndex="18">1</ToggleMod>
      <ToggleMod ModIndex="57">1</ToggleMod>
    </Mods>
    <Extras />
  </Vehicle>
</Data>