<Data>
  <Vehicle>
    <Name>Elegy RH5</Name>
    <Class>Sports</Class>
    <Disciplines>
      <Discipline>sports</Discipline>
      <Discipline>elegy6</Discipline>
      <Discipline>elegyrh5</Discipline>
      <Discipline>sponsor</Discipline>
    </Disciplines>
    <Model>30630985</Model>
    <Livery>43</Livery>
    <Acceleration ModelName="Elegy RH5">0.33</Acceleration>
    <Colors>
      <Primary>111</Primary>
      <Secondary>111</Secondary>
      <Pearl>0</Pearl>
      <Wheel>8</Wheel>
      <Dash>112</Dash>
      <Trim>8</Trim>
    </Colors>
    <WheelType>0</WheelType>
    <Mods>
      <Mod ModIndex="48">43</Mod>
    </Mods>
    <Extras />
  </Vehicle>
</Data>