<Data>
  <Vehicle>
    <Name>Elegy Retro Custom</Name>
    <Class>Sports</Class>
    <Disciplines>
      <Discipline>sports</Discipline>
      <Discipline>elegy</Discipline>
      <Discipline>elegyretrocustom</Discipline>
      <Discipline>street</Discipline>
    </Disciplines>
    <Model>196747873</Model>
    <Livery>2</Livery>
    <Acceleration ModelName="Elegy Retro Custom">0.406</Acceleration>
    <Colors>
      <Primary>111</Primary>
      <Secondary>111</Secondary>
      <Pearl>0</Pearl>
      <Wheel>0</Wheel>
      <Dash>134</Dash>
      <Trim>1</Trim>
    </Colors>
    <WheelType>0</WheelType>
    <Mods>
      <Mod ModIndex="0">1</Mod>
      <Mod ModIndex="3">3</Mod>
      <Mod ModIndex="4">4</Mod>
      <Mod ModIndex="5">3</Mod>
      <Mod ModIndex="6">0</Mod>
      <Mod ModIndex="7">4</Mod>
      <Mod ModIndex="8">3</Mod>
      <Mod ModIndex="11">3</Mod>
      <Mod ModIndex="12">2</Mod>
      <Mod ModIndex="13">2</Mod>
      <Mod ModIndex="15">3</Mod>
      <Mod ModIndex="23">14</Mod>
      <Mod ModIndex="25">0</Mod>
      <Mod ModIndex="26">2</Mod>
      <Mod ModIndex="27">0</Mod>
      <Mod ModIndex="29">0</Mod>
      <Mod ModIndex="30">0</Mod>
      <Mod ModIndex="32">0</Mod>
      <Mod ModIndex="33">10</Mod>
      <Mod ModIndex="39">3</Mod>
      <Mod ModIndex="40">4</Mod>
      <Mod ModIndex="41">10</Mod>
      <Mod ModIndex="44">0</Mod>
      <Mod ModIndex="45">2</Mod>
      <Mod ModIndex="48">2</Mod>
      <Mod ModIndex="50">3</Mod>
      <Mod ModIndex="51">2</Mod>
      <Mod ModIndex="52">2</Mod>
      <Mod ModIndex="54">3</Mod>
      <Mod ModIndex="62">14</Mod>
      <ToggleMod ModIndex="18">1</ToggleMod>
      <ToggleMod ModIndex="57">1</ToggleMod>
    </Mods>
    <Extras />
  </Vehicle>
</Data>