<Data>
  <Vehicle>
    <Name>Entity XXR</Name>
    <Class>Super</Class>
    <Disciplines>
      <Discipline>super</Discipline>
      <Discipline>entity2</Discipline>
      <Discipline>entityxxr</Discipline>
    </Disciplines>
    <Model>-2120700196</Model>
    <Livery>-1</Livery>
    <Acceleration ModelName="Entity XXR">0.607</Acceleration>
    <Colors>
      <Primary>7</Primary>
      <Secondary>7</Secondary>
      <Pearl>5</Pearl>
      <Wheel>0</Wheel>
      <Dash>89</Dash>
      <Trim>7</Trim>
    </Colors>
    <WheelType>0</WheelType>
    <Mods>
      <Mod ModIndex="0">0</Mod>
      <Mod ModIndex="1">0</Mod>
      <Mod ModIndex="2">2</Mod>
      <Mod ModIndex="4">1</Mod>
      <Mod ModIndex="7">0</Mod>
      <Mod ModIndex="11">3</Mod>
      <Mod ModIndex="12">2</Mod>
      <Mod ModIndex="13">2</Mod>
      <Mod ModIndex="15">3</Mod>
      <Mod ModIndex="23">9</Mod>
      <Mod ModIndex="50">3</Mod>
      <Mod ModIndex="51">2</Mod>
      <Mod ModIndex="52">2</Mod>
      <Mod ModIndex="54">3</Mod>
      <Mod ModIndex="62">9</Mod>
      <ToggleMod ModIndex="18">1</ToggleMod>
      <ToggleMod ModIndex="57">1</ToggleMod>
    </Mods>
    <Extras />
  </Vehicle>
</Data>