<Data>
  <Vehicle>
    <Name>ES550</Name>
    <Class>Super</Class>
    <Disciplines>
      <Discipline>super</Discipline>
      <Discipline>es550</Discipline>
      <Discipline>es550</Discipline>
      <Discipline>street</Discipline>
    </Disciplines>
    <Model>755609140</Model>
    <Livery>-1</Livery>
    <Acceleration ModelName="ES550">0.25</Acceleration>
    <Colors>
      <Primary>38</Primary>
      <Secondary>111</Secondary>
      <Pearl>37</Pearl>
      <Wheel>156</Wheel>
      <Dash>112</Dash>
      <Trim>8</Trim>
    </Colors>
    <WheelType>7</WheelType>
    <Mods />
    <Extras>
      <Extra>1</Extra>
    </Extras>
  </Vehicle>
</Data>