<Data>
  <Vehicle>
    <Name>ETR1</Name>
    <Class>Super</Class>
    <Disciplines>
      <Discipline>super</Discipline>
      <Discipline>sheava</Discipline>
      <Discipline>etr1</Discipline>
      <Discipline>sponsor</Discipline>
    </Disciplines>
    <Model>819197656</Model>
    <Livery>1</Livery>
    <Acceleration ModelName="ETR1">0.586</Acceleration>
    <Colors>
      <Primary>138</Primary>
      <Secondary>68</Secondary>
      <Pearl>0</Pearl>
      <Wheel>1</Wheel>
      <Dash>111</Dash>
      <Trim>111</Trim>
    </Colors>
    <WheelType>7</WheelType>
    <Mods>
      <Mod ModIndex="0">1</Mod>
      <Mod ModIndex="2">0</Mod>
      <Mod ModIndex="4">0</Mod>
      <Mod ModIndex="10">2</Mod>
      <Mod ModIndex="11">3</Mod>
      <Mod ModIndex="13">2</Mod>
      <Mod ModIndex="48">1</Mod>
      <Mod ModIndex="50">3</Mod>
      <Mod ModIndex="52">2</Mod>
      <ToggleMod ModIndex="18">1</ToggleMod>
      <ToggleMod ModIndex="57">1</ToggleMod>
    </Mods>
    <Extras />
  </Vehicle>
</Data>