<Data>
  <Vehicle>
    <Name>Feltzer Coupe</Name>
    <Class>Coupes</Class>
    <Disciplines>
      <Discipline>coupes</Discipline>
      <Discipline>feltzer4</Discipline>
      <Discipline>feltzercoupe</Discipline>
    </Disciplines>
    <Model>-1097828879</Model>
    <Livery>-1</Livery>
    <Acceleration ModelName="Feltzer Coupe">0.28</Acceleration>
    <Colors>
      <Primary>10</Primary>
      <Secondary>10</Secondary>
      <Pearl>10</Pearl>
      <Wheel>156</Wheel>
      <Dash>0</Dash>
      <Trim>0</Trim>
    </Colors>
    <WheelType>0</WheelType>
    <Mods />
    <Extras>
      <Extra>3</Extra>
    </Extras>
  </Vehicle>
</Data>