<Data>
  <Vehicle>
    <Name>Flash</Name>
    <Class>Compacts</Class>
    <Disciplines>
      <Discipline>compacts</Discipline>
      <Discipline>flash</Discipline>
      <Discipline>flash</Discipline>
      <Discipline>sponsor</Discipline>
    </Disciplines>
    <Model>-2055528113</Model>
    <Livery>4</Livery>
    <Acceleration ModelName="Flash">0.384</Acceleration>
    <Colors>
      <Primary>7</Primary>
      <Secondary>14</Secondary>
      <Pearl>5</Pearl>
      <Wheel>156</Wheel>
      <Dash>0</Dash>
      <Trim>0</Trim>
    </Colors>
    <WheelType>5</WheelType>
    <Mods>
      <Mod ModIndex="0">0</Mod>
      <Mod ModIndex="4">1</Mod>
      <Mod ModIndex="5">0</Mod>
      <Mod ModIndex="11">3</Mod>
      <Mod ModIndex="12">0</Mod>
      <Mod ModIndex="13">0</Mod>
      <Mod ModIndex="15">3</Mod>
      <Mod ModIndex="50">3</Mod>
      <Mod ModIndex="51">0</Mod>
      <Mod ModIndex="52">0</Mod>
      <Mod ModIndex="54">3</Mod>
      <ToggleMod ModIndex="18">1</ToggleMod>
      <ToggleMod ModIndex="57">1</ToggleMod>
    </Mods>
    <Extras>
      <Extra>2</Extra>
      <Extra>7</Extra>
    </Extras>
  </Vehicle>
</Data>