<Data>
  <Vehicle>
    <Name>Flash</Name>
    <Class>Compacts</Class>
    <Disciplines>
      <Discipline>compacts</Discipline>
      <Discipline>flash</Discipline>
      <Discipline>flash</Discipline>
      <Discipline>street</Discipline>
    </Disciplines>
    <Model>-2055528113</Model>
    <Livery>15</Livery>
    <Acceleration ModelName="Flash">0.23</Acceleration>
    <Colors>
      <Primary>35</Primary>
      <Secondary>35</Secondary>
      <Pearl>35</Pearl>
      <Wheel>156</Wheel>
      <Dash>0</Dash>
      <Trim>0</Trim>
    </Colors>
    <WheelType>5</WheelType>
    <Mods />
    <Extras />
  </Vehicle>
</Data>