<Data>
  <Vehicle>
    <Name>Flash</Name>
    <Class>Compacts</Class>
    <Disciplines>
      <Discipline>compacts</Discipline>
      <Discipline>flash</Discipline>
      <Discipline>flash</Discipline>
      <Discipline>street</Discipline>
    </Disciplines>
    <Model>-2055528113</Model>
    <Livery>13</Livery>
    <Acceleration ModelName="Flash">0.287</Acceleration>
    <Colors>
      <Primary>112</Primary>
      <Secondary>26</Secondary>
      <Pearl>0</Pearl>
      <Wheel>156</Wheel>
      <Dash>0</Dash>
      <Trim>0</Trim>
    </Colors>
    <WheelType>5</WheelType>
    <Mods>
      <Mod ModIndex="0">1</Mod>
      <Mod ModIndex="4">0</Mod>
      <Mod ModIndex="10">0</Mod>
      <Mod ModIndex="11">3</Mod>
      <Mod ModIndex="12">2</Mod>
      <Mod ModIndex="13">1</Mod>
      <Mod ModIndex="50">3</Mod>
      <Mod ModIndex="51">2</Mod>
      <Mod ModIndex="52">1</Mod>
    </Mods>
    <Extras />
  </Vehicle>
</Data>