<Data>
  <Vehicle>
    <Name>Gauntlet S</Name>
    <Class>Muscle</Class>
    <Disciplines>
      <Discipline>muscle</Discipline>
      <Discipline>gauntlet5</Discipline>
      <Discipline>gauntlets</Discipline>
    </Disciplines>
    <Model>-2122646867</Model>
    <Livery>-1</Livery>
    <Acceleration ModelName="Gauntlet S">0.524</Acceleration>
    <Colors>
      <Primary>150</Primary>
      <Secondary>36</Secondary>
      <Pearl>42</Pearl>
      <Wheel>156</Wheel>
      <Dash>156</Dash>
      <Trim>156</Trim>
    </Colors>
    <WheelType>1</WheelType>
    <Mods>
      <Mod ModIndex="0">0</Mod>
      <Mod ModIndex="1">0</Mod>
      <Mod ModIndex="2">0</Mod>
      <Mod ModIndex="3">0</Mod>
      <Mod ModIndex="7">2</Mod>
      <Mod ModIndex="10">2</Mod>
      <Mod ModIndex="11">0</Mod>
      <Mod ModIndex="12">1</Mod>
      <Mod ModIndex="13">1</Mod>
      <Mod ModIndex="43">0</Mod>
      <Mod ModIndex="50">0</Mod>
      <Mod ModIndex="51">1</Mod>
      <Mod ModIndex="52">1</Mod>
      <ToggleMod ModIndex="18">1</ToggleMod>
      <ToggleMod ModIndex="57">1</ToggleMod>
    </Mods>
    <Extras />
  </Vehicle>
</Data>