<Data>
  <Vehicle>
    <Name>Gauntlet Classic</Name>
    <Class>Muscle</Class>
    <Disciplines>
      <Discipline>muscle</Discipline>
      <Discipline>gauntletc</Discipline>
      <Discipline>gauntletclassic</Discipline>
      <Discipline>sponsor</Discipline>
    </Disciplines>
    <Model>gauntletc</Model>
    <Livery>7</Livery>
    <Acceleration ModelName="Gauntlet Classic">0.64</Acceleration>
    <Colors>
      <Primary>54</Primary>
      <Secondary>0</Secondary>
      <Pearl>0</Pearl>
      <Wheel>156</Wheel>
      <Dash>0</Dash>
      <Trim>0</Trim>
    </Colors>
    <WheelType>1</WheelType>
    <Mods>
      <Mod ModIndex="0">1</Mod>
      <Mod ModIndex="1">1</Mod>
      <Mod ModIndex="2">1</Mod>
      <Mod ModIndex="4">1</Mod>
      <Mod ModIndex="6">2</Mod>
      <Mod ModIndex="8">1</Mod>
      <Mod ModIndex="11">3</Mod>
      <Mod ModIndex="48">7</Mod>
      <Mod ModIndex="50">3</Mod>
      <ToggleMod ModIndex="18">1</ToggleMod>
      <ToggleMod ModIndex="57">1</ToggleMod>
    </Mods>
    <Extras />
  </Vehicle>
</Data>