<Data>
  <Vehicle>
    <Name>Gauntlet Classic</Name>
    <Class>Muscle</Class>
    <Disciplines>
      <Discipline>muscle</Discipline>
      <Discipline>gauntletc</Discipline>
      <Discipline>gauntletclassic</Discipline>
      <Discipline>sponsor</Discipline>
    </Disciplines>
    <Model>gauntletc</Model>
    <Livery>3</Livery>
    <Acceleration ModelName="Gauntlet Classic">0.691</Acceleration>
    <Colors>
      <Primary>27</Primary>
      <Secondary>0</Secondary>
      <Pearl>0</Pearl>
      <Wheel>156</Wheel>
      <Dash>0</Dash>
      <Trim>160</Trim>
    </Colors>
    <WheelType>1</WheelType>
    <Mods>
      <Mod ModIndex="0">0</Mod>
      <Mod ModIndex="1">1</Mod>
      <Mod ModIndex="2">1</Mod>
      <Mod ModIndex="4">2</Mod>
      <Mod ModIndex="6">2</Mod>
      <Mod ModIndex="7">1</Mod>
      <Mod ModIndex="8">0</Mod>
      <Mod ModIndex="11">3</Mod>
      <Mod ModIndex="12">2</Mod>
      <Mod ModIndex="13">2</Mod>
      <Mod ModIndex="15">3</Mod>
      <Mod ModIndex="42">1</Mod>
      <Mod ModIndex="48">3</Mod>
      <Mod ModIndex="50">3</Mod>
      <Mod ModIndex="51">2</Mod>
      <Mod ModIndex="52">2</Mod>
      <Mod ModIndex="54">3</Mod>
      <ToggleMod ModIndex="18">1</ToggleMod>
      <ToggleMod ModIndex="57">1</ToggleMod>
    </Mods>
    <Extras>
      <Extra>10</Extra>
    </Extras>
  </Vehicle>
</Data>