<Data>
  <Vehicle>
    <Name>GT500</Name>
    <Class>SportsClassics</Class>
    <Disciplines>
      <Discipline>sportsclassics</Discipline>
      <Discipline>gt500</Discipline>
      <Discipline>gt500</Discipline>
      <Discipline>sponsor</Discipline>
    </Disciplines>
    <Model>-2079788230</Model>
    <Livery>5</Livery>
    <Acceleration ModelName="GT500">0.362</Acceleration>
    <Colors>
      <Primary>111</Primary>
      <Secondary>111</Secondary>
      <Pearl>0</Pearl>
      <Wheel>156</Wheel>
      <Dash>0</Dash>
      <Trim>111</Trim>
    </Colors>
    <WheelType>2</WheelType>
    <Mods>
      <Mod ModIndex="4">0</Mod>
      <Mod ModIndex="11">3</Mod>
      <Mod ModIndex="12">0</Mod>
      <Mod ModIndex="13">0</Mod>
      <Mod ModIndex="48">5</Mod>
      <Mod ModIndex="50">3</Mod>
      <Mod ModIndex="51">0</Mod>
      <Mod ModIndex="52">0</Mod>
    </Mods>
    <Extras />
  </Vehicle>
</Data>