<Data>
  <Vehicle>
    <Name>Hotring Sabre</Name>
    <Class>Sports</Class>
    <Disciplines>
      <Discipline>sports</Discipline>
      <Discipline>hotring</Discipline>
      <Discipline>hotringsabre</Discipline>
      <Discipline>sponsor</Discipline>
    </Disciplines>
    <Model>1115909093</Model>
    <Livery>8</Livery>
    <Acceleration ModelName="Hotring Sabre">0.518</Acceleration>
    <Colors>
      <Primary>88</Primary>
      <Secondary>0</Secondary>
      <Pearl>0</Pearl>
      <Wheel>135</Wheel>
      <Dash>0</Dash>
      <Trim>111</Trim>
    </Colors>
    <WheelType>1</WheelType>
    <Mods>
      <Mod ModIndex="11">3</Mod>
      <Mod ModIndex="12">2</Mod>
      <Mod ModIndex="13">2</Mod>
      <Mod ModIndex="15">3</Mod>
      <Mod ModIndex="48">8</Mod>
      <Mod ModIndex="50">3</Mod>
      <Mod ModIndex="51">2</Mod>
      <Mod ModIndex="52">2</Mod>
      <Mod ModIndex="54">3</Mod>
      <ToggleMod ModIndex="18">1</ToggleMod>
      <ToggleMod ModIndex="57">1</ToggleMod>
    </Mods>
    <Extras />
  </Vehicle>
</Data>