<Data>
  <Vehicle>
    <Name>Infernus</Name>
    <Class>Super</Class>
    <Disciplines>
      <Discipline>super</Discipline>
      <Discipline>infernus</Discipline>
      <Discipline>infernus</Discipline>
      <Discipline>street</Discipline>
    </Disciplines>
    <Model>2132589936</Model>
    <Livery>3</Livery>
    <Acceleration ModelName="Infernus">0.393</Acceleration>
    <Colors>
      <Primary>112</Primary>
      <Secondary>88</Secondary>
      <Pearl>0</Pearl>
      <Wheel>156</Wheel>
      <Dash>0</Dash>
      <Trim>0</Trim>
    </Colors>
    <WheelType>7</WheelType>
    <Mods />
    <Extras>
      <Extra>1</Extra>
    </Extras>
  </Vehicle>
</Data>