<Data>
  <Vehicle>
    <Name>Intruder</Name>
    <Class>Sedans</Class>
    <Disciplines>
      <Discipline>sedans</Discipline>
      <Discipline>intruder</Discipline>
      <Discipline>intruder</Discipline>
      <Discipline>street</Discipline>
    </Disciplines>
    <Model>886934177</Model>
    <Livery>-1</Livery>
    <Acceleration ModelName="Intruder">0.326</Acceleration>
    <Colors>
      <Primary>15</Primary>
      <Secondary>0</Secondary>
      <Pearl>134</Pearl>
      <Wheel>156</Wheel>
      <Dash>0</Dash>
      <Trim>0</Trim>
    </Colors>
    <WheelType>3</WheelType>
    <Mods>
      <Mod ModIndex="0">0</Mod>
      <Mod ModIndex="1">0</Mod>
      <Mod ModIndex="2">0</Mod>
      <Mod ModIndex="3">0</Mod>
      <Mod ModIndex="4">0</Mod>
      <Mod ModIndex="11">3</Mod>
      <Mod ModIndex="12">2</Mod>
      <Mod ModIndex="13">2</Mod>
      <Mod ModIndex="15">3</Mod>
      <Mod ModIndex="23">37</Mod>
      <Mod ModIndex="50">3</Mod>
      <Mod ModIndex="51">2</Mod>
      <Mod ModIndex="52">2</Mod>
      <Mod ModIndex="54">3</Mod>
      <Mod ModIndex="62">37</Mod>
      <ToggleMod ModIndex="18">1</ToggleMod>
      <ToggleMod ModIndex="57">1</ToggleMod>
    </Mods>
    <Extras />
  </Vehicle>
</Data>