<Data>
  <Vehicle>
    <Name>Issi Sport</Name>
    <Class>Sports</Class>
    <Disciplines>
      <Discipline>sports</Discipline>
      <Discipline>issi7</Discipline>
      <Discipline>issisport</Discipline>
      <Discipline>rally</Discipline>
      <Discipline>sponsor</Discipline>
      <Discipline>racecar</Discipline>
    </Disciplines>
    <Model>1854776567</Model>
    <Livery>2</Livery>
    <Acceleration ModelName="Issi Sport">0.381</Acceleration>
    <Colors>
      <Primary>73</Primary>
      <Secondary>28</Secondary>
      <Pearl>0</Pearl>
      <Wheel>112</Wheel>
      <Dash>112</Dash>
      <Trim>91</Trim>
    </Colors>
    <WheelType>0</WheelType>
    <Mods>
      <Mod ModIndex="7">8</Mod>
      <Mod ModIndex="10">1</Mod>
      <Mod ModIndex="11">3</Mod>
      <Mod ModIndex="48">2</Mod>
      <Mod ModIndex="50">3</Mod>
    </Mods>
    <Extras>
      <Extra>1</Extra>
    </Extras>
  </Vehicle>
</Data>