<Data>
  <Vehicle>
    <Name>Itali GTB Custom</Name>
    <Class>Super</Class>
    <Disciplines>
      <Discipline>super</Discipline>
      <Discipline>italigtb2</Discipline>
      <Discipline>italigtbcustom</Discipline>
      <Discipline>street</Discipline>
    </Disciplines>
    <Model>-482719877</Model>
    <Livery>-1</Livery>
    <Acceleration ModelName="Itali GTB Custom">0.523</Acceleration>
    <Colors>
      <Primary>49</Primary>
      <Secondary>49</Secondary>
      <Pearl>55</Pearl>
      <Wheel>0</Wheel>
      <Dash>111</Dash>
      <Trim>2</Trim>
    </Colors>
    <WheelType>0</WheelType>
    <Mods>
      <Mod ModIndex="0">12</Mod>
      <Mod ModIndex="1">0</Mod>
      <Mod ModIndex="2">2</Mod>
      <Mod ModIndex="3">1</Mod>
      <Mod ModIndex="4">2</Mod>
      <Mod ModIndex="5">2</Mod>
      <Mod ModIndex="7">1</Mod>
      <Mod ModIndex="8">1</Mod>
      <Mod ModIndex="9">0</Mod>
      <Mod ModIndex="10">0</Mod>
      <Mod ModIndex="11">3</Mod>
      <Mod ModIndex="12">2</Mod>
      <Mod ModIndex="13">2</Mod>
      <Mod ModIndex="23">17</Mod>
      <Mod ModIndex="29">4</Mod>
      <Mod ModIndex="30">5</Mod>
      <Mod ModIndex="31">5</Mod>
      <Mod ModIndex="32">8</Mod>
      <Mod ModIndex="33">10</Mod>
      <Mod ModIndex="43">0</Mod>
      <Mod ModIndex="50">3</Mod>
      <Mod ModIndex="51">2</Mod>
      <Mod ModIndex="52">2</Mod>
      <Mod ModIndex="62">17</Mod>
      <ToggleMod ModIndex="18">1</ToggleMod>
      <ToggleMod ModIndex="57">1</ToggleMod>
    </Mods>
    <Extras />
  </Vehicle>
</Data>