<Data>
  <Vehicle>
    <Name>Itali GTB Custom</Name>
    <Class>Super</Class>
    <Disciplines>
      <Discipline>super</Discipline>
      <Discipline>italigtb2</Discipline>
      <Discipline>italigtbcustom</Discipline>
      <Discipline>sponsor</Discipline>
    </Disciplines>
    <Model>-482719877</Model>
    <Livery>0</Livery>
    <Acceleration ModelName="Itali GTB Custom">0.61</Acceleration>
    <Colors>
      <Primary>19</Primary>
      <Secondary>19</Secondary>
      <Pearl>156</Pearl>
      <Wheel>0</Wheel>
      <Dash>112</Dash>
      <Trim>27</Trim>
    </Colors>
    <WheelType>0</WheelType>
    <Mods>
      <Mod ModIndex="0">8</Mod>
      <Mod ModIndex="1">13</Mod>
      <Mod ModIndex="3">0</Mod>
      <Mod ModIndex="4">3</Mod>
      <Mod ModIndex="5">2</Mod>
      <Mod ModIndex="7">12</Mod>
      <Mod ModIndex="8">2</Mod>
      <Mod ModIndex="9">1</Mod>
      <Mod ModIndex="11">3</Mod>
      <Mod ModIndex="12">2</Mod>
      <Mod ModIndex="13">2</Mod>
      <Mod ModIndex="23">9</Mod>
      <Mod ModIndex="29">4</Mod>
      <Mod ModIndex="30">7</Mod>
      <Mod ModIndex="31">5</Mod>
      <Mod ModIndex="32">11</Mod>
      <Mod ModIndex="33">11</Mod>
      <Mod ModIndex="43">0</Mod>
      <Mod ModIndex="48">0</Mod>
      <Mod ModIndex="50">3</Mod>
      <Mod ModIndex="51">2</Mod>
      <Mod ModIndex="52">2</Mod>
      <Mod ModIndex="62">9</Mod>
      <ToggleMod ModIndex="18">1</ToggleMod>
      <ToggleMod ModIndex="57">1</ToggleMod>
    </Mods>
    <Extras />
  </Vehicle>
</Data>