<Data>
  <Vehicle>
    <Name>Itali GT-C</Name>
    <Class>Super</Class>
    <Disciplines>
      <Discipline>super</Discipline>
      <Discipline>italigtc</Discipline>
      <Discipline>italigtc</Discipline>
      <Discipline>sponsor</Discipline>
    </Disciplines>
    <Model>1412563966</Model>
    <Livery>2</Livery>
    <Acceleration ModelName="Itali GT-C">0.45</Acceleration>
    <Colors>
      <Primary>27</Primary>
      <Secondary>27</Secondary>
      <Pearl>0</Pearl>
      <Wheel>0</Wheel>
      <Dash>0</Dash>
      <Trim>0</Trim>
    </Colors>
    <WheelType>7</WheelType>
    <Mods>
      <Mod ModIndex="48">2</Mod>
    </Mods>
    <Extras />
  </Vehicle>
</Data>