<Data>
  <Vehicle>
    <Name>Jester Classic</Name>
    <Class>Sports</Class>
    <Disciplines>
      <Discipline>sports</Discipline>
      <Discipline>jester3</Discipline>
      <Discipline>jesterclassic</Discipline>
      <Discipline>street</Discipline>
    </Disciplines>
    <Model>-214906006</Model>
    <Livery>0</Livery>
    <Acceleration ModelName="Jester Classic">0.38</Acceleration>
    <Colors>
      <Primary>63</Primary>
      <Secondary>63</Secondary>
      <Pearl>87</Pearl>
      <Wheel>122</Wheel>
      <Dash>89</Dash>
      <Trim>7</Trim>
    </Colors>
    <WheelType>5</WheelType>
    <Mods>
      <Mod ModIndex="0">0</Mod>
      <Mod ModIndex="1">9</Mod>
      <Mod ModIndex="3">0</Mod>
      <Mod ModIndex="4">0</Mod>
      <Mod ModIndex="5">3</Mod>
      <Mod ModIndex="7">3</Mod>
      <Mod ModIndex="8">0</Mod>
      <Mod ModIndex="11">3</Mod>
      <Mod ModIndex="12">2</Mod>
      <Mod ModIndex="13">2</Mod>
      <Mod ModIndex="15">4</Mod>
      <Mod ModIndex="23">13</Mod>
      <Mod ModIndex="48">0</Mod>
      <Mod ModIndex="50">3</Mod>
      <Mod ModIndex="51">2</Mod>
      <Mod ModIndex="52">2</Mod>
      <Mod ModIndex="54">4</Mod>
      <Mod ModIndex="62">13</Mod>
      <ToggleMod ModIndex="18">1</ToggleMod>
      <ToggleMod ModIndex="57">1</ToggleMod>
    </Mods>
    <Extras />
  </Vehicle>
</Data>