<Data>
  <Vehicle>
    <Name>Jugular</Name>
    <Class>Sports</Class>
    <Disciplines>
      <Discipline>sports</Discipline>
      <Discipline>jugular</Discipline>
      <Discipline>jugular</Discipline>
      <Discipline>sponsor</Discipline>
    </Disciplines>
    <Model>-208911803</Model>
    <Livery>3</Livery>
    <Acceleration ModelName="Jugular">0.478</Acceleration>
    <Colors>
      <Primary>37</Primary>
      <Secondary>37</Secondary>
      <Pearl>106</Pearl>
      <Wheel>120</Wheel>
      <Dash>111</Dash>
      <Trim>3</Trim>
    </Colors>
    <WheelType>7</WheelType>
    <Mods>
      <Mod ModIndex="0">4</Mod>
      <Mod ModIndex="1">0</Mod>
      <Mod ModIndex="2">1</Mod>
      <Mod ModIndex="3">2</Mod>
      <Mod ModIndex="4">1</Mod>
      <Mod ModIndex="6">1</Mod>
      <Mod ModIndex="11">3</Mod>
      <Mod ModIndex="12">1</Mod>
      <Mod ModIndex="13">1</Mod>
      <Mod ModIndex="48">3</Mod>
      <Mod ModIndex="50">3</Mod>
      <Mod ModIndex="51">1</Mod>
      <Mod ModIndex="52">1</Mod>
      <ToggleMod ModIndex="18">1</ToggleMod>
      <ToggleMod ModIndex="57">1</ToggleMod>
    </Mods>
    <Extras />
  </Vehicle>
</Data>