<Data>
  <Vehicle>
    <Name>Kuruma</Name>
    <Class>Sports</Class>
    <Disciplines>
      <Discipline>sports</Discipline>
      <Discipline>kuruma</Discipline>
      <Discipline>kuruma</Discipline>
    </Disciplines>
    <Model>-1372848492</Model>
    <Livery>-1</Livery>
    <Acceleration ModelName="Kuruma">0.313</Acceleration>
    <Colors>
      <Primary>30</Primary>
      <Secondary>1</Secondary>
      <Pearl>35</Pearl>
      <Wheel>0</Wheel>
      <Dash>0</Dash>
      <Trim>0</Trim>
    </Colors>
    <WheelType>0</WheelType>
    <Mods />
    <Extras />
  </Vehicle>
</Data>