<Data>
  <Vehicle>
    <Name>Lawn Remower</Name>
    <Class>Muscle</Class>
    <Disciplines>
      <Discipline>muscle</Discipline>
      <Discipline>remower</Discipline>
      <Discipline>lawnremower</Discipline>
      <Discipline>experimental</Discipline>
    </Disciplines>
    <Model>958311955</Model>
    <Livery>0</Livery>
    <Acceleration ModelName="Lawn Remower">0.3</Acceleration>
    <Colors>
      <Primary>43</Primary>
      <Secondary>0</Secondary>
      <Pearl>43</Pearl>
      <Wheel>156</Wheel>
      <Dash>0</Dash>
      <Trim>0</Trim>
    </Colors>
    <WheelType>0</WheelType>
    <Mods />
    <Extras>
      <Extra>1</Extra>
    </Extras>
  </Vehicle>
</Data>