<Data>
  <Vehicle>
    <Name>Lynx</Name>
    <Class>Sports</Class>
    <Disciplines>
      <Discipline>sports</Discipline>
      <Discipline>lynx</Discipline>
      <Discipline>lynx</Discipline>
    </Disciplines>
    <Model>482197771</Model>
    <Livery>-1</Livery>
    <Acceleration ModelName="Lynx">0.431</Acceleration>
    <Colors>
      <Primary>28</Primary>
      <Secondary>28</Secondary>
      <Pearl>41</Pearl>
      <Wheel>0</Wheel>
      <Dash>112</Dash>
      <Trim>111</Trim>
    </Colors>
    <WheelType>0</WheelType>
    <Mods>
      <Mod ModIndex="2">2</Mod>
      <Mod ModIndex="4">2</Mod>
      <Mod ModIndex="7">1</Mod>
      <Mod ModIndex="11">3</Mod>
      <Mod ModIndex="12">2</Mod>
      <Mod ModIndex="13">2</Mod>
      <Mod ModIndex="15">4</Mod>
      <Mod ModIndex="23">18</Mod>
      <Mod ModIndex="50">3</Mod>
      <Mod ModIndex="51">2</Mod>
      <Mod ModIndex="52">2</Mod>
      <Mod ModIndex="54">4</Mod>
      <Mod ModIndex="62">18</Mod>
      <ToggleMod ModIndex="18">1</ToggleMod>
      <ToggleMod ModIndex="57">1</ToggleMod>
    </Mods>
    <Extras />
  </Vehicle>
</Data>