<Data>
  <Vehicle>
    <Name>Mamba</Name>
    <Class>SportsClassics</Class>
    <Disciplines>
      <Discipline>sportsclassics</Discipline>
      <Discipline>mamba</Discipline>
      <Discipline>mamba</Discipline>
      <Discipline>sponsor</Discipline>
    </Disciplines>
    <Model>-1660945322</Model>
    <Livery>9</Livery>
    <Acceleration ModelName="Mamba">0.33</Acceleration>
    <Colors>
      <Primary>134</Primary>
      <Secondary>134</Secondary>
      <Pearl>0</Pearl>
      <Wheel>156</Wheel>
      <Dash>0</Dash>
      <Trim>0</Trim>
    </Colors>
    <WheelType>1</WheelType>
    <Mods>
      <Mod ModIndex="48">9</Mod>
    </Mods>
    <Extras>
      <Extra>1</Extra>
    </Extras>
  </Vehicle>
</Data>