<Data>
  <Vehicle>
    <Name>Meteor</Name>
    <Class>Super</Class>
    <Disciplines>
      <Discipline>super</Discipline>
      <Discipline>meteor</Discipline>
      <Discipline>meteor</Discipline>
    </Disciplines>
    <Model>1670383606</Model>
    <Livery>-1</Livery>
    <Acceleration ModelName="Meteor">0.336</Acceleration>
    <Colors>
      <Primary>5</Primary>
      <Secondary>5</Secondary>
      <Pearl>8</Pearl>
      <Wheel>156</Wheel>
      <Dash>0</Dash>
      <Trim>0</Trim>
    </Colors>
    <WheelType>7</WheelType>
    <Mods />
    <Extras>
      <Extra>2</Extra>
    </Extras>
  </Vehicle>
</Data>