<Data>
  <Vehicle>
    <Name>Nero Custom</Name>
    <Class>Super</Class>
    <Disciplines>
      <Discipline>super</Discipline>
      <Discipline>nero2</Discipline>
      <Discipline>nerocustom</Discipline>
      <Discipline>sponsor</Discipline>
    </Disciplines>
    <Model>1093792632</Model>
    <Livery>3</Livery>
    <Acceleration ModelName="Nero Custom">0.502</Acceleration>
    <Colors>
      <Primary>0</Primary>
      <Secondary>70</Secondary>
      <Pearl>120</Pearl>
      <Wheel>156</Wheel>
      <Dash>65</Dash>
      <Trim>33</Trim>
    </Colors>
    <WheelType>7</WheelType>
    <Mods>
      <Mod ModIndex="48">3</Mod>
    </Mods>
    <Extras>
      <Extra>1</Extra>
    </Extras>
  </Vehicle>
</Data>