<Data>
  <Vehicle>
    <Name>Nexus EX-I</Name>
    <Class>Sports</Class>
    <Disciplines>
      <Discipline>sports</Discipline>
      <Discipline>nexus</Discipline>
      <Discipline>nexusexi</Discipline>
      <Discipline>sponsor</Discipline>
    </Disciplines>
    <Model>-456248404</Model>
    <Livery>20</Livery>
    <Acceleration ModelName="Nexus EX-I">0.472</Acceleration>
    <Colors>
      <Primary>9</Primary>
      <Secondary>9</Secondary>
      <Pearl>7</Pearl>
      <Wheel>2</Wheel>
      <Dash>112</Dash>
      <Trim>2</Trim>
    </Colors>
    <WheelType>0</WheelType>
    <Mods>
      <Mod ModIndex="1">2</Mod>
      <Mod ModIndex="3">0</Mod>
      <Mod ModIndex="4">0</Mod>
      <Mod ModIndex="5">0</Mod>
      <Mod ModIndex="6">0</Mod>
      <Mod ModIndex="10">0</Mod>
      <Mod ModIndex="11">3</Mod>
      <Mod ModIndex="12">2</Mod>
      <Mod ModIndex="25">3</Mod>
      <Mod ModIndex="26">0</Mod>
      <Mod ModIndex="33">0</Mod>
      <Mod ModIndex="37">6</Mod>
      <Mod ModIndex="39">0</Mod>
      <Mod ModIndex="48">20</Mod>
      <Mod ModIndex="50">3</Mod>
      <Mod ModIndex="51">2</Mod>
      <ToggleMod ModIndex="18">1</ToggleMod>
      <ToggleMod ModIndex="57">1</ToggleMod>
    </Mods>
    <Extras />
  </Vehicle>
</Data>