<Data>
  <Vehicle>
    <Name>Omnis</Name>
    <Class>Sports</Class>
    <Disciplines>
      <Discipline>sports</Discipline>
      <Discipline>omnis</Discipline>
      <Discipline>omnis</Discipline>
      <Discipline>sponsor</Discipline>
      <Discipline>rally</Discipline>
    </Disciplines>
    <Model>-777172681</Model>
    <Livery>0</Livery>
    <Acceleration ModelName="Omnis">0.589</Acceleration>
    <Colors>
      <Primary>5</Primary>
      <Secondary>12</Secondary>
      <Pearl>111</Pearl>
      <Wheel>111</Wheel>
      <Dash>111</Dash>
      <Trim>111</Trim>
    </Colors>
    <WheelType>5</WheelType>
    <Mods>
      <Mod ModIndex="11">3</Mod>
      <Mod ModIndex="12">2</Mod>
      <Mod ModIndex="13">2</Mod>
      <Mod ModIndex="15">2</Mod>
      <Mod ModIndex="23">41</Mod>
      <Mod ModIndex="48">0</Mod>
      <Mod ModIndex="50">3</Mod>
      <Mod ModIndex="51">2</Mod>
      <Mod ModIndex="52">2</Mod>
      <Mod ModIndex="54">2</Mod>
      <Mod ModIndex="62">41</Mod>
      <ToggleMod ModIndex="18">1</ToggleMod>
      <ToggleMod ModIndex="57">1</ToggleMod>
    </Mods>
    <Extras>
      <Extra>1</Extra>
    </Extras>
  </Vehicle>
</Data>