<Data>
  <Vehicle>
    <Name>Packer (Racecar)</Name>
    <Class>Sports</Class>
    <Disciplines>
      <Discipline>sports</Discipline>
      <Discipline>packer3</Discipline>
      <Discipline>packer(racecar)</Discipline>
	  <Discipline>racecar</Discipline>
      <Discipline>truck</Discipline>
      <Discipline>sponsor</Discipline>
    </Disciplines>
    <Model>-626801253</Model>
    <Livery>4</Livery>
    <Acceleration ModelName="Packer (Racecar)">0.8</Acceleration>
    <Colors>
      <Primary>53</Primary>
      <Secondary>28</Secondary>
      <Pearl>120</Pearl>
      <Wheel>156</Wheel>
      <Dash>0</Dash>
      <Trim>0</Trim>
    </Colors>
    <WheelType>1</WheelType>
    <Mods>
      <Mod ModIndex="0">3</Mod>
      <Mod ModIndex="3">1</Mod>
      <Mod ModIndex="6">1</Mod>
      <Mod ModIndex="7">1</Mod>
      <Mod ModIndex="48">4</Mod>
      <ToggleMod ModIndex="18">1</ToggleMod>
      <ToggleMod ModIndex="57">1</ToggleMod>
    </Mods>
    <Extras />
  </Vehicle>
</Data>