<Data>
  <Vehicle>
    <Name>Spritzer DTM</Name>
    <Class>Sports</Class>
    <Disciplines>
      <Discipline>sports</Discipline>
      <Discipline>spritzerdtm</Discipline>
      <Discipline>spritzerdtm</Discipline>
      <Discipline>dtm</Discipline>
      <Discipline>sponsor</Discipline>
    </Disciplines>
    <Model>-1468524864</Model>
    <Livery>1</Livery>
    <Acceleration ModelName="Spritzer DTM">0.562</Acceleration>
    <Colors>
      <Primary>2</Primary>
      <Secondary>27</Secondary>
      <Pearl>5</Pearl>
      <Wheel>5</Wheel>
      <Dash>0</Dash>
      <Trim>0</Trim>
    </Colors>
    <WheelType>3</WheelType>
    <Mods>
      <Mod ModIndex="0">2</Mod>
      <Mod ModIndex="2">0</Mod>
      <Mod ModIndex="4">2</Mod>
      <Mod ModIndex="10">0</Mod>
      <Mod ModIndex="11">3</Mod>
      <Mod ModIndex="12">2</Mod>
      <Mod ModIndex="13">2</Mod>
      <Mod ModIndex="23">8</Mod>
      <Mod ModIndex="48">1</Mod>
      <Mod ModIndex="50">3</Mod>
      <Mod ModIndex="51">2</Mod>
      <Mod ModIndex="52">2</Mod>
      <Mod ModIndex="62">8</Mod>
      <ToggleMod ModIndex="18">1</ToggleMod>
      <ToggleMod ModIndex="57">1</ToggleMod>
    </Mods>
    <Extras />
  </Vehicle>
</Data>