<Data>
  <Vehicle>
    <Name>Phoenix 455 RS</Name>
    <Class>Muscle</Class>
    <Disciplines>
      <Discipline>muscle</Discipline>
      <Discipline>phoenix2</Discipline>
      <Discipline>phoenix455rs</Discipline>
    </Disciplines>
    <Model>-1549837449</Model>
    <Livery>-1</Livery>
    <Acceleration ModelName="Phoenix 455 RS">0.28</Acceleration>
    <Colors>
      <Primary>54</Primary>
      <Secondary>1</Secondary>
      <Pearl>54</Pearl>
      <Wheel>156</Wheel>
      <Dash>0</Dash>
      <Trim>0</Trim>
    </Colors>
    <WheelType>1</WheelType>
    <Mods />
    <Extras>
      <Extra>1</Extra>
    </Extras>
  </Vehicle>
</Data>