<Data>
  <Vehicle>
    <Name>Pisswasser Dominator</Name>
    <Class>Muscle</Class>
    <Disciplines>
      <Discipline>muscle</Discipline>
      <Discipline>dominato2</Discipline>
      <Discipline>pisswasserdominator</Discipline>
      <Discipline>sponsor</Discipline>
    </Disciplines>
    <Model>-915704871</Model>
    <Livery>-1</Livery>
    <Acceleration ModelName="Pisswasser Dominator">0.255</Acceleration>
    <Colors>
      <Primary>134</Primary>
      <Secondary>134</Secondary>
      <Pearl>134</Pearl>
      <Wheel>126</Wheel>
      <Dash>0</Dash>
      <Trim>0</Trim>
    </Colors>
    <WheelType>1</WheelType>
    <Mods />
    <Extras />
  </Vehicle>
</Data>