<Data>
  <Vehicle>
    <Name>Prairie FWD Dragster</Name>
    <Class>Super</Class>
    <Disciplines>
      <Discipline>super</Discipline>
      <Discipline>dragirie</Discipline>
      <Discipline>prairiefwddragster</Discipline>
      <Discipline>drag</Discipline>
      <Discipline>sponsor</Discipline>
    </Disciplines>
    <Model>386571607</Model>
    <Livery>0</Livery>
    <Acceleration ModelName="Prairie FWD Dragster">0.5</Acceleration>
    <Colors>
      <Primary>0</Primary>
      <Secondary>28</Secondary>
      <Pearl>0</Pearl>
      <Wheel>28</Wheel>
      <Dash>0</Dash>
      <Trim>0</Trim>
    </Colors>
    <WheelType>1</WheelType>
    <Mods>
      <Mod ModIndex="48">0</Mod>
    </Mods>
    <Extras>
      <Extra>1</Extra>
      <Extra>2</Extra>
    </Extras>
  </Vehicle>
</Data>