<Data>
  <Vehicle>
    <Name>Presidente V10S</Name>
    <Class>Sedans</Class>
    <Disciplines>
      <Discipline>sedans</Discipline>
      <Discipline>pres2</Discipline>
      <Discipline>presidentev10s</Discipline>
      <Discipline>street</Discipline>
    </Disciplines>
    <Model>-70512139</Model>
    <Livery>-1</Livery>
    <Acceleration ModelName="Presidente V10S">0.38</Acceleration>
    <Colors>
      <Primary>62</Primary>
      <Secondary>132</Secondary>
      <Pearl>27</Pearl>
      <Wheel>62</Wheel>
      <Dash>0</Dash>
      <Trim>0</Trim>
    </Colors>
    <WheelType>0</WheelType>
    <Mods>
      <Mod ModIndex="23">14</Mod>
      <Mod ModIndex="62">14</Mod>
      <ToggleMod ModIndex="18">1</ToggleMod>
      <ToggleMod ModIndex="57">1</ToggleMod>
    </Mods>
    <Extras>
      <Extra>10</Extra>
    </Extras>
  </Vehicle>
</Data>