<Data>
  <Vehicle>
    <Name>Presidente V10S</Name>
    <Class>Sedans</Class>
    <Disciplines>
      <Discipline>sedans</Discipline>
      <Discipline>pres2</Discipline>
      <Discipline>presidentev10s</Discipline>
      <Discipline>street</Discipline>
    </Disciplines>
    <Model>-70512139</Model>
    <Livery>-1</Livery>
    <Acceleration ModelName="Presidente V10S">0.453</Acceleration>
    <Colors>
      <Primary>64</Primary>
      <Secondary>61</Secondary>
      <Pearl>68</Pearl>
      <Wheel>120</Wheel>
      <Dash>0</Dash>
      <Trim>0</Trim>
    </Colors>
    <WheelType>0</WheelType>
    <Mods>
      <Mod ModIndex="11">3</Mod>
      <Mod ModIndex="12">2</Mod>
      <Mod ModIndex="13">1</Mod>
      <Mod ModIndex="50">3</Mod>
      <Mod ModIndex="51">2</Mod>
      <Mod ModIndex="52">1</Mod>
      <ToggleMod ModIndex="18">1</ToggleMod>
      <ToggleMod ModIndex="57">1</ToggleMod>
    </Mods>
    <Extras />
  </Vehicle>
</Data>