<Data>
  <Vehicle>
    <Name>Sentinel SG4</Name>
    <Class>Coupes</Class>
    <Disciplines>
      <Discipline>coupes</Discipline>
      <Discipline>sentinelsg4</Discipline>
      <Discipline>sentinelsg4</Discipline>
      <Discipline>sponsor</Discipline>
    </Disciplines>
    <Model>-72248338</Model>
    <Livery>2</Livery>
    <Acceleration ModelName="Sentinel SG4">0.351</Acceleration>
    <Colors>
      <Primary>111</Primary>
      <Secondary>156</Secondary>
      <Pearl>147</Pearl>
      <Wheel>156</Wheel>
      <Dash>111</Dash>
      <Trim>8</Trim>
    </Colors>
    <WheelType>0</WheelType>
    <Mods>
      <Mod ModIndex="0">4</Mod>
      <Mod ModIndex="1">0</Mod>
      <Mod ModIndex="4">0</Mod>
      <Mod ModIndex="5">2</Mod>
      <Mod ModIndex="6">0</Mod>
      <Mod ModIndex="11">2</Mod>
      <Mod ModIndex="13">1</Mod>
      <Mod ModIndex="48">2</Mod>
      <Mod ModIndex="50">2</Mod>
      <Mod ModIndex="52">1</Mod>
    </Mods>
    <Extras>
      <Extra>10</Extra>
    </Extras>
  </Vehicle>
</Data>