<Data>
  <Vehicle>
    <Name>Club GTR</Name>
    <Class>Compacts</Class>
    <Disciplines>
      <Discipline>compacts</Discipline>
      <Discipline>clubgtr</Discipline>
      <Discipline>clubgtr</Discipline>
      <Discipline>rally</Discipline>
      <Discipline>offroad</Discipline>
    </Disciplines>
    <Model>-1935714584</Model>
    <Livery>-1</Livery>
    <Acceleration ModelName="Club GTR">0.377</Acceleration>
    <Colors>
      <Primary>70</Primary>
      <Secondary>14</Secondary>
      <Pearl>70</Pearl>
      <Wheel>2</Wheel>
      <Dash>156</Dash>
      <Trim>0</Trim>
    </Colors>
    <WheelType>5</WheelType>
    <Mods>
      <Mod ModIndex="0">6</Mod>
      <Mod ModIndex="1">2</Mod>
      <Mod ModIndex="3">3</Mod>
      <Mod ModIndex="4">5</Mod>
      <Mod ModIndex="5">0</Mod>
      <Mod ModIndex="6">1</Mod>
      <Mod ModIndex="7">1</Mod>
      <Mod ModIndex="8">0</Mod>
      <Mod ModIndex="9">0</Mod>
      <Mod ModIndex="10">3</Mod>
      <Mod ModIndex="11">3</Mod>
      <Mod ModIndex="13">0</Mod>
      <Mod ModIndex="23">11</Mod>
      <Mod ModIndex="41">3</Mod>
      <Mod ModIndex="42">0</Mod>
      <Mod ModIndex="50">3</Mod>
      <Mod ModIndex="52">0</Mod>
      <Mod ModIndex="62">11</Mod>
      <ToggleMod ModIndex="18">1</ToggleMod>
      <ToggleMod ModIndex="57">1</ToggleMod>
    </Mods>
    <Extras>
      <Extra>2</Extra>
    </Extras>
  </Vehicle>
</Data>