<Data>
  <Vehicle>
    <Name>Razor</Name>
    <Class>Muscle</Class>
    <Disciplines>
      <Discipline>muscle</Discipline>
      <Discipline>razor</Discipline>
      <Discipline>razor</Discipline>
      <Discipline>street</Discipline>
    </Disciplines>
    <Model>2139081258</Model>
    <Livery>-1</Livery>
    <Acceleration ModelName="Razor">0.28</Acceleration>
    <Colors>
      <Primary>5</Primary>
      <Secondary>28</Secondary>
      <Pearl>0</Pearl>
      <Wheel>156</Wheel>
      <Dash>0</Dash>
      <Trim>0</Trim>
    </Colors>
    <WheelType>1</WheelType>
    <Mods />
    <Extras>
      <Extra>2</Extra>
      <Extra>3</Extra>
      <Extra>5</Extra>
    </Extras>
  </Vehicle>
</Data>