<Data>
  <Vehicle>
    <Name>RE-7B</Name>
    <Class>Super</Class>
    <Disciplines>
      <Discipline>super</Discipline>
      <Discipline>le7b</Discipline>
      <Discipline>re7b</Discipline>
      <Discipline>lm</Discipline>
      <Discipline>sponsor</Discipline>
    </Disciplines>
    <Model>-1232836011</Model>
    <Livery>1</Livery>
    <Acceleration ModelName="RE-7B">0.459</Acceleration>
    <Colors>
      <Primary>111</Primary>
      <Secondary>111</Secondary>
      <Pearl>111</Pearl>
      <Wheel>111</Wheel>
      <Dash>111</Dash>
      <Trim>111</Trim>
    </Colors>
    <WheelType>0</WheelType>
    <Mods>
      <Mod ModIndex="48">1</Mod>
    </Mods>
    <Extras>
      <Extra>1</Extra>
    </Extras>
  </Vehicle>
</Data>