<Data>
  <Vehicle>
    <Name>Reaper</Name>
    <Class>Super</Class>
    <Disciplines>
      <Discipline>super</Discipline>
      <Discipline>reaper</Discipline>
      <Discipline>street</Discipline>
    </Disciplines>
    <Model>234062309</Model>
    <Livery>-1</Livery>
    <Acceleration ModelName="Reaper">0.512</Acceleration>
    <Colors>
      <Primary>34</Primary>
      <Secondary>34</Secondary>
      <Pearl>135</Pearl>
      <Wheel>156</Wheel>
      <Dash>0</Dash>
      <Trim>0</Trim>
    </Colors>
    <WheelType>8</WheelType>
    <Mods>
      <Mod ModIndex="11">1</Mod>
      <Mod ModIndex="12">2</Mod>
      <Mod ModIndex="13">0</Mod>
      <Mod ModIndex="15">2</Mod>
      <Mod ModIndex="16">4</Mod>
      <Mod ModIndex="23">15</Mod>
      <Mod ModIndex="50">1</Mod>
      <Mod ModIndex="51">2</Mod>
      <Mod ModIndex="52">0</Mod>
      <Mod ModIndex="54">2</Mod>
      <Mod ModIndex="55">4</Mod>
      <Mod ModIndex="62">15</Mod>
      <ToggleMod ModIndex="18">1</ToggleMod>
      <ToggleMod ModIndex="22">1</ToggleMod>
      <ToggleMod ModIndex="57">1</ToggleMod>
      <ToggleMod ModIndex="61">1</ToggleMod>
    </Mods>
    <Extras />
  </Vehicle>
</Data>