<Data>
  <Vehicle>
    <Name>Redwood Gauntlet</Name>
    <Class>Muscle</Class>
    <Disciplines>
      <Discipline>muscle</Discipline>
      <Discipline>gauntlet2</Discipline>
      <Discipline>redwoodgauntlet</Discipline>
      <Discipline>sponsor</Discipline>
    </Disciplines>
    <Model>349315417</Model>
    <Livery>-1</Livery>
    <Acceleration ModelName="Redwood Gauntlet">0.251</Acceleration>
    <Colors>
      <Primary>134</Primary>
      <Secondary>134</Secondary>
      <Pearl>134</Pearl>
      <Wheel>29</Wheel>
      <Dash>0</Dash>
      <Trim>0</Trim>
    </Colors>
    <WheelType>1</WheelType>
    <Mods />
    <Extras />
  </Vehicle>
</Data>