<Data>
  <Vehicle>
    <Name>Retinue</Name>
    <Class>SportsClassics</Class>
    <Disciplines>
      <Discipline>sportsclassics</Discipline>
      <Discipline>retinue</Discipline>
      <Discipline>retinue</Discipline>
      <Discipline>rally</Discipline>
      <Discipline>sponsor</Discipline>
    </Disciplines>
    <Model>1841130506</Model>
    <Livery>2</Livery>
    <Acceleration ModelName="Retinue">0.352</Acceleration>
    <Colors>
      <Primary>73</Primary>
      <Secondary>28</Secondary>
      <Pearl>73</Pearl>
      <Wheel>44</Wheel>
      <Dash>111</Dash>
      <Trim>111</Trim>
    </Colors>
    <WheelType>1</WheelType>
    <Mods>
      <Mod ModIndex="1">2</Mod>
      <Mod ModIndex="3">0</Mod>
      <Mod ModIndex="4">1</Mod>
      <Mod ModIndex="5">0</Mod>
      <Mod ModIndex="6">1</Mod>
      <Mod ModIndex="7">0</Mod>
      <Mod ModIndex="8">0</Mod>
      <Mod ModIndex="10">0</Mod>
      <Mod ModIndex="11">3</Mod>
      <Mod ModIndex="12">1</Mod>
      <Mod ModIndex="13">0</Mod>
      <Mod ModIndex="48">2</Mod>
      <Mod ModIndex="50">3</Mod>
      <Mod ModIndex="51">1</Mod>
      <Mod ModIndex="52">0</Mod>
      <ToggleMod ModIndex="18">1</ToggleMod>
      <ToggleMod ModIndex="57">1</ToggleMod>
    </Mods>
    <Extras />
  </Vehicle>
</Data>