<Data>
  <Vehicle>
    <Name>Riata</Name>
    <Class>OffRoad</Class>
    <Disciplines>
      <Discipline>offroad</Discipline>
      <Discipline>riata</Discipline>
      <Discipline>riata</Discipline>
      <Discipline>raid</Discipline>
      <Discipline>sponsor</Discipline>
    </Disciplines>
    <Model>-1532697517</Model>
    <Livery>7</Livery>
    <Acceleration ModelName="Riata">0.409</Acceleration>
    <Colors>
      <Primary>111</Primary>
      <Secondary>111</Secondary>
      <Pearl>0</Pearl>
      <Wheel>0</Wheel>
      <Dash>134</Dash>
      <Trim>158</Trim>
    </Colors>
    <WheelType>4</WheelType>
    <Mods>
      <Mod ModIndex="1">4</Mod>
      <Mod ModIndex="2">0</Mod>
      <Mod ModIndex="4">1</Mod>
      <Mod ModIndex="7">5</Mod>
      <Mod ModIndex="10">10</Mod>
      <Mod ModIndex="11">3</Mod>
      <Mod ModIndex="12">2</Mod>
      <Mod ModIndex="13">2</Mod>
      <Mod ModIndex="15">3</Mod>
      <Mod ModIndex="23">1</Mod>
      <Mod ModIndex="48">7</Mod>
      <Mod ModIndex="50">3</Mod>
      <Mod ModIndex="51">2</Mod>
      <Mod ModIndex="52">2</Mod>
      <Mod ModIndex="54">3</Mod>
      <Mod ModIndex="62">1</Mod>
      <ToggleMod ModIndex="18">1</ToggleMod>
      <ToggleMod ModIndex="57">1</ToggleMod>
    </Mods>
    <Extras />
  </Vehicle>
</Data>