<Data>
  <Vehicle>
    <Name>Riata</Name>
    <Class>OffRoad</Class>
    <Disciplines>
      <Discipline>offroad</Discipline>
      <Discipline>riata</Discipline>
      <Discipline>riata</Discipline>
      <Discipline>raid</Discipline>
    </Disciplines>
    <Model>-1532697517</Model>
    <Livery>-1</Livery>
    <Acceleration ModelName="Riata">0.35</Acceleration>
    <Colors>
      <Primary>88</Primary>
      <Secondary>74</Secondary>
      <Pearl>88</Pearl>
      <Wheel>158</Wheel>
      <Dash>134</Dash>
      <Trim>158</Trim>
    </Colors>
    <WheelType>3</WheelType>
    <Mods>
      <Mod ModIndex="1">0</Mod>
      <Mod ModIndex="2">0</Mod>
      <Mod ModIndex="3">0</Mod>
      <Mod ModIndex="6">0</Mod>
      <Mod ModIndex="7">4</Mod>
      <Mod ModIndex="10">0</Mod>
      <ToggleMod ModIndex="18">1</ToggleMod>
      <ToggleMod ModIndex="57">1</ToggleMod>
    </Mods>
    <Extras />
  </Vehicle>
</Data>