<Data>
  <Vehicle>
    <Name>Vigero Rumbler Street Rod</Name>
    <Class>Muscle</Class>
    <Disciplines>
      <Discipline>muscle</Discipline>
      <Discipline>vigero4</Discipline>
      <Discipline>vigerorumblerstreetrod</Discipline>
      <Discipline>street</Discipline>
      <Discipline>drag</Discipline>
    </Disciplines>
    <Model>753397099</Model>
    <Livery>0</Livery>
    <Acceleration ModelName="Vigero Rumbler Street Rod">0.35</Acceleration>
    <Colors>
      <Primary>68</Primary>
      <Secondary>0</Secondary>
      <Pearl>72</Pearl>
      <Wheel>0</Wheel>
      <Dash>0</Dash>
      <Trim>0</Trim>
    </Colors>
    <WheelType>1</WheelType>
    <Mods />
    <Extras />
  </Vehicle>
</Data>