<Data>
  <Vehicle>
    <Name>Sanchez (livery)</Name>
    <Class>Motorcycles</Class>
    <Disciplines>
      <Discipline>motorcycles</Discipline>
      <Discipline>sanchez01</Discipline>
      <Discipline>sanchez(livery)</Discipline>
      <Discipline>dirtbike</Discipline>
    </Disciplines>
    <Model>788045382</Model>
    <Livery>1</Livery>
    <Acceleration ModelName="Sanchez (livery)">0.41</Acceleration>
    <Colors>
      <Primary>0</Primary>
      <Secondary>0</Secondary>
      <Pearl>0</Pearl>
      <Wheel>156</Wheel>
      <Dash>0</Dash>
      <Trim>0</Trim>
    </Colors>
    <WheelType>6</WheelType>
    <Mods />
    <Extras />
  </Vehicle>
</Data>