<Data>
  <Vehicle>
    <Name>Schlagen GT</Name>
    <Class>Sports</Class>
    <Disciplines>
      <Discipline>sports</Discipline>
      <Discipline>schlagen</Discipline>
      <Discipline>schlagengt</Discipline>
      <Discipline>street</Discipline>
    </Disciplines>
    <Model>-507495760</Model>
    <Livery>-1</Livery>
    <Acceleration ModelName="Schlagen GT">0.531</Acceleration>
    <Colors>
      <Primary>70</Primary>
      <Secondary>70</Secondary>
      <Pearl>70</Pearl>
      <Wheel>12</Wheel>
      <Dash>0</Dash>
      <Trim>2</Trim>
    </Colors>
    <WheelType>0</WheelType>
    <Mods>
      <Mod ModIndex="1">0</Mod>
      <Mod ModIndex="2">3</Mod>
      <Mod ModIndex="3">5</Mod>
      <Mod ModIndex="4">2</Mod>
      <Mod ModIndex="5">0</Mod>
      <Mod ModIndex="6">0</Mod>
      <Mod ModIndex="7">8</Mod>
      <Mod ModIndex="9">1</Mod>
      <Mod ModIndex="10">2</Mod>
      <Mod ModIndex="11">3</Mod>
      <Mod ModIndex="12">2</Mod>
      <Mod ModIndex="13">3</Mod>
      <Mod ModIndex="15">4</Mod>
      <Mod ModIndex="23">9</Mod>
      <Mod ModIndex="50">3</Mod>
      <Mod ModIndex="51">2</Mod>
      <Mod ModIndex="52">3</Mod>
      <Mod ModIndex="54">4</Mod>
      <Mod ModIndex="62">9</Mod>
      <ToggleMod ModIndex="18">1</ToggleMod>
      <ToggleMod ModIndex="57">1</ToggleMod>
    </Mods>
    <Extras />
  </Vehicle>
</Data>