<Data>
  <Vehicle>
    <Name>Sentinel Classic</Name>
    <Class>Sports</Class>
    <Disciplines>
      <Discipline>sports</Discipline>
      <Discipline>sentinel3</Discipline>
      <Discipline>sentinelclassic</Discipline>
      <Discipline>sponsor</Discipline>
    </Disciplines>
    <Model>1104234922</Model>
    <Livery>4</Livery>
    <Acceleration ModelName="Sentinel Classic">0.39</Acceleration>
    <Colors>
      <Primary>3</Primary>
      <Secondary>12</Secondary>
      <Pearl>6</Pearl>
      <Wheel>122</Wheel>
      <Dash>111</Dash>
      <Trim>13</Trim>
    </Colors>
    <WheelType>5</WheelType>
    <Mods>
      <Mod ModIndex="0">0</Mod>
      <Mod ModIndex="1">4</Mod>
      <Mod ModIndex="4">2</Mod>
      <Mod ModIndex="5">4</Mod>
      <Mod ModIndex="6">2</Mod>
      <Mod ModIndex="7">7</Mod>
      <Mod ModIndex="10">6</Mod>
      <Mod ModIndex="11">3</Mod>
      <Mod ModIndex="12">2</Mod>
      <Mod ModIndex="13">2</Mod>
      <Mod ModIndex="15">2</Mod>
      <Mod ModIndex="23">11</Mod>
      <Mod ModIndex="48">4</Mod>
      <Mod ModIndex="50">3</Mod>
      <Mod ModIndex="51">2</Mod>
      <Mod ModIndex="52">2</Mod>
      <Mod ModIndex="54">2</Mod>
      <Mod ModIndex="62">11</Mod>
      <ToggleMod ModIndex="18">1</ToggleMod>
      <ToggleMod ModIndex="57">1</ToggleMod>
    </Mods>
    <Extras />
  </Vehicle>
</Data>