<Data>
  <Vehicle>
    <Name>Sentinel Classic DTM</Name>
    <Class>Sports</Class>
    <Disciplines>
      <Discipline>sports</Discipline>
      <Discipline>sentineldtm</Discipline>
      <Discipline>sentinelclassicdtm</Discipline>
      <Discipline>sponsor</Discipline>
    </Disciplines>
    <Model>-136221107</Model>
    <Livery>10</Livery>
    <Acceleration ModelName="Sentinel Classic DTM">0.265</Acceleration>
    <Colors>
      <Primary>28</Primary>
      <Secondary>0</Secondary>
      <Pearl>0</Pearl>
      <Wheel>156</Wheel>
      <Dash>0</Dash>
      <Trim>0</Trim>
    </Colors>
    <WheelType>1</WheelType>
    <Mods>
      <Mod ModIndex="48">10</Mod>
    </Mods>
    <Extras>
      <Extra>2</Extra>
    </Extras>
  </Vehicle>
</Data>