<Data>
  <Vehicle>
    <Name>Specter Custom</Name>
    <Class>Sports</Class>
    <Disciplines>
      <Discipline>sports</Discipline>
      <Discipline>specter2</Discipline>
      <Discipline>spectercustom</Discipline>
      <Discipline>sponsor</Discipline>
    </Disciplines>
    <Model>1074745671</Model>
    <Livery>6</Livery>
    <Acceleration ModelName="Specter Custom">0.276</Acceleration>
    <Colors>
      <Primary>111</Primary>
      <Secondary>0</Secondary>
      <Pearl>0</Pearl>
      <Wheel>132</Wheel>
      <Dash>160</Dash>
      <Trim>118</Trim>
    </Colors>
    <WheelType>7</WheelType>
    <Mods>
      <Mod ModIndex="0">5</Mod>
      <Mod ModIndex="29">3</Mod>
      <Mod ModIndex="48">6</Mod>
    </Mods>
    <Extras />
  </Vehicle>
</Data>