<Data>
  <Vehicle>
    <Name>Sprunk Buffalo</Name>
    <Class>Sports</Class>
    <Disciplines>
      <Discipline>sports</Discipline>
      <Discipline>buffalo3</Discipline>
      <Discipline>sprunkbuffalo</Discipline>
      <Discipline>sponsor</Discipline>
    </Disciplines>
    <Model>237764926</Model>
    <Livery>-1</Livery>
    <Acceleration ModelName="Sprunk Buffalo">0.268</Acceleration>
    <Colors>
      <Primary>111</Primary>
      <Secondary>134</Secondary>
      <Pearl>0</Pearl>
      <Wheel>139</Wheel>
      <Dash>0</Dash>
      <Trim>0</Trim>
    </Colors>
    <WheelType>0</WheelType>
    <Mods />
    <Extras />
  </Vehicle>
</Data>