<Data>
  <Vehicle>
    <Name>Stinger GT</Name>
    <Class>SportsClassics</Class>
    <Disciplines>
      <Discipline>sportsclassics</Discipline>
      <Discipline>stingerg</Discipline>
      <Discipline>stingergt</Discipline>
      <Discipline>street</Discipline>
    </Disciplines>
    <Model>-2098947590</Model>
    <Livery>-1</Livery>
    <Acceleration ModelName="Stinger GT">0.214</Acceleration>
    <Colors>
      <Primary>68</Primary>
      <Secondary>12</Secondary>
      <Pearl>68</Pearl>
      <Wheel>156</Wheel>
      <Dash>0</Dash>
      <Trim>0</Trim>
    </Colors>
    <WheelType>2</WheelType>
    <Mods />
    <Extras />
  </Vehicle>
</Data>