<Data>
  <Vehicle>
    <Name>428 SSC</Name>
    <Class>Muscle</Class>
    <Disciplines>
      <Discipline>muscle</Discipline>
      <Discipline>dominatorc2</Discipline>
      <Discipline>428ssc</Discipline>
      <Discipline>street</Discipline>
    </Disciplines>
    <Model>-9767458</Model>
    <Livery>4</Livery>
    <Acceleration ModelName="428 SSC">0.425</Acceleration>
    <Colors>
      <Primary>71</Primary>
      <Secondary>0</Secondary>
      <Pearl>145</Pearl>
      <Wheel>76</Wheel>
      <Dash>0</Dash>
      <Trim>1</Trim>
    </Colors>
    <WheelType>2</WheelType>
    <Mods>
      <Mod ModIndex="5">0</Mod>
      <Mod ModIndex="6">1</Mod>
      <Mod ModIndex="23">1</Mod>
      <Mod ModIndex="62">1</Mod>
      <ToggleMod ModIndex="18">1</ToggleMod>
      <ToggleMod ModIndex="57">1</ToggleMod>
    </Mods>
    <Extras />
  </Vehicle>
</Data>