<Data>
  <Vehicle>
    <Name>Turismo</Name>
    <Class>Sports</Class>
    <Disciplines>
      <Discipline>sports</Discipline>
      <Discipline>turismo</Discipline>
      <Discipline>turismo</Discipline>
      <Discipline>street</Discipline>
    </Disciplines>
    <Model>-1896659641</Model>
    <Livery>-1</Livery>
    <Acceleration ModelName="Turismo">0.599</Acceleration>
    <Colors>
      <Primary>38</Primary>
      <Secondary>8</Secondary>
      <Pearl>37</Pearl>
      <Wheel>38</Wheel>
      <Dash>0</Dash>
      <Trim>0</Trim>
    </Colors>
    <WheelType>7</WheelType>
    <Mods>
      <Mod ModIndex="0">0</Mod>
      <Mod ModIndex="4">0</Mod>
      <Mod ModIndex="11">4</Mod>
      <Mod ModIndex="12">2</Mod>
      <Mod ModIndex="13">2</Mod>
      <Mod ModIndex="23">18</Mod>
      <Mod ModIndex="50">4</Mod>
      <Mod ModIndex="51">2</Mod>
      <Mod ModIndex="52">2</Mod>
      <Mod ModIndex="62">18</Mod>
      <ToggleMod ModIndex="18">1</ToggleMod>
      <ToggleMod ModIndex="57">1</ToggleMod>
    </Mods>
    <Extras />
  </Vehicle>
</Data>