<Data>
  <Vehicle>
    <Name>Comet Retro</Name>
    <Class>Sports</Class>
    <Disciplines>
      <Discipline>sports</Discipline>
      <Discipline>comet6</Discipline>
      <Discipline>cometretro</Discipline>
      <Discipline>classic</Discipline>
      <Discipline>street</Discipline>
    </Disciplines>
    <Model>-1726022652</Model>
    <Livery>5</Livery>
    <Acceleration ModelName="Comet Retro">0.34</Acceleration>
    <Colors>
      <Primary>28</Primary>
      <Secondary>0</Secondary>
      <Pearl>120</Pearl>
      <Wheel>156</Wheel>
      <Dash>0</Dash>
      <Trim>0</Trim>
    </Colors>
    <WheelType>0</WheelType>
    <Mods>
      <Mod ModIndex="48">5</Mod>
    </Mods>
    <Extras />
  </Vehicle>
</Data>