<Data>
  <Vehicle>
    <Name>Sultan RS</Name>
    <Class>Super</Class>
    <Disciplines>
      <Discipline>super</Discipline>
      <Discipline>sultanrs</Discipline>
      <Discipline>street</Discipline>
    </Disciplines>
    <Model>-295689028</Model>
    <Livery>-1</Livery>
    <Acceleration ModelName="Sultan RS">0.441</Acceleration>
    <Colors>
      <Primary>15</Primary>
      <Secondary>15</Secondary>
      <Pearl>156</Pearl>
      <Wheel>0</Wheel>
      <Dash>134</Dash>
      <Trim>2</Trim>
    </Colors>
    <WheelType>0</WheelType>
    <Mods>
      <Mod ModIndex="0">0</Mod>
      <Mod ModIndex="1">1</Mod>
      <Mod ModIndex="2">0</Mod>
      <Mod ModIndex="5">1</Mod>
      <Mod ModIndex="7">0</Mod>
      <Mod ModIndex="8">2</Mod>
      <Mod ModIndex="10">0</Mod>
      <Mod ModIndex="11">4</Mod>
      <Mod ModIndex="12">2</Mod>
      <Mod ModIndex="13">3</Mod>
      <Mod ModIndex="15">3</Mod>
      <Mod ModIndex="23">17</Mod>
      <Mod ModIndex="27">0</Mod>
      <Mod ModIndex="29">3</Mod>
      <Mod ModIndex="30">0</Mod>
      <Mod ModIndex="31">0</Mod>
      <Mod ModIndex="32">11</Mod>
      <Mod ModIndex="33">11</Mod>
      <Mod ModIndex="39">3</Mod>
      <Mod ModIndex="40">4</Mod>
      <Mod ModIndex="41">9</Mod>
      <Mod ModIndex="42">0</Mod>
      <Mod ModIndex="44">0</Mod>
      <Mod ModIndex="50">4</Mod>
      <Mod ModIndex="51">2</Mod>
      <Mod ModIndex="52">3</Mod>
      <Mod ModIndex="54">3</Mod>
      <Mod ModIndex="62">17</Mod>
      <ToggleMod ModIndex="18">1</ToggleMod>
      <ToggleMod ModIndex="57">1</ToggleMod>
    </Mods>
    <Extras />
  </Vehicle>
</Data>