<Data>
  <Vehicle>
    <Name>Sultan RS</Name>
    <Class>Super</Class>
    <Disciplines>
      <Discipline>super</Discipline>
      <Discipline>street</Discipline>
      <Discipline>sultanrs</Discipline>
    </Disciplines>
    <Model>-295689028</Model>
    <Livery>0</Livery>
    <Acceleration ModelName="Sultan RS">0.353</Acceleration>
    <Colors>
      <Primary>5</Primary>
      <Secondary>5</Secondary>
      <Pearl>5</Pearl>
      <Wheel>2</Wheel>
      <Dash>126</Dash>
      <Trim>29</Trim>
    </Colors>
    <WheelType>5</WheelType>
    <Mods>
      <Mod ModIndex="1">5</Mod>
      <Mod ModIndex="5">0</Mod>
      <Mod ModIndex="7">7</Mod>
      <Mod ModIndex="11">0</Mod>
      <Mod ModIndex="12">0</Mod>
      <Mod ModIndex="13">0</Mod>
      <Mod ModIndex="15">3</Mod>
      <Mod ModIndex="16">0</Mod>
      <Mod ModIndex="23" IsCustom="True">0</Mod>
      <Mod ModIndex="27">0</Mod>
      <Mod ModIndex="29">0</Mod>
      <Mod ModIndex="30">1</Mod>
      <Mod ModIndex="31">5</Mod>
      <Mod ModIndex="32">8</Mod>
      <Mod ModIndex="33">12</Mod>
      <Mod ModIndex="40">4</Mod>
      <Mod ModIndex="41">4</Mod>
      <Mod ModIndex="42">3</Mod>
      <Mod ModIndex="48">0</Mod>
      <Mod ModIndex="50">0</Mod>
      <Mod ModIndex="51">0</Mod>
      <Mod ModIndex="52">0</Mod>
      <Mod ModIndex="54">3</Mod>
      <Mod ModIndex="55">0</Mod>
      <Mod ModIndex="62" IsCustom="True">0</Mod>
    </Mods>
    <Extras />
  </Vehicle>
</Data>