<Data>
  <Vehicle>
    <Name>Sultan RS</Name>
    <Class>Super</Class>
    <Disciplines>
      <Discipline>super</Discipline>
      <Discipline>sultanrs</Discipline>
      <Discipline>street</Discipline>
    </Disciplines>
    <Model>-295689028</Model>
    <Livery>-1</Livery>
    <Acceleration ModelName="Sultan RS">0.556</Acceleration>
    <Colors>
      <Primary>12</Primary>
      <Secondary>12</Secondary>
      <Pearl>0</Pearl>
      <Wheel>0</Wheel>
      <Dash>0</Dash>
      <Trim>0</Trim>
    </Colors>
    <WheelType>0</WheelType>
    <Mods>
      <Mod ModIndex="0">12</Mod>
      <Mod ModIndex="1">4</Mod>
      <Mod ModIndex="2">3</Mod>
      <Mod ModIndex="3">0</Mod>
      <Mod ModIndex="5">4</Mod>
      <Mod ModIndex="6">1</Mod>
      <Mod ModIndex="7">1</Mod>
      <Mod ModIndex="8">1</Mod>
      <Mod ModIndex="10">4</Mod>
      <Mod ModIndex="11">3</Mod>
      <Mod ModIndex="12">2</Mod>
      <Mod ModIndex="13">3</Mod>
      <Mod ModIndex="15">3</Mod>
      <Mod ModIndex="16">4</Mod>
      <Mod ModIndex="23">20</Mod>
      <Mod ModIndex="31">0</Mod>
      <Mod ModIndex="32">1</Mod>
      <Mod ModIndex="33">3</Mod>
      <Mod ModIndex="39">3</Mod>
      <Mod ModIndex="40">3</Mod>
      <Mod ModIndex="41">5</Mod>
      <Mod ModIndex="42">3</Mod>
      <Mod ModIndex="43">1</Mod>
      <Mod ModIndex="44">1</Mod>
      <Mod ModIndex="46">2</Mod>
      <Mod ModIndex="50">3</Mod>
      <Mod ModIndex="51">2</Mod>
      <Mod ModIndex="52">3</Mod>
      <Mod ModIndex="54">3</Mod>
      <Mod ModIndex="55">4</Mod>
      <Mod ModIndex="62">20</Mod>
      <ToggleMod ModIndex="18">1</ToggleMod>
      <ToggleMod ModIndex="20">1</ToggleMod>
      <ToggleMod ModIndex="22">1</ToggleMod>
      <ToggleMod ModIndex="57">1</ToggleMod>
      <ToggleMod ModIndex="59">1</ToggleMod>
      <ToggleMod ModIndex="61">1</ToggleMod>
    </Mods>
    <Extras />
  </Vehicle>
</Data>