<Data>
  <Vehicle>
    <Name>Sultan RS</Name>
    <Class>Super</Class>
    <Disciplines>
      <Discipline>super</Discipline>
      <Discipline>sultanrs</Discipline>
      <Discipline>street</Discipline>
    </Disciplines>
    <Model>-295689028</Model>
    <Livery>1</Livery>
    <Acceleration ModelName="Sultan RS">0.499</Acceleration>
    <Colors>
      <Primary>111</Primary>
      <Secondary>0</Secondary>
      <Pearl>0</Pearl>
      <Wheel>2</Wheel>
      <Dash>126</Dash>
      <Trim>31</Trim>
    </Colors>
    <WheelType>0</WheelType>
    <Mods>
      <Mod ModIndex="0">6</Mod>
      <Mod ModIndex="1">3</Mod>
      <Mod ModIndex="2">3</Mod>
      <Mod ModIndex="4">4</Mod>
      <Mod ModIndex="5">0</Mod>
      <Mod ModIndex="7">7</Mod>
      <Mod ModIndex="8">0</Mod>
      <Mod ModIndex="10">0</Mod>
      <Mod ModIndex="11">2</Mod>
      <Mod ModIndex="12">2</Mod>
      <Mod ModIndex="13">1</Mod>
      <Mod ModIndex="15">3</Mod>
      <Mod ModIndex="16">0</Mod>
      <Mod ModIndex="27">0</Mod>
      <Mod ModIndex="29">1</Mod>
      <Mod ModIndex="30">1</Mod>
      <Mod ModIndex="31">0</Mod>
      <Mod ModIndex="32">12</Mod>
      <Mod ModIndex="33">12</Mod>
      <Mod ModIndex="39">2</Mod>
      <Mod ModIndex="40">7</Mod>
      <Mod ModIndex="41">11</Mod>
      <Mod ModIndex="42">0</Mod>
      <Mod ModIndex="44">0</Mod>
      <Mod ModIndex="46">0</Mod>
      <Mod ModIndex="48">1</Mod>
      <Mod ModIndex="50">2</Mod>
      <Mod ModIndex="51">2</Mod>
      <Mod ModIndex="52">1</Mod>
      <Mod ModIndex="54">3</Mod>
      <Mod ModIndex="55">0</Mod>
      <ToggleMod ModIndex="18">1</ToggleMod>
      <ToggleMod ModIndex="57">1</ToggleMod>
    </Mods>
    <Extras />
  </Vehicle>
</Data>