<Data>
  <Vehicle>
    <Name>Sultan RS</Name>
    <Class>Super</Class>
    <Disciplines>
      <Discipline>super</Discipline>
      <Discipline>sultanrs</Discipline>
      <Discipline>street</Discipline>
    </Disciplines>
    <Model>-295689028</Model>
    <Livery>7</Livery>
    <Acceleration ModelName="Sultan RS">0.556</Acceleration>
    <Colors>
      <Primary>30</Primary>
      <Secondary>30</Secondary>
      <Pearl>135</Pearl>
      <Wheel>29</Wheel>
      <Dash>27</Dash>
      <Trim>135</Trim>
    </Colors>
    <WheelType>8</WheelType>
    <Mods>
      <Mod ModIndex="0">12</Mod>
      <Mod ModIndex="1">5</Mod>
      <Mod ModIndex="2">3</Mod>
      <Mod ModIndex="4">0</Mod>
      <Mod ModIndex="5">4</Mod>
      <Mod ModIndex="6">3</Mod>
      <Mod ModIndex="7">7</Mod>
      <Mod ModIndex="8">5</Mod>
      <Mod ModIndex="10">0</Mod>
      <Mod ModIndex="11">3</Mod>
      <Mod ModIndex="12">2</Mod>
      <Mod ModIndex="13">3</Mod>
      <Mod ModIndex="15">3</Mod>
      <Mod ModIndex="23">25</Mod>
      <Mod ModIndex="27">0</Mod>
      <Mod ModIndex="29">4</Mod>
      <Mod ModIndex="30">0</Mod>
      <Mod ModIndex="31">5</Mod>
      <Mod ModIndex="32">9</Mod>
      <Mod ModIndex="33">9</Mod>
      <Mod ModIndex="39">3</Mod>
      <Mod ModIndex="40">3</Mod>
      <Mod ModIndex="41">7</Mod>
      <Mod ModIndex="42">0</Mod>
      <Mod ModIndex="44">0</Mod>
      <Mod ModIndex="46">2</Mod>
      <Mod ModIndex="48">7</Mod>
      <Mod ModIndex="50">3</Mod>
      <Mod ModIndex="51">2</Mod>
      <Mod ModIndex="52">3</Mod>
      <Mod ModIndex="54">3</Mod>
      <Mod ModIndex="62">25</Mod>
      <ToggleMod ModIndex="18">1</ToggleMod>
      <ToggleMod ModIndex="22">1</ToggleMod>
      <ToggleMod ModIndex="57">1</ToggleMod>
      <ToggleMod ModIndex="61">1</ToggleMod>
    </Mods>
    <Extras />
  </Vehicle>
</Data>