<Data>
  <Vehicle>
    <Name>Sultan RS</Name>
    <Class>Super</Class>
    <Disciplines>
      <Discipline>super</Discipline>
      <Discipline>street</Discipline>
      <Discipline>sultanrs</Discipline>
    </Disciplines>
    <Model>-295689028</Model>
    <Livery>3</Livery>
    <Acceleration ModelName="Sultan RS">0.37</Acceleration>
    <Colors>
      <Primary>54</Primary>
      <Secondary>54</Secondary>
      <Pearl>0</Pearl>
      <Wheel>112</Wheel>
      <Dash>27</Dash>
      <Trim>136</Trim>
    </Colors>
    <WheelType>5</WheelType>
    <Mods>
      <Mod ModIndex="0">3</Mod>
      <Mod ModIndex="1">1</Mod>
      <Mod ModIndex="2">4</Mod>
      <Mod ModIndex="4">2</Mod>
      <Mod ModIndex="5">1</Mod>
      <Mod ModIndex="6">3</Mod>
      <Mod ModIndex="7">0</Mod>
      <Mod ModIndex="8">2</Mod>
      <Mod ModIndex="10">0</Mod>
      <Mod ModIndex="11">1</Mod>
      <Mod ModIndex="12">0</Mod>
      <Mod ModIndex="13">0</Mod>
      <Mod ModIndex="15">3</Mod>
      <Mod ModIndex="16">0</Mod>
      <Mod ModIndex="23">4</Mod>
      <Mod ModIndex="29">0</Mod>
      <Mod ModIndex="30">5</Mod>
      <Mod ModIndex="31">6</Mod>
      <Mod ModIndex="32">5</Mod>
      <Mod ModIndex="33">10</Mod>
      <Mod ModIndex="39">3</Mod>
      <Mod ModIndex="40">4</Mod>
      <Mod ModIndex="41">3</Mod>
      <Mod ModIndex="42">2</Mod>
      <Mod ModIndex="48">3</Mod>
      <Mod ModIndex="50">1</Mod>
      <Mod ModIndex="51">0</Mod>
      <Mod ModIndex="52">0</Mod>
      <Mod ModIndex="54">3</Mod>
      <Mod ModIndex="55">0</Mod>
      <Mod ModIndex="62">4</Mod>
    </Mods>
    <Extras />
  </Vehicle>
</Data>