<Data>
  <Vehicle>
    <Name>Sultan S</Name>
    <Class>Sports</Class>
    <Disciplines>
      <Discipline>sports</Discipline>
      <Discipline>sultan2</Discipline>
      <Discipline>sultans</Discipline>
      <Discipline>street</Discipline>
    </Disciplines>
    <Model>872704284</Model>
    <Livery>-1</Livery>
    <Acceleration ModelName="Sultan S">0.407</Acceleration>
    <Colors>
      <Primary>91</Primary>
      <Secondary>147</Secondary>
      <Pearl>0</Pearl>
      <Wheel>156</Wheel>
      <Dash>121</Dash>
      <Trim>2</Trim>
    </Colors>
    <WheelType>0</WheelType>
    <Mods>
      <Mod ModIndex="0">1</Mod>
      <Mod ModIndex="1">1</Mod>
      <Mod ModIndex="2">0</Mod>
      <Mod ModIndex="3">0</Mod>
      <Mod ModIndex="4">0</Mod>
      <Mod ModIndex="7">0</Mod>
      <Mod ModIndex="11">2</Mod>
      <Mod ModIndex="13">0</Mod>
      <Mod ModIndex="50">2</Mod>
      <Mod ModIndex="52">0</Mod>
      <ToggleMod ModIndex="18">1</ToggleMod>
      <ToggleMod ModIndex="57">1</ToggleMod>
    </Mods>
    <Extras />
  </Vehicle>
</Data>