<Data>
  <Vehicle>
    <Name>Vacca</Name>
    <Class>Super</Class>
    <Disciplines>
      <Discipline>super</Discipline>
      <Discipline>testvacca</Discipline>
      <Discipline>vacca</Discipline>
      <Discipline>vaccat</Discipline>
    </Disciplines>
    <Model>-764419907</Model>
    <Livery>4</Livery>
    <Acceleration ModelName="Vacca">0.468</Acceleration>
    <Colors>
      <Primary>74</Primary>
      <Secondary>74</Secondary>
      <Pearl>74</Pearl>
      <Wheel>14</Wheel>
      <Dash>0</Dash>
      <Trim>0</Trim>
    </Colors>
    <WheelType>7</WheelType>
    <Mods>
      <Mod ModIndex="0">0</Mod>
      <Mod ModIndex="48">4</Mod>
      <ToggleMod ModIndex="18">1</ToggleMod>
      <ToggleMod ModIndex="57">1</ToggleMod>
    </Mods>
    <Extras>
      <Extra>1</Extra>
    </Extras>
  </Vehicle>
</Data>