<Data>
  <Vehicle>
    <Name>Toros</Name>
    <Class>SUVs</Class>
    <Disciplines>
      <Discipline>suvs</Discipline>
      <Discipline>toros</Discipline>
      <Discipline>toros</Discipline>
      <Discipline>sponsor</Discipline>
    </Disciplines>
    <Model>-1168952148</Model>
    <Livery>4</Livery>
    <Acceleration ModelName="Toros">0.559</Acceleration>
    <Colors>
      <Primary>112</Primary>
      <Secondary>121</Secondary>
      <Pearl>0</Pearl>
      <Wheel>0</Wheel>
      <Dash>156</Dash>
      <Trim>2</Trim>
    </Colors>
    <WheelType>3</WheelType>
    <Mods>
      <Mod ModIndex="0">5</Mod>
      <Mod ModIndex="2">0</Mod>
      <Mod ModIndex="3">3</Mod>
      <Mod ModIndex="7">0</Mod>
      <Mod ModIndex="11">3</Mod>
      <Mod ModIndex="12">2</Mod>
      <Mod ModIndex="13">0</Mod>
      <Mod ModIndex="15">4</Mod>
      <Mod ModIndex="48">4</Mod>
      <Mod ModIndex="50">3</Mod>
      <Mod ModIndex="51">2</Mod>
      <Mod ModIndex="52">0</Mod>
      <Mod ModIndex="54">4</Mod>
      <ToggleMod ModIndex="18">1</ToggleMod>
      <ToggleMod ModIndex="57">1</ToggleMod>
    </Mods>
    <Extras />
  </Vehicle>
</Data>