<Data>
  <Vehicle>
    <Name>Trophy Truck</Name>
    <Class>OffRoad</Class>
    <Disciplines>
      <Discipline>offroad</Discipline>
      <Discipline>trophy</Discipline>
      <Discipline>trophytruck</Discipline>
      <Discipline>raid</Discipline>
      <Discipline>offroad</Discipline>
    </Disciplines>
    <Model>101905590</Model>
    <Livery>0</Livery>
    <Acceleration ModelName="Trophy Truck">0.219</Acceleration>
    <Colors>
      <Primary>29</Primary>
      <Secondary>38</Secondary>
      <Pearl>0</Pearl>
      <Wheel>132</Wheel>
      <Dash>111</Dash>
      <Trim>42</Trim>
    </Colors>
    <WheelType>4</WheelType>
    <Mods>
      <Mod ModIndex="48">0</Mod>
    </Mods>
    <Extras>
      <Extra>1</Extra>
      <Extra>2</Extra>
      <Extra>3</Extra>
      <Extra>4</Extra>
      <Extra>5</Extra>
    </Extras>
  </Vehicle>
</Data>