<Data>
  <Vehicle>
    <Name>Turismo</Name>
    <Class>Sports</Class>
    <Disciplines>
      <Discipline>sports</Discipline>
      <Discipline>turismoo</Discipline>
      <Discipline>turismo</Discipline>
      <Discipline>street</Discipline>
    </Disciplines>
    <Model>1045778654</Model>
    <Livery>0</Livery>
    <Acceleration ModelName="Turismo">0.581</Acceleration>
    <Colors>
      <Primary>134</Primary>
      <Secondary>27</Secondary>
      <Pearl>0</Pearl>
      <Wheel>156</Wheel>
      <Dash>0</Dash>
      <Trim>0</Trim>
    </Colors>
    <WheelType>7</WheelType>
    <Mods>
      <Mod ModIndex="1">0</Mod>
      <Mod ModIndex="3">0</Mod>
      <Mod ModIndex="4">1</Mod>
      <Mod ModIndex="10">0</Mod>
      <Mod ModIndex="11">4</Mod>
      <Mod ModIndex="48">0</Mod>
      <Mod ModIndex="50">4</Mod>
      <ToggleMod ModIndex="18">1</ToggleMod>
      <ToggleMod ModIndex="57">1</ToggleMod>
    </Mods>
    <Extras>
      <Extra>3</Extra>
    </Extras>
  </Vehicle>
</Data>