<Data>
  <Vehicle>
    <Name>Turismo Classic</Name>
    <Class>SportsClassics</Class>
    <Disciplines>
      <Discipline>sportsclassics</Discipline>
      <Discipline>turismo2</Discipline>
      <Discipline>turismoclassic</Discipline>
    </Disciplines>
    <Model>-982130927</Model>
    <Livery>-1</Livery>
    <Acceleration ModelName="Turismo Classic">0.416</Acceleration>
    <Colors>
      <Primary>29</Primary>
      <Secondary>29</Secondary>
      <Pearl>0</Pearl>
      <Wheel>112</Wheel>
      <Dash>112</Dash>
      <Trim>3</Trim>
    </Colors>
    <WheelType>0</WheelType>
    <Mods>
      <Mod ModIndex="0">5</Mod>
      <Mod ModIndex="1">0</Mod>
      <Mod ModIndex="4">0</Mod>
      <Mod ModIndex="7">5</Mod>
      <Mod ModIndex="10">0</Mod>
      <Mod ModIndex="11">3</Mod>
      <Mod ModIndex="12">2</Mod>
      <Mod ModIndex="13">2</Mod>
      <Mod ModIndex="23">26</Mod>
      <Mod ModIndex="50">3</Mod>
      <Mod ModIndex="51">2</Mod>
      <Mod ModIndex="52">2</Mod>
      <Mod ModIndex="62">26</Mod>
      <ToggleMod ModIndex="18">1</ToggleMod>
      <ToggleMod ModIndex="57">1</ToggleMod>
    </Mods>
    <Extras />
  </Vehicle>
</Data>