<Data>
  <Vehicle>
    <Name>Tyrus</Name>
    <Class>Super</Class>
    <Disciplines>
      <Discipline>super</Discipline>
      <Discipline>tyrus</Discipline>
      <Discipline>racecar</Discipline>
    </Disciplines>
    <Model>2067820283</Model>
    <Livery>1</Livery>
    <Acceleration ModelName="Tyrus">0.589</Acceleration>
    <Colors>
      <Primary>134</Primary>
      <Secondary>134</Secondary>
      <Pearl>134</Pearl>
      <Wheel>38</Wheel>
      <Dash>111</Dash>
      <Trim>111</Trim>
    </Colors>
    <WheelType>7</WheelType>
    <Mods>
      <Mod ModIndex="11">3</Mod>
      <Mod ModIndex="12">2</Mod>
      <Mod ModIndex="13">2</Mod>
      <Mod ModIndex="15">2</Mod>
      <Mod ModIndex="16">4</Mod>
      <Mod ModIndex="48">1</Mod>
      <Mod ModIndex="50">3</Mod>
      <Mod ModIndex="51">2</Mod>
      <Mod ModIndex="52">2</Mod>
      <Mod ModIndex="54">2</Mod>
      <Mod ModIndex="55">4</Mod>
      <ToggleMod ModIndex="18">1</ToggleMod>
      <ToggleMod ModIndex="57">1</ToggleMod>
    </Mods>
    <Extras />
  </Vehicle>
</Data>