<Data>
  <Trackside Frozen="true" Flares="false" >
    <Model>prop_mp_cone_01</Model>
    <Frecuency>40</Frecuency>
  </Trackside>
<Name>Grapeseed Airfield</Name>
  <Route>
    <Point>
      <X>1953.44</X>
      <Y>4758.44</Y>
      <Z>40.74</Z>
      <Wide>4</Wide>
    </Point>
    <Point>
      <X>1954.16</X>
      <Y>4759.13</Y>
      <Z>40.74</Z>
      <Wide>4</Wide>
    </Point>
    <Point>
      <X>1955.59</X>
      <Y>4760.49</Y>
      <Z>40.78</Z>
      <Wide>4</Wide>
    </Point>
    <Point>
      <X>1956.34</X>
      <Y>4761.2</Y>
      <Z>40.8</Z>
      <Wide>4</Wide>
    </Point>
    <Point>
      <X>1957.04</X>
      <Y>4761.87</Y>
      <Z>40.81</Z>
      <Wide>4</Wide>
    </Point>
    <Point>
      <X>1957.76</X>
      <Y>4762.56</Y>
      <Z>40.82</Z>
      <Wide>4</Wide>
    </Point>
    <Point>
      <X>1958.5</X>
      <Y>4763.27</Y>
      <Z>40.83</Z>
      <Wide>4</Wide>
    </Point>
    <Point>
      <X>1959.2</X>
      <Y>4763.94</Y>
      <Z>40.83</Z>
      <Wide>4</Wide>
    </Point>
    <Point>
      <X>1959.93</X>
      <Y>4764.63</Y>
      <Z>40.82</Z>
      <Wide>4</Wide>
    </Point>
    <Point>
      <X>1960.67</X>
      <Y>4765.34</Y>
      <Z>40.82</Z>
      <Wide>4</Wide>
    </Point>
    <Point>
      <X>1961.37</X>
      <Y>4766.01</Y>
      <Z>40.81</Z>
      <Wide>4</Wide>
    </Point>
    <Point>
      <X>1962.12</X>
      <Y>4766.73</Y>
      <Z>40.79</Z>
      <Wide>4</Wide>
    </Point>
    <Point>
      <X>1962.81</X>
      <Y>4767.4</Y>
      <Z>40.77</Z>
      <Wide>4</Wide>
    </Point>
    <Point>
      <X>1963.56</X>
      <Y>4768.11</Y>
      <Z>40.76</Z>
      <Wide>4</Wide>
    </Point>
    <Point>
      <X>1964.26</X>
      <Y>4768.78</Y>
      <Z>40.77</Z>
      <Wide>4</Wide>
    </Point>
    <Point>
      <X>1965</X>
      <Y>4769.5</Y>
      <Z>40.77</Z>
      <Wide>4</Wide>
    </Point>
    <Point>
      <X>1965.7</X>
      <Y>4770.17</Y>
      <Z>40.77</Z>
      <Wide>4</Wide>
    </Point>
    <Point>
      <X>1966.44</X>
      <Y>4770.89</Y>
      <Z>40.76</Z>
      <Wide>4</Wide>
    </Point>
    <Point>
      <X>1967.14</X>
      <Y>4771.56</Y>
      <Z>40.75</Z>
      <Wide>4</Wide>
    </Point>
    <Point>
      <X>1967.86</X>
      <Y>4772.25</Y>
      <Z>40.77</Z>
      <Wide>4</Wide>
    </Point>
    <Point>
      <X>1968.6</X>
      <Y>4772.97</Y>
      <Z>40.78</Z>
      <Wide>4</Wide>
    </Point>
    <Point>
      <X>1969.3</X>
      <Y>4773.64</Y>
      <Z>40.8</Z>
      <Wide>4</Wide>
    </Point>
    <Point>
      <X>1970.04</X>
      <Y>4774.36</Y>
      <Z>40.82</Z>
      <Wide>4</Wide>
    </Point>
    <Point>
      <X>1970.74</X>
      <Y>4775.03</Y>
      <Z>40.83</Z>
      <Wide>4</Wide>
    </Point>
    <Point>
      <X>1971.48</X>
      <Y>4775.75</Y>
      <Z>40.84</Z>
      <Wide>4</Wide>
    </Point>
    <Point>
      <X>1972.17</X>
      <Y>4776.42</Y>
      <Z>40.84</Z>
      <Wide>4</Wide>
    </Point>
    <Point>
      <X>1972.89</X>
      <Y>4777.12</Y>
      <Z>40.84</Z>
      <Wide>4</Wide>
    </Point>
    <Point>
      <X>1973.63</X>
      <Y>4777.83</Y>
      <Z>40.83</Z>
      <Wide>4</Wide>
    </Point>
    <Point>
      <X>1974.33</X>
      <Y>4778.51</Y>
      <Z>40.83</Z>
      <Wide>4</Wide>
    </Point>
    <Point>
      <X>1975.07</X>
      <Y>4779.23</Y>
      <Z>40.83</Z>
      <Wide>4</Wide>
    </Point>
    <Point>
      <X>1975.76</X>
      <Y>4779.9</Y>
      <Z>40.82</Z>
      <Wide>4</Wide>
    </Point>
    <Point>
      <X>1976.5</X>
      <Y>4780.62</Y>
      <Z>40.82</Z>
      <Wide>4</Wide>
    </Point>
    <Point>
      <X>1977.9</X>
      <Y>4781.98</Y>
      <Z>40.81</Z>
      <Wide>4</Wide>
    </Point>
    <Point>
      <X>1978.62</X>
      <Y>4782.67</Y>
      <Z>40.81</Z>
      <Wide>4</Wide>
    </Point>
    <Point>
      <X>1979.34</X>
      <Y>4783.37</Y>
      <Z>40.81</Z>
      <Wide>4</Wide>
    </Point>
    <Point>
      <X>1980.09</X>
      <Y>4784.1</Y>
      <Z>40.8</Z>
      <Wide>4</Wide>
    </Point>
    <Point>
      <X>1980.77</X>
      <Y>4784.76</Y>
      <Z>40.8</Z>
      <Wide>4</Wide>
    </Point>
    <Point>
      <X>1981.53</X>
      <Y>4785.49</Y>
      <Z>40.8</Z>
      <Wide>4</Wide>
    </Point>
    <Point>
      <X>1982.21</X>
      <Y>4786.15</Y>
      <Z>40.79</Z>
      <Wide>4</Wide>
    </Point>
    <Point>
      <X>1982.97</X>
      <Y>4786.88</Y>
      <Z>40.79</Z>
      <Wide>4</Wide>
    </Point>
    <Point>
      <X>1983.65</X>
      <Y>4787.54</Y>
      <Z>40.78</Z>
      <Wide>4</Wide>
    </Point>
    <Point>
      <X>1984.41</X>
      <Y>4788.27</Y>
      <Z>40.77</Z>
      <Wide>4</Wide>
    </Point>
    <Point>
      <X>1985.09</X>
      <Y>4788.93</Y>
      <Z>40.76</Z>
      <Wide>4</Wide>
    </Point>
    <Point>
      <X>1985.85</X>
      <Y>4789.66</Y>
      <Z>40.76</Z>
      <Wide>4</Wide>
    </Point>
    <Point>
      <X>1986.57</X>
      <Y>4790.35</Y>
      <Z>40.76</Z>
      <Wide>4</Wide>
    </Point>
    <Point>
      <X>1987.25</X>
      <Y>4791.01</Y>
      <Z>40.76</Z>
      <Wide>4</Wide>
    </Point>
    <Point>
      <X>1987.97</X>
      <Y>4791.71</Y>
      <Z>40.76</Z>
      <Wide>4</Wide>
    </Point>
    <Point>
      <X>1988.73</X>
      <Y>4792.43</Y>
      <Z>40.76</Z>
      <Wide>4</Wide>
    </Point>
    <Point>
      <X>1989.41</X>
      <Y>4793.09</Y>
      <Z>40.76</Z>
      <Wide>4</Wide>
    </Point>
    <Point>
      <X>1990.17</X>
      <Y>4793.82</Y>
      <Z>40.76</Z>
      <Wide>4</Wide>
    </Point>
    <Point>
      <X>1990.86</X>
      <Y>4794.48</Y>
      <Z>40.76</Z>
      <Wide>4</Wide>
    </Point>
    <Point>
      <X>1991.61</X>
      <Y>4795.2</Y>
      <Z>40.75</Z>
      <Wide>4</Wide>
    </Point>
    <Point>
      <X>1992.34</X>
      <Y>4795.9</Y>
      <Z>40.75</Z>
      <Wide>4</Wide>
    </Point>
    <Point>
      <X>1993.02</X>
      <Y>4796.55</Y>
      <Z>40.75</Z>
      <Wide>4</Wide>
    </Point>
    <Point>
      <X>1993.78</X>
      <Y>4797.28</Y>
      <Z>40.75</Z>
      <Wide>4</Wide>
    </Point>
    <Point>
      <X>1994.5</X>
      <Y>4797.97</Y>
      <Z>40.74</Z>
      <Wide>4</Wide>
    </Point>
    <Point>
      <X>1995.19</X>
      <Y>4798.63</Y>
      <Z>40.74</Z>
      <Wide>4</Wide>
    </Point>
    <Point>
      <X>1995.95</X>
      <Y>4799.35</Y>
      <Z>40.74</Z>
      <Wide>4</Wide>
    </Point>
    <Point>
      <X>1996.64</X>
      <Y>4800.01</Y>
      <Z>40.74</Z>
      <Wide>4</Wide>
    </Point>
    <Point>
      <X>1997.4</X>
      <Y>4800.73</Y>
      <Z>40.73</Z>
      <Wide>4</Wide>
    </Point>
    <Point>
      <X>1998.08</X>
      <Y>4801.39</Y>
      <Z>40.73</Z>
      <Wide>4</Wide>
    </Point>
    <Point>
      <X>1998.84</X>
      <Y>4802.11</Y>
      <Z>40.73</Z>
      <Wide>4</Wide>
    </Point>
    <Point>
      <X>1999.53</X>
      <Y>4802.77</Y>
      <Z>40.73</Z>
      <Wide>4</Wide>
    </Point>
    <Point>
      <X>2000.29</X>
      <Y>4803.49</Y>
      <Z>40.72</Z>
      <Wide>4</Wide>
    </Point>
    <Point>
      <X>2000.98</X>
      <Y>4804.15</Y>
      <Z>40.72</Z>
      <Wide>4</Wide>
    </Point>
    <Point>
      <X>2001.7</X>
      <Y>4804.84</Y>
      <Z>40.72</Z>
      <Wide>4</Wide>
    </Point>
    <Point>
      <X>2002.47</X>
      <Y>4805.56</Y>
      <Z>40.72</Z>
      <Wide>4</Wide>
    </Point>
    <Point>
      <X>2003.15</X>
      <Y>4806.21</Y>
      <Z>40.72</Z>
      <Wide>4</Wide>
    </Point>
    <Point>
      <X>2003.92</X>
      <Y>4806.94</Y>
      <Z>40.72</Z>
      <Wide>4</Wide>
    </Point>
    <Point>
      <X>2004.61</X>
      <Y>4807.59</Y>
      <Z>40.73</Z>
      <Wide>4</Wide>
    </Point>
    <Point>
      <X>2005.33</X>
      <Y>4808.28</Y>
      <Z>40.71</Z>
      <Wide>4</Wide>
    </Point>
    <Point>
      <X>2006.06</X>
      <Y>4808.96</Y>
      <Z>40.67</Z>
      <Wide>4</Wide>
    </Point>
    <Point>
      <X>2006.82</X>
      <Y>4809.69</Y>
      <Z>40.63</Z>
      <Wide>4</Wide>
    </Point>
    <Point>
      <X>2007.55</X>
      <Y>4810.37</Y>
      <Z>40.59</Z>
      <Wide>4</Wide>
    </Point>
    <Point>
      <X>2008.24</X>
      <Y>4811.02</Y>
      <Z>40.57</Z>
      <Wide>4</Wide>
    </Point>
    <Point>
      <X>2008.96</X>
      <Y>4811.71</Y>
      <Z>40.55</Z>
      <Wide>4</Wide>
    </Point>
    <Point>
      <X>2009.69</X>
      <Y>4812.4</Y>
      <Z>40.53</Z>
      <Wide>4</Wide>
    </Point>
    <Point>
      <X>2010.42</X>
      <Y>4813.08</Y>
      <Z>40.51</Z>
      <Wide>4</Wide>
    </Point>
    <Point>
      <X>2011.18</X>
      <Y>4813.8</Y>
      <Z>40.51</Z>
      <Wide>4</Wide>
    </Point>
    <Point>
      <X>2011.87</X>
      <Y>4814.46</Y>
      <Z>40.51</Z>
      <Wide>4</Wide>
    </Point>
    <Point>
      <X>2012.64</X>
      <Y>4815.18</Y>
      <Z>40.49</Z>
      <Wide>4</Wide>
    </Point>
    <Point>
      <X>2014.07</X>
      <Y>4816.56</Y>
      <Z>40.48</Z>
      <Wide>4</Wide>
    </Point>
    <Point>
      <X>2014.78</X>
      <Y>4817.27</Y>
      <Z>40.48</Z>
      <Wide>4</Wide>
    </Point>
    <Point>
      <X>2015.47</X>
      <Y>4818</Y>
      <Z>40.48</Z>
      <Wide>4</Wide>
    </Point>
    <Point>
      <X>2016.16</X>
      <Y>4818.73</Y>
      <Z>40.48</Z>
      <Wide>4</Wide>
    </Point>
    <Point>
      <X>2016.83</X>
      <Y>4819.48</Y>
      <Z>40.47</Z>
      <Wide>4</Wide>
    </Point>
    <Point>
      <X>2017.48</X>
      <Y>4820.22</Y>
      <Z>40.47</Z>
      <Wide>4</Wide>
    </Point>
    <Point>
      <X>2018.13</X>
      <Y>4820.98</Y>
      <Z>40.48</Z>
      <Wide>4</Wide>
    </Point>
    <Point>
      <X>2018.77</X>
      <Y>4821.75</Y>
      <Z>40.47</Z>
      <Wide>4</Wide>
    </Point>
    <Point>
      <X>2019.4</X>
      <Y>4822.53</Y>
      <Z>40.46</Z>
      <Wide>6</Wide>
    </Point>
    <Point>
      <X>2020.68</X>
      <Y>4824.3</Y>
      <Z>40.49</Z>
      <Wide>6</Wide>
    </Point>
    <Point>
      <X>2021.28</X>
      <Y>4825.29</Y>
      <Z>40.48</Z>
      <Wide>6</Wide>
    </Point>
    <Point>
      <X>2021.79</X>
      <Y>4826.28</Y>
      <Z>40.48</Z>
      <Wide>6</Wide>
    </Point>
    <Point>
      <X>2022.21</X>
      <Y>4827.27</Y>
      <Z>40.47</Z>
      <Wide>6</Wide>
    </Point>
    <Point>
      <X>2022.56</X>
      <Y>4828.28</Y>
      <Z>40.47</Z>
      <Wide>6</Wide>
    </Point>
    <Point>
      <X>2022.83</X>
      <Y>4829.28</Y>
      <Z>40.47</Z>
      <Wide>6</Wide>
    </Point>
    <Point>
      <X>2023.01</X>
      <Y>4830.27</Y>
      <Z>40.47</Z>
      <Wide>6</Wide>
    </Point>
    <Point>
      <X>2023.12</X>
      <Y>4831.26</Y>
      <Z>40.47</Z>
      <Wide>6</Wide>
    </Point>
    <Point>
      <X>2023.14</X>
      <Y>4832.26</Y>
      <Z>40.48</Z>
      <Wide>6</Wide>
    </Point>
    <Point>
      <X>2023.09</X>
      <Y>4833.27</Y>
      <Z>40.49</Z>
      <Wide>6</Wide>
    </Point>
    <Point>
      <X>2022.97</X>
      <Y>4834.27</Y>
      <Z>40.49</Z>
      <Wide>6</Wide>
    </Point>
    <Point>
      <X>2022.77</X>
      <Y>4835.26</Y>
      <Z>40.49</Z>
      <Wide>6</Wide>
    </Point>
    <Point>
      <X>2022.49</X>
      <Y>4836.27</Y>
      <Z>40.49</Z>
      <Wide>6</Wide>
    </Point>
    <Point>
      <X>2022.15</X>
      <Y>4837.28</Y>
      <Z>40.48</Z>
      <Wide>6</Wide>
    </Point>
    <Point>
      <X>2021.73</X>
      <Y>4838.28</Y>
      <Z>40.49</Z>
      <Wide>6</Wide>
    </Point>
    <Point>
      <X>2021.23</X>
      <Y>4839.3</Y>
      <Z>40.49</Z>
      <Wide>5</Wide>
    </Point>
    <Point>
      <X>2020.31</X>
      <Y>4841.08</Y>
      <Z>40.47</Z>
      <Wide>5</Wide>
    </Point>
    <Point>
      <X>2019.81</X>
      <Y>4841.96</Y>
      <Z>40.49</Z>
      <Wide>5</Wide>
    </Point>
    <Point>
      <X>2019.3</X>
      <Y>4842.82</Y>
      <Z>40.51</Z>
      <Wide>5</Wide>
    </Point>
    <Point>
      <X>2018.76</X>
      <Y>4843.67</Y>
      <Z>40.54</Z>
      <Wide>5</Wide>
    </Point>
    <Point>
      <X>2018.21</X>
      <Y>4844.5</Y>
      <Z>40.58</Z>
      <Wide>5</Wide>
    </Point>
    <Point>
      <X>2017.63</X>
      <Y>4845.31</Y>
      <Z>40.63</Z>
      <Wide>5</Wide>
    </Point>
    <Point>
      <X>2017.03</X>
      <Y>4846.11</Y>
      <Z>40.69</Z>
      <Wide>5</Wide>
    </Point>
    <Point>
      <X>2016.41</X>
      <Y>4846.9</Y>
      <Z>40.74</Z>
      <Wide>5</Wide>
    </Point>
    <Point>
      <X>2015.77</X>
      <Y>4847.67</Y>
      <Z>40.8</Z>
      <Wide>5</Wide>
    </Point>
    <Point>
      <X>2015.11</X>
      <Y>4848.42</Y>
      <Z>40.85</Z>
      <Wide>5</Wide>
    </Point>
    <Point>
      <X>2014.43</X>
      <Y>4849.16</Y>
      <Z>40.91</Z>
      <Wide>5</Wide>
    </Point>
    <Point>
      <X>2013.73</X>
      <Y>4849.89</Y>
      <Z>40.96</Z>
      <Wide>4</Wide>
    </Point>
    <Point>
      <X>2012.34</X>
      <Y>4851.32</Y>
      <Z>41.06</Z>
      <Wide>4</Wide>
    </Point>
    <Point>
      <X>2011.65</X>
      <Y>4852.03</Y>
      <Z>41.1</Z>
      <Wide>4</Wide>
    </Point>
    <Point>
      <X>2010.96</X>
      <Y>4852.74</Y>
      <Z>41.15</Z>
      <Wide>4</Wide>
    </Point>
    <Point>
      <X>2010.25</X>
      <Y>4853.47</Y>
      <Z>41.21</Z>
      <Wide>4</Wide>
    </Point>
    <Point>
      <X>2009.56</X>
      <Y>4854.17</Y>
      <Z>41.28</Z>
      <Wide>4</Wide>
    </Point>
    <Point>
      <X>2008.86</X>
      <Y>4854.88</Y>
      <Z>41.36</Z>
      <Wide>4</Wide>
    </Point>
    <Point>
      <X>2008.15</X>
      <Y>4855.6</Y>
      <Z>41.45</Z>
      <Wide>4</Wide>
    </Point>
    <Point>
      <X>2007.44</X>
      <Y>4856.31</Y>
      <Z>41.55</Z>
      <Wide>4</Wide>
    </Point>
    <Point>
      <X>2006.74</X>
      <Y>4857.01</Y>
      <Z>41.65</Z>
      <Wide>4</Wide>
    </Point>
    <Point>
      <X>2006.04</X>
      <Y>4857.72</Y>
      <Z>41.73</Z>
      <Wide>4</Wide>
    </Point>
    <Point>
      <X>2005.34</X>
      <Y>4858.42</Y>
      <Z>41.79</Z>
      <Wide>4</Wide>
    </Point>
    <Point>
      <X>2004.62</X>
      <Y>4859.13</Y>
      <Z>41.85</Z>
      <Wide>4</Wide>
    </Point>
    <Point>
      <X>2003.93</X>
      <Y>4859.82</Y>
      <Z>41.91</Z>
      <Wide>4</Wide>
    </Point>
    <Point>
      <X>2002.53</X>
      <Y>4861.21</Y>
      <Z>42.03</Z>
      <Wide>4</Wide>
    </Point>
    <Point>
      <X>2001.82</X>
      <Y>4861.91</Y>
      <Z>42.1</Z>
      <Wide>4</Wide>
    </Point>
    <Point>
      <X>2001.11</X>
      <Y>4862.61</Y>
      <Z>42.16</Z>
      <Wide>4</Wide>
    </Point>
    <Point>
      <X>2000.4</X>
      <Y>4863.31</Y>
      <Z>42.22</Z>
      <Wide>4</Wide>
    </Point>
    <Point>
      <X>1999.69</X>
      <Y>4864.02</Y>
      <Z>42.27</Z>
      <Wide>4</Wide>
    </Point>
    <Point>
      <X>1998.98</X>
      <Y>4864.72</Y>
      <Z>42.32</Z>
      <Wide>4</Wide>
    </Point>
    <Point>
      <X>1998.24</X>
      <Y>4865.44</Y>
      <Z>42.37</Z>
      <Wide>4</Wide>
    </Point>
    <Point>
      <X>1997.53</X>
      <Y>4866.14</Y>
      <Z>42.42</Z>
      <Wide>4</Wide>
    </Point>
    <Point>
      <X>1996.84</X>
      <Y>4866.82</Y>
      <Z>42.47</Z>
      <Wide>4</Wide>
    </Point>
    <Point>
      <X>1996.1</X>
      <Y>4867.54</Y>
      <Z>42.52</Z>
      <Wide>4</Wide>
    </Point>
    <Point>
      <X>1995.41</X>
      <Y>4868.21</Y>
      <Z>42.56</Z>
      <Wide>4</Wide>
    </Point>
    <Point>
      <X>1994.69</X>
      <Y>4868.91</Y>
      <Z>42.6</Z>
      <Wide>4</Wide>
    </Point>
    <Point>
      <X>1993.98</X>
      <Y>4869.61</Y>
      <Z>42.64</Z>
      <Wide>4</Wide>
    </Point>
    <Point>
      <X>1993.24</X>
      <Y>4870.33</Y>
      <Z>42.68</Z>
      <Wide>4</Wide>
    </Point>
    <Point>
      <X>1992.54</X>
      <Y>4871</Y>
      <Z>42.72</Z>
      <Wide>4</Wide>
    </Point>
    <Point>
      <X>1991.83</X>
      <Y>4871.7</Y>
      <Z>42.75</Z>
      <Wide>4</Wide>
    </Point>
    <Point>
      <X>1991.09</X>
      <Y>4872.42</Y>
      <Z>42.78</Z>
      <Wide>4</Wide>
    </Point>
    <Point>
      <X>1990.37</X>
      <Y>4873.11</Y>
      <Z>42.8</Z>
      <Wide>4</Wide>
    </Point>
    <Point>
      <X>1989.67</X>
      <Y>4873.79</Y>
      <Z>42.73</Z>
      <Wide>4</Wide>
    </Point>
    <Point>
      <X>1988.93</X>
      <Y>4874.5</Y>
      <Z>42.84</Z>
      <Wide>4</Wide>
    </Point>
    <Point>
      <X>1988.21</X>
      <Y>4875.19</Y>
      <Z>42.85</Z>
      <Wide>4</Wide>
    </Point>
    <Point>
      <X>1987.51</X>
      <Y>4875.87</Y>
      <Z>42.86</Z>
      <Wide>4</Wide>
    </Point>
    <Point>
      <X>1986.79</X>
      <Y>4876.56</Y>
      <Z>42.88</Z>
      <Wide>4</Wide>
    </Point>
    <Point>
      <X>1986.07</X>
      <Y>4877.25</Y>
      <Z>42.89</Z>
      <Wide>4</Wide>
    </Point>
    <Point>
      <X>1985.35</X>
      <Y>4877.95</Y>
      <Z>42.89</Z>
      <Wide>4</Wide>
    </Point>
    <Point>
      <X>1984.63</X>
      <Y>4878.64</Y>
      <Z>42.88</Z>
      <Wide>4</Wide>
    </Point>
    <Point>
      <X>1983.9</X>
      <Y>4879.33</Y>
      <Z>42.86</Z>
      <Wide>4</Wide>
    </Point>
    <Point>
      <X>1983.18</X>
      <Y>4880.02</Y>
      <Z>42.85</Z>
      <Wide>4</Wide>
    </Point>
    <Point>
      <X>1981.75</X>
      <Y>4881.4</Y>
      <Z>42.87</Z>
      <Wide>4</Wide>
    </Point>
    <Point>
      <X>1981.03</X>
      <Y>4882.1</Y>
      <Z>42.87</Z>
      <Wide>4</Wide>
    </Point>
    <Point>
      <X>1980.32</X>
      <Y>4882.81</Y>
      <Z>42.88</Z>
      <Wide>4</Wide>
    </Point>
    <Point>
      <X>1979.61</X>
      <Y>4883.52</Y>
      <Z>42.89</Z>
      <Wide>4</Wide>
    </Point>
    <Point>
      <X>1978.91</X>
      <Y>4884.23</Y>
      <Z>42.9</Z>
      <Wide>4</Wide>
    </Point>
    <Point>
      <X>1978.21</X>
      <Y>4884.94</Y>
      <Z>42.91</Z>
      <Wide>4</Wide>
    </Point>
    <Point>
      <X>1977.51</X>
      <Y>4885.67</Y>
      <Z>42.91</Z>
      <Wide>4</Wide>
    </Point>
    <Point>
      <X>1976.83</X>
      <Y>4886.38</Y>
      <Z>42.92</Z>
      <Wide>4</Wide>
    </Point>
    <Point>
      <X>1976.14</X>
      <Y>4887.11</Y>
      <Z>42.92</Z>
      <Wide>4</Wide>
    </Point>
    <Point>
      <X>1975.46</X>
      <Y>4887.84</Y>
      <Z>42.93</Z>
      <Wide>4</Wide>
    </Point>
    <Point>
      <X>1974.1</X>
      <Y>4889.28</Y>
      <Z>42.94</Z>
      <Wide>4</Wide>
    </Point>
    <Point>
      <X>1973.42</X>
      <Y>4890.01</Y>
      <Z>42.94</Z>
      <Wide>4</Wide>
    </Point>
    <Point>
      <X>1972.72</X>
      <Y>4890.75</Y>
      <Z>42.95</Z>
      <Wide>4</Wide>
    </Point>
    <Point>
      <X>1972.05</X>
      <Y>4891.46</Y>
      <Z>42.95</Z>
      <Wide>4</Wide>
    </Point>
    <Point>
      <X>1971.34</X>
      <Y>4892.2</Y>
      <Z>42.96</Z>
      <Wide>4</Wide>
    </Point>
    <Point>
      <X>1970.66</X>
      <Y>4892.93</Y>
      <Z>42.96</Z>
      <Wide>4</Wide>
    </Point>
    <Point>
      <X>1969.98</X>
      <Y>4893.64</Y>
      <Z>42.96</Z>
      <Wide>4</Wide>
    </Point>
    <Point>
      <X>1969.28</X>
      <Y>4894.38</Y>
      <Z>42.97</Z>
      <Wide>4</Wide>
    </Point>
    <Point>
      <X>1968.61</X>
      <Y>4895.09</Y>
      <Z>42.97</Z>
      <Wide>4</Wide>
    </Point>
    <Point>
      <X>1967.92</X>
      <Y>4895.81</Y>
      <Z>42.98</Z>
      <Wide>4</Wide>
    </Point>
    <Point>
      <X>1967.23</X>
      <Y>4896.54</Y>
      <Z>42.98</Z>
      <Wide>4</Wide>
    </Point>
    <Point>
      <X>1966.52</X>
      <Y>4897.28</Y>
      <Z>42.99</Z>
      <Wide>4</Wide>
    </Point>
    <Point>
      <X>1965.84</X>
      <Y>4897.98</Y>
      <Z>42.99</Z>
      <Wide>4</Wide>
    </Point>
    <Point>
      <X>1965.15</X>
      <Y>4898.7</Y>
      <Z>42.99</Z>
      <Wide>4</Wide>
    </Point>
    <Point>
      <X>1964.44</X>
      <Y>4899.44</Y>
      <Z>42.99</Z>
      <Wide>4</Wide>
    </Point>
    <Point>
      <X>1963.75</X>
      <Y>4900.16</Y>
      <Z>43</Z>
      <Wide>4</Wide>
    </Point>
    <Point>
      <X>1963.07</X>
      <Y>4900.87</Y>
      <Z>43</Z>
      <Wide>4</Wide>
    </Point>
    <Point>
      <X>1962.36</X>
      <Y>4901.6</Y>
      <Z>43</Z>
      <Wide>4</Wide>
    </Point>
    <Point>
      <X>1961.68</X>
      <Y>4902.31</Y>
      <Z>42.99</Z>
      <Wide>4</Wide>
    </Point>
    <Point>
      <X>1960.97</X>
      <Y>4903.04</Y>
      <Z>42.99</Z>
      <Wide>4</Wide>
    </Point>
    <Point>
      <X>1960.29</X>
      <Y>4903.74</Y>
      <Z>42.99</Z>
      <Wide>4</Wide>
    </Point>
    <Point>
      <X>1958.92</X>
      <Y>4905.16</Y>
      <Z>43</Z>
      <Wide>4</Wide>
    </Point>
    <Point>
      <X>1958.22</X>
      <Y>4905.88</Y>
      <Z>43.01</Z>
      <Wide>4</Wide>
    </Point>
    <Point>
      <X>1957.52</X>
      <Y>4906.59</Y>
      <Z>43.01</Z>
      <Wide>4</Wide>
    </Point>
    <Point>
      <X>1956.82</X>
      <Y>4907.31</Y>
      <Z>43.02</Z>
      <Wide>4</Wide>
    </Point>
    <Point>
      <X>1956.11</X>
      <Y>4908.02</Y>
      <Z>43.03</Z>
      <Wide>4</Wide>
    </Point>
    <Point>
      <X>1955.41</X>
      <Y>4908.73</Y>
      <Z>43.04</Z>
      <Wide>4</Wide>
    </Point>
    <Point>
      <X>1954.71</X>
      <Y>4909.44</Y>
      <Z>43.05</Z>
      <Wide>4</Wide>
    </Point>
    <Point>
      <X>1954</X>
      <Y>4910.15</Y>
      <Z>43.06</Z>
      <Wide>4</Wide>
    </Point>
    <Point>
      <X>1953.3</X>
      <Y>4910.86</Y>
      <Z>43.07</Z>
      <Wide>4</Wide>
    </Point>
    <Point>
      <X>1952.59</X>
      <Y>4911.57</Y>
      <Z>43.09</Z>
      <Wide>4</Wide>
    </Point>
    <Point>
      <X>1951.89</X>
      <Y>4912.28</Y>
      <Z>43.1</Z>
      <Wide>4</Wide>
    </Point>
    <Point>
      <X>1951.16</X>
      <Y>4913</Y>
      <Z>43.11</Z>
      <Wide>4</Wide>
    </Point>
    <Point>
      <X>1950.47</X>
      <Y>4913.69</Y>
      <Z>43.16</Z>
      <Wide>4</Wide>
    </Point>
    <Point>
      <X>1949.77</X>
      <Y>4914.39</Y>
      <Z>43.23</Z>
      <Wide>4</Wide>
    </Point>
    <Point>
      <X>1949.04</X>
      <Y>4915.11</Y>
      <Z>43.33</Z>
      <Wide>4</Wide>
    </Point>
    <Point>
      <X>1948.35</X>
      <Y>4915.79</Y>
      <Z>43.45</Z>
      <Wide>4</Wide>
    </Point>
    <Point>
      <X>1947.61</X>
      <Y>4916.51</Y>
      <Z>43.58</Z>
      <Wide>4</Wide>
    </Point>
    <Point>
      <X>1946.93</X>
      <Y>4917.19</Y>
      <Z>43.7</Z>
      <Wide>4</Wide>
    </Point>
    <Point>
      <X>1946.21</X>
      <Y>4917.89</Y>
      <Z>43.83</Z>
      <Wide>4</Wide>
    </Point>
    <Point>
      <X>1945.5</X>
      <Y>4918.58</Y>
      <Z>43.96</Z>
      <Wide>4</Wide>
    </Point>
    <Point>
      <X>1944.79</X>
      <Y>4919.28</Y>
      <Z>44.08</Z>
      <Wide>4</Wide>
    </Point>
    <Point>
      <X>1944.07</X>
      <Y>4919.97</Y>
      <Z>44.2</Z>
      <Wide>4</Wide>
    </Point>
    <Point>
      <X>1943.36</X>
      <Y>4920.66</Y>
      <Z>44.32</Z>
      <Wide>4</Wide>
    </Point>
    <Point>
      <X>1942.65</X>
      <Y>4921.35</Y>
      <Z>44.45</Z>
      <Wide>4</Wide>
    </Point>
    <Point>
      <X>1941.93</X>
      <Y>4922.04</Y>
      <Z>44.59</Z>
      <Wide>4</Wide>
    </Point>
    <Point>
      <X>1941.21</X>
      <Y>4922.73</Y>
      <Z>44.73</Z>
      <Wide>4</Wide>
    </Point>
    <Point>
      <X>1940.49</X>
      <Y>4923.42</Y>
      <Z>44.87</Z>
      <Wide>4</Wide>
    </Point>
    <Point>
      <X>1939.78</X>
      <Y>4924.11</Y>
      <Z>45.01</Z>
      <Wide>4</Wide>
    </Point>
    <Point>
      <X>1939.06</X>
      <Y>4924.79</Y>
      <Z>45.14</Z>
      <Wide>4</Wide>
    </Point>
    <Point>
      <X>1938.34</X>
      <Y>4925.48</Y>
      <Z>45.27</Z>
      <Wide>4</Wide>
    </Point>
    <Point>
      <X>1936.89</X>
      <Y>4926.82</Y>
      <Z>45.47</Z>
      <Wide>4</Wide>
    </Point>
    <Point>
      <X>1936.16</X>
      <Y>4927.49</Y>
      <Z>45.55</Z>
      <Wide>4</Wide>
    </Point>
    <Point>
      <X>1935.41</X>
      <Y>4928.16</Y>
      <Z>45.58</Z>
      <Wide>4</Wide>
    </Point>
    <Point>
      <X>1934.66</X>
      <Y>4928.81</Y>
      <Z>45.61</Z>
      <Wide>4</Wide>
    </Point>
    <Point>
      <X>1933.9</X>
      <Y>4929.46</Y>
      <Z>45.64</Z>
      <Wide>4</Wide>
    </Point>
    <Point>
      <X>1933.14</X>
      <Y>4930.1</Y>
      <Z>45.68</Z>
      <Wide>4</Wide>
    </Point>
    <Point>
      <X>1932.37</X>
      <Y>4930.74</Y>
      <Z>45.72</Z>
      <Wide>4</Wide>
    </Point>
    <Point>
      <X>1931.6</X>
      <Y>4931.37</Y>
      <Z>45.77</Z>
      <Wide>4</Wide>
    </Point>
    <Point>
      <X>1930.8</X>
      <Y>4932</Y>
      <Z>45.82</Z>
      <Wide>4</Wide>
    </Point>
    <Point>
      <X>1930.02</X>
      <Y>4932.62</Y>
      <Z>45.86</Z>
      <Wide>4</Wide>
    </Point>
    <Point>
      <X>1929.24</X>
      <Y>4933.21</Y>
      <Z>45.92</Z>
      <Wide>4</Wide>
    </Point>
    <Point>
      <X>1928.44</X>
      <Y>4933.81</Y>
      <Z>45.97</Z>
      <Wide>4</Wide>
    </Point>
    <Point>
      <X>1927.64</X>
      <Y>4934.4</Y>
      <Z>46.04</Z>
      <Wide>4</Wide>
    </Point>
    <Point>
      <X>1926.83</X>
      <Y>4934.99</Y>
      <Z>46.11</Z>
      <Wide>4</Wide>
    </Point>
    <Point>
      <X>1926.01</X>
      <Y>4935.57</Y>
      <Z>46.19</Z>
      <Wide>4</Wide>
    </Point>
    <Point>
      <X>1925.19</X>
      <Y>4936.14</Y>
      <Z>46.26</Z>
      <Wide>4</Wide>
    </Point>
    <Point>
      <X>1924.36</X>
      <Y>4936.71</Y>
      <Z>46.37</Z>
      <Wide>4</Wide>
    </Point>
    <Point>
      <X>1923.52</X>
      <Y>4937.27</Y>
      <Z>46.47</Z>
      <Wide>4</Wide>
    </Point>
    <Point>
      <X>1921.87</X>
      <Y>4938.36</Y>
      <Z>46.64</Z>
      <Wide>4</Wide>
    </Point>
    <Point>
      <X>1921.05</X>
      <Y>4938.91</Y>
      <Z>46.73</Z>
      <Wide>4</Wide>
    </Point>
    <Point>
      <X>1920.22</X>
      <Y>4939.46</Y>
      <Z>46.84</Z>
      <Wide>4</Wide>
    </Point>
    <Point>
      <X>1919.39</X>
      <Y>4940</Y>
      <Z>46.95</Z>
      <Wide>4</Wide>
    </Point>
    <Point>
      <X>1918.55</X>
      <Y>4940.54</Y>
      <Z>47.07</Z>
      <Wide>4</Wide>
    </Point>
    <Point>
      <X>1917.71</X>
      <Y>4941.09</Y>
      <Z>47.23</Z>
      <Wide>4</Wide>
    </Point>
    <Point>
      <X>1916.89</X>
      <Y>4941.62</Y>
      <Z>47.38</Z>
      <Wide>4</Wide>
    </Point>
    <Point>
      <X>1916.06</X>
      <Y>4942.15</Y>
      <Z>47.53</Z>
      <Wide>4</Wide>
    </Point>
    <Point>
      <X>1914.38</X>
      <Y>4943.19</Y>
      <Z>47.84</Z>
      <Wide>4</Wide>
    </Point>
    <Point>
      <X>1913.52</X>
      <Y>4943.7</Y>
      <Z>47.99</Z>
      <Wide>4</Wide>
    </Point>
    <Point>
      <X>1912.66</X>
      <Y>4944.18</Y>
      <Z>48.15</Z>
      <Wide>4</Wide>
    </Point>
    <Point>
      <X>1911.79</X>
      <Y>4944.65</Y>
      <Z>48.32</Z>
      <Wide>4</Wide>
    </Point>
    <Point>
      <X>1910.91</X>
      <Y>4945.11</Y>
      <Z>48.47</Z>
      <Wide>4</Wide>
    </Point>
    <Point>
      <X>1910.03</X>
      <Y>4945.55</Y>
      <Z>48.62</Z>
      <Wide>4</Wide>
    </Point>
    <Point>
      <X>1909.12</X>
      <Y>4945.99</Y>
      <Z>48.77</Z>
      <Wide>4</Wide>
    </Point>
    <Point>
      <X>1908.24</X>
      <Y>4946.4</Y>
      <Z>48.92</Z>
      <Wide>4</Wide>
    </Point>
    <Point>
      <X>1907.33</X>
      <Y>4946.79</Y>
      <Z>49.06</Z>
      <Wide>4</Wide>
    </Point>
    <Point>
      <X>1906.42</X>
      <Y>4947.18</Y>
      <Z>49.19</Z>
      <Wide>4</Wide>
    </Point>
    <Point>
      <X>1905.49</X>
      <Y>4947.55</Y>
      <Z>49.32</Z>
      <Wide>4</Wide>
    </Point>
    <Point>
      <X>1904.57</X>
      <Y>4947.9</Y>
      <Z>49.45</Z>
      <Wide>4</Wide>
    </Point>
    <Point>
      <X>1903.63</X>
      <Y>4948.24</Y>
      <Z>49.57</Z>
      <Wide>4</Wide>
    </Point>
    <Point>
      <X>1901.78</X>
      <Y>4948.95</Y>
      <Z>49.82</Z>
      <Wide>4</Wide>
    </Point>
    <Point>
      <X>1900.86</X>
      <Y>4949.33</Y>
      <Z>49.92</Z>
      <Wide>4</Wide>
    </Point>
    <Point>
      <X>1899.94</X>
      <Y>4949.73</Y>
      <Z>50.01</Z>
      <Wide>4</Wide>
    </Point>
    <Point>
      <X>1899.04</X>
      <Y>4950.14</Y>
      <Z>50.09</Z>
      <Wide>4</Wide>
    </Point>
    <Point>
      <X>1898.14</X>
      <Y>4950.57</Y>
      <Z>50.18</Z>
      <Wide>4</Wide>
    </Point>
    <Point>
      <X>1897.25</X>
      <Y>4951.02</Y>
      <Z>50.27</Z>
      <Wide>4</Wide>
    </Point>
    <Point>
      <X>1896.37</X>
      <Y>4951.48</Y>
      <Z>50.36</Z>
      <Wide>4</Wide>
    </Point>
    <Point>
      <X>1895.49</X>
      <Y>4951.96</Y>
      <Z>50.46</Z>
      <Wide>4</Wide>
    </Point>
    <Point>
      <X>1894.63</X>
      <Y>4952.45</Y>
      <Z>50.56</Z>
      <Wide>4</Wide>
    </Point>
    <Point>
      <X>1893.77</X>
      <Y>4952.96</Y>
      <Z>50.66</Z>
      <Wide>4</Wide>
    </Point>
    <Point>
      <X>1892.92</X>
      <Y>4953.49</Y>
      <Z>50.76</Z>
      <Wide>4</Wide>
    </Point>
    <Point>
      <X>1892.07</X>
      <Y>4954.03</Y>
      <Z>50.83</Z>
      <Wide>4</Wide>
    </Point>
    <Point>
      <X>1891.24</X>
      <Y>4954.59</Y>
      <Z>50.9</Z>
      <Wide>4</Wide>
    </Point>
    <Point>
      <X>1889.59</X>
      <Y>4955.7</Y>
      <Z>51.04</Z>
      <Wide>4</Wide>
    </Point>
    <Point>
      <X>1888.77</X>
      <Y>4956.26</Y>
      <Z>51.09</Z>
      <Wide>4</Wide>
    </Point>
    <Point>
      <X>1887.95</X>
      <Y>4956.83</Y>
      <Z>51.14</Z>
      <Wide>4</Wide>
    </Point>
    <Point>
      <X>1887.12</X>
      <Y>4957.41</Y>
      <Z>51.19</Z>
      <Wide>4</Wide>
    </Point>
    <Point>
      <X>1886.32</X>
      <Y>4957.98</Y>
      <Z>51.24</Z>
      <Wide>4</Wide>
    </Point>
    <Point>
      <X>1885.5</X>
      <Y>4958.57</Y>
      <Z>51.28</Z>
      <Wide>4</Wide>
    </Point>
    <Point>
      <X>1884.7</X>
      <Y>4959.15</Y>
      <Z>51.33</Z>
      <Wide>4</Wide>
    </Point>
    <Point>
      <X>1883.89</X>
      <Y>4959.74</Y>
      <Z>51.39</Z>
      <Wide>4</Wide>
    </Point>
    <Point>
      <X>1883.09</X>
      <Y>4960.34</Y>
      <Z>51.43</Z>
      <Wide>4</Wide>
    </Point>
    <Point>
      <X>1882.29</X>
      <Y>4960.94</Y>
      <Z>51.47</Z>
      <Wide>4</Wide>
    </Point>
    <Point>
      <X>1880.71</X>
      <Y>4962.17</Y>
      <Z>51.51</Z>
      <Wide>4</Wide>
    </Point>
    <Point>
      <X>1879.94</X>
      <Y>4962.81</Y>
      <Z>51.55</Z>
      <Wide>4</Wide>
    </Point>
    <Point>
      <X>1879.19</X>
      <Y>4963.47</Y>
      <Z>51.59</Z>
      <Wide>4</Wide>
    </Point>
    <Point>
      <X>1878.45</X>
      <Y>4964.15</Y>
      <Z>51.61</Z>
      <Wide>4</Wide>
    </Point>
    <Point>
      <X>1877.73</X>
      <Y>4964.84</Y>
      <Z>51.63</Z>
      <Wide>4</Wide>
    </Point>
    <Point>
      <X>1877.02</X>
      <Y>4965.54</Y>
      <Z>51.65</Z>
      <Wide>4</Wide>
    </Point>
    <Point>
      <X>1876.33</X>
      <Y>4966.27</Y>
      <Z>51.67</Z>
      <Wide>4</Wide>
    </Point>
    <Point>
      <X>1875.66</X>
      <Y>4967</Y>
      <Z>51.67</Z>
      <Wide>4</Wide>
    </Point>
    <Point>
      <X>1874.99</X>
      <Y>4967.76</Y>
      <Z>51.67</Z>
      <Wide>4</Wide>
    </Point>
    <Point>
      <X>1874.35</X>
      <Y>4968.53</Y>
      <Z>51.74</Z>
      <Wide>4</Wide>
    </Point>
    <Point>
      <X>1873.72</X>
      <Y>4969.31</Y>
      <Z>51.81</Z>
      <Wide>4</Wide>
    </Point>
    <Point>
      <X>1872.5</X>
      <Y>4970.88</Y>
      <Z>51.96</Z>
      <Wide>4</Wide>
    </Point>
    <Point>
      <X>1871.91</X>
      <Y>4971.68</Y>
      <Z>52.04</Z>
      <Wide>4</Wide>
    </Point>
    <Point>
      <X>1871.32</X>
      <Y>4972.5</Y>
      <Z>52.12</Z>
      <Wide>4</Wide>
    </Point>
    <Point>
      <X>1870.76</X>
      <Y>4973.32</Y>
      <Z>52.2</Z>
      <Wide>4</Wide>
    </Point>
    <Point>
      <X>1870.21</X>
      <Y>4974.15</Y>
      <Z>52.28</Z>
      <Wide>4</Wide>
    </Point>
    <Point>
      <X>1869.67</X>
      <Y>4974.99</Y>
      <Z>52.38</Z>
      <Wide>4</Wide>
    </Point>
    <Point>
      <X>1868.47</X>
      <Y>4976.65</Y>
      <Z>52.55</Z>
      <Wide>4</Wide>
    </Point>
    <Point>
      <X>1867.79</X>
      <Y>4977.43</Y>
      <Z>52.54</Z>
      <Wide>4</Wide>
    </Point>
    <Point>
      <X>1867.07</X>
      <Y>4978.16</Y>
      <Z>52.51</Z>
      <Wide>4</Wide>
    </Point>
    <Point>
      <X>1866.32</X>
      <Y>4978.84</Y>
      <Z>52.51</Z>
      <Wide>4</Wide>
    </Point>
    <Point>
      <X>1865.53</X>
      <Y>4979.46</Y>
      <Z>52.53</Z>
      <Wide>4</Wide>
    </Point>
    <Point>
      <X>1864.7</X>
      <Y>4980.02</Y>
      <Z>52.52</Z>
      <Wide>4</Wide>
    </Point>
    <Point>
      <X>1863.84</X>
      <Y>4980.54</Y>
      <Z>52.51</Z>
      <Wide>4</Wide>
    </Point>
    <Point>
      <X>1862.95</X>
      <Y>4981</Y>
      <Z>52.52</Z>
      <Wide>4</Wide>
    </Point>
    <Point>
      <X>1862.01</X>
      <Y>4981.41</Y>
      <Z>52.53</Z>
      <Wide>4</Wide>
    </Point>
    <Point>
      <X>1861.06</X>
      <Y>4981.76</Y>
      <Z>52.53</Z>
      <Wide>4</Wide>
    </Point>
    <Point>
      <X>1860.06</X>
      <Y>4982.06</Y>
      <Z>52.53</Z>
      <Wide>4</Wide>
    </Point>
    <Point>
      <X>1858.12</X>
      <Y>4982.59</Y>
      <Z>52.55</Z>
      <Wide>4</Wide>
    </Point>
    <Point>
      <X>1857.12</X>
      <Y>4982.8</Y>
      <Z>52.55</Z>
      <Wide>4</Wide>
    </Point>
    <Point>
      <X>1856.13</X>
      <Y>4982.98</Y>
      <Z>52.55</Z>
      <Wide>4</Wide>
    </Point>
    <Point>
      <X>1854.09</X>
      <Y>4983.25</Y>
      <Z>52.56</Z>
      <Wide>4</Wide>
    </Point>
    <Point>
      <X>1853.06</X>
      <Y>4983.31</Y>
      <Z>52.57</Z>
      <Wide>4</Wide>
    </Point>
    <Point>
      <X>1852.02</X>
      <Y>4983.33</Y>
      <Z>52.58</Z>
      <Wide>4</Wide>
    </Point>
    <Point>
      <X>1851</X>
      <Y>4983.29</Y>
      <Z>52.58</Z>
      <Wide>4</Wide>
    </Point>
    <Point>
      <X>1850</X>
      <Y>4983.21</Y>
      <Z>52.59</Z>
      <Wide>4</Wide>
    </Point>
    <Point>
      <X>1849.01</X>
      <Y>4983.07</Y>
      <Z>52.61</Z>
      <Wide>4</Wide>
    </Point>
    <Point>
      <X>1848.02</X>
      <Y>4982.89</Y>
      <Z>52.59</Z>
      <Wide>4</Wide>
    </Point>
    <Point>
      <X>1847.05</X>
      <Y>4982.66</Y>
      <Z>52.56</Z>
      <Wide>4</Wide>
    </Point>
    <Point>
      <X>1846.09</X>
      <Y>4982.37</Y>
      <Z>52.53</Z>
      <Wide>4</Wide>
    </Point>
    <Point>
      <X>1845.14</X>
      <Y>4982.04</Y>
      <Z>52.44</Z>
      <Wide>4</Wide>
    </Point>
    <Point>
      <X>1844.21</X>
      <Y>4981.67</Y>
      <Z>52.35</Z>
      <Wide>4</Wide>
    </Point>
    <Point>
      <X>1843.29</X>
      <Y>4981.24</Y>
      <Z>52.26</Z>
      <Wide>4</Wide>
    </Point>
    <Point>
      <X>1842.36</X>
      <Y>4980.76</Y>
      <Z>52.11</Z>
      <Wide>4</Wide>
    </Point>
    <Point>
      <X>1840.63</X>
      <Y>4979.83</Y>
      <Z>51.77</Z>
      <Wide>4</Wide>
    </Point>
    <Point>
      <X>1839.77</X>
      <Y>4979.35</Y>
      <Z>51.61</Z>
      <Wide>4</Wide>
    </Point>
    <Point>
      <X>1838.92</X>
      <Y>4978.85</Y>
      <Z>51.44</Z>
      <Wide>4</Wide>
    </Point>
    <Point>
      <X>1838.07</X>
      <Y>4978.35</Y>
      <Z>51.23</Z>
      <Wide>4</Wide>
    </Point>
    <Point>
      <X>1837.24</X>
      <Y>4977.83</Y>
      <Z>51.01</Z>
      <Wide>4</Wide>
    </Point>
    <Point>
      <X>1836.41</X>
      <Y>4977.29</Y>
      <Z>50.79</Z>
      <Wide>4</Wide>
    </Point>
    <Point>
      <X>1835.6</X>
      <Y>4976.76</Y>
      <Z>50.58</Z>
      <Wide>4</Wide>
    </Point>
    <Point>
      <X>1834.8</X>
      <Y>4976.21</Y>
      <Z>50.37</Z>
      <Wide>4</Wide>
    </Point>
    <Point>
      <X>1834</X>
      <Y>4975.65</Y>
      <Z>50.13</Z>
      <Wide>4</Wide>
    </Point>
    <Point>
      <X>1833.21</X>
      <Y>4975.08</Y>
      <Z>49.89</Z>
      <Wide>4</Wide>
    </Point>
    <Point>
      <X>1832.44</X>
      <Y>4974.49</Y>
      <Z>49.66</Z>
      <Wide>4</Wide>
    </Point>
    <Point>
      <X>1830.91</X>
      <Y>4973.28</Y>
      <Z>49.23</Z>
      <Wide>4</Wide>
    </Point>
    <Point>
      <X>1830.16</X>
      <Y>4972.64</Y>
      <Z>49.04</Z>
      <Wide>4</Wide>
    </Point>
    <Point>
      <X>1828.72</X>
      <Y>4971.38</Y>
      <Z>48.75</Z>
      <Wide>4</Wide>
    </Point>
    <Point>
      <X>1827.97</X>
      <Y>4970.74</Y>
      <Z>48.61</Z>
      <Wide>4</Wide>
    </Point>
    <Point>
      <X>1827.23</X>
      <Y>4970.1</Y>
      <Z>48.45</Z>
      <Wide>4</Wide>
    </Point>
    <Point>
      <X>1826.48</X>
      <Y>4969.45</Y>
      <Z>48.27</Z>
      <Wide>4</Wide>
    </Point>
    <Point>
      <X>1825.74</X>
      <Y>4968.81</Y>
      <Z>48.1</Z>
      <Wide>4</Wide>
    </Point>
    <Point>
      <X>1824.99</X>
      <Y>4968.17</Y>
      <Z>47.93</Z>
      <Wide>4</Wide>
    </Point>
    <Point>
      <X>1824.25</X>
      <Y>4967.52</Y>
      <Z>47.76</Z>
      <Wide>4</Wide>
    </Point>
    <Point>
      <X>1823.5</X>
      <Y>4966.88</Y>
      <Z>47.59</Z>
      <Wide>4</Wide>
    </Point>
    <Point>
      <X>1822.75</X>
      <Y>4966.24</Y>
      <Z>47.42</Z>
      <Wide>4</Wide>
    </Point>
    <Point>
      <X>1822</X>
      <Y>4965.6</Y>
      <Z>47.25</Z>
      <Wide>4</Wide>
    </Point>
    <Point>
      <X>1821.26</X>
      <Y>4964.95</Y>
      <Z>47.09</Z>
      <Wide>4</Wide>
    </Point>
    <Point>
      <X>1820.51</X>
      <Y>4964.31</Y>
      <Z>46.91</Z>
      <Wide>4</Wide>
    </Point>
    <Point>
      <X>1819.76</X>
      <Y>4963.67</Y>
      <Z>46.76</Z>
      <Wide>4</Wide>
    </Point>
    <Point>
      <X>1819.01</X>
      <Y>4963.02</Y>
      <Z>46.6</Z>
      <Wide>4</Wide>
    </Point>
    <Point>
      <X>1818.26</X>
      <Y>4962.38</Y>
      <Z>46.44</Z>
      <Wide>4</Wide>
    </Point>
    <Point>
      <X>1817.51</X>
      <Y>4961.74</Y>
      <Z>46.29</Z>
      <Wide>4</Wide>
    </Point>
    <Point>
      <X>1816.76</X>
      <Y>4961.09</Y>
      <Z>46.13</Z>
      <Wide>4</Wide>
    </Point>
    <Point>
      <X>1816.01</X>
      <Y>4960.45</Y>
      <Z>45.97</Z>
      <Wide>4</Wide>
    </Point>
    <Point>
      <X>1815.26</X>
      <Y>4959.81</Y>
      <Z>45.82</Z>
      <Wide>4</Wide>
    </Point>
    <Point>
      <X>1814.51</X>
      <Y>4959.16</Y>
      <Z>45.66</Z>
      <Wide>4</Wide>
    </Point>
    <Point>
      <X>1813.76</X>
      <Y>4958.52</Y>
      <Z>45.51</Z>
      <Wide>4</Wide>
    </Point>
    <Point>
      <X>1813.01</X>
      <Y>4957.88</Y>
      <Z>45.35</Z>
      <Wide>4</Wide>
    </Point>
    <Point>
      <X>1812.26</X>
      <Y>4957.24</Y>
      <Z>45.18</Z>
      <Wide>4</Wide>
    </Point>
    <Point>
      <X>1811.46</X>
      <Y>4956.56</Y>
      <Z>45.01</Z>
      <Wide>4</Wide>
    </Point>
    <Point>
      <X>1810.75</X>
      <Y>4955.95</Y>
      <Z>44.86</Z>
      <Wide>4</Wide>
    </Point>
    <Point>
      <X>1810</X>
      <Y>4955.31</Y>
      <Z>44.71</Z>
      <Wide>4</Wide>
    </Point>
    <Point>
      <X>1809.25</X>
      <Y>4954.66</Y>
      <Z>44.56</Z>
      <Wide>4</Wide>
    </Point>
    <Point>
      <X>1808.49</X>
      <Y>4954.02</Y>
      <Z>44.42</Z>
      <Wide>4</Wide>
    </Point>
    <Point>
      <X>1807.7</X>
      <Y>4953.34</Y>
      <Z>44.27</Z>
      <Wide>4</Wide>
    </Point>
    <Point>
      <X>1806.98</X>
      <Y>4952.73</Y>
      <Z>44.13</Z>
      <Wide>4</Wide>
    </Point>
    <Point>
      <X>1806.23</X>
      <Y>4952.09</Y>
      <Z>43.98</Z>
      <Wide>4</Wide>
    </Point>
    <Point>
      <X>1805.47</X>
      <Y>4951.45</Y>
      <Z>43.84</Z>
      <Wide>4</Wide>
    </Point>
    <Point>
      <X>1804.68</X>
      <Y>4950.77</Y>
      <Z>43.69</Z>
      <Wide>4</Wide>
    </Point>
    <Point>
      <X>1803.96</X>
      <Y>4950.16</Y>
      <Z>43.56</Z>
      <Wide>4</Wide>
    </Point>
    <Point>
      <X>1803.16</X>
      <Y>4949.49</Y>
      <Z>43.42</Z>
      <Wide>4</Wide>
    </Point>
    <Point>
      <X>1802.45</X>
      <Y>4948.88</Y>
      <Z>43.29</Z>
      <Wide>4</Wide>
    </Point>
    <Point>
      <X>1801.69</X>
      <Y>4948.23</Y>
      <Z>43.15</Z>
      <Wide>4</Wide>
    </Point>
    <Point>
      <X>1800.93</X>
      <Y>4947.59</Y>
      <Z>43</Z>
      <Wide>4</Wide>
    </Point>
    <Point>
      <X>1800.17</X>
      <Y>4946.95</Y>
      <Z>42.85</Z>
      <Wide>4</Wide>
    </Point>
    <Point>
      <X>1799.42</X>
      <Y>4946.31</Y>
      <Z>42.68</Z>
      <Wide>4</Wide>
    </Point>
    <Point>
      <X>1798.66</X>
      <Y>4945.66</Y>
      <Z>42.52</Z>
      <Wide>4</Wide>
    </Point>
    <Point>
      <X>1797.9</X>
      <Y>4945.02</Y>
      <Z>42.37</Z>
      <Wide>4</Wide>
    </Point>
    <Point>
      <X>1797.14</X>
      <Y>4944.38</Y>
      <Z>42.26</Z>
      <Wide>4</Wide>
    </Point>
    <Point>
      <X>1796.38</X>
      <Y>4943.73</Y>
      <Z>42.14</Z>
      <Wide>4</Wide>
    </Point>
    <Point>
      <X>1795.62</X>
      <Y>4943.09</Y>
      <Z>42.02</Z>
      <Wide>4</Wide>
    </Point>
    <Point>
      <X>1794.86</X>
      <Y>4942.45</Y>
      <Z>41.94</Z>
      <Wide>4</Wide>
    </Point>
    <Point>
      <X>1794.1</X>
      <Y>4941.81</Y>
      <Z>41.85</Z>
      <Wide>4</Wide>
    </Point>
    <Point>
      <X>1793.34</X>
      <Y>4941.16</Y>
      <Z>41.78</Z>
      <Wide>4</Wide>
    </Point>
    <Point>
      <X>1792.57</X>
      <Y>4940.52</Y>
      <Z>41.73</Z>
      <Wide>4</Wide>
    </Point>
    <Point>
      <X>1791.81</X>
      <Y>4939.88</Y>
      <Z>41.68</Z>
      <Wide>4</Wide>
    </Point>
    <Point>
      <X>1791.05</X>
      <Y>4939.24</Y>
      <Z>41.63</Z>
      <Wide>4</Wide>
    </Point>
    <Point>
      <X>1790.29</X>
      <Y>4938.59</Y>
      <Z>41.59</Z>
      <Wide>4</Wide>
    </Point>
    <Point>
      <X>1788.77</X>
      <Y>4937.31</Y>
      <Z>41.53</Z>
      <Wide>4</Wide>
    </Point>
    <Point>
      <X>1788.01</X>
      <Y>4936.66</Y>
      <Z>41.5</Z>
      <Wide>4</Wide>
    </Point>
    <Point>
      <X>1787.25</X>
      <Y>4936</Y>
      <Z>41.49</Z>
      <Wide>4</Wide>
    </Point>
    <Point>
      <X>1786.5</X>
      <Y>4935.35</Y>
      <Z>41.47</Z>
      <Wide>4</Wide>
    </Point>
    <Point>
      <X>1784.8</X>
      <Y>4933.74</Y>
      <Z>41.44</Z>
      <Wide>4</Wide>
    </Point>
    <Point>
      <X>1783.94</X>
      <Y>4932.77</Y>
      <Z>41.44</Z>
      <Wide>4</Wide>
    </Point>
    <Point>
      <X>1783.18</X>
      <Y>4931.8</Y>
      <Z>41.45</Z>
      <Wide>4</Wide>
    </Point>
    <Point>
      <X>1782.53</X>
      <Y>4930.82</Y>
      <Z>41.46</Z>
      <Wide>4</Wide>
    </Point>
    <Point>
      <X>1781.99</X>
      <Y>4929.84</Y>
      <Z>41.46</Z>
      <Wide>4</Wide>
    </Point>
    <Point>
      <X>1781.54</X>
      <Y>4928.84</Y>
      <Z>41.46</Z>
      <Wide>4</Wide>
    </Point>
    <Point>
      <X>1781.21</X>
      <Y>4927.84</Y>
      <Z>41.46</Z>
      <Wide>4</Wide>
    </Point>
    <Point>
      <X>1780.97</X>
      <Y>4926.84</Y>
      <Z>41.46</Z>
      <Wide>4</Wide>
    </Point>
    <Point>
      <X>1780.84</X>
      <Y>4925.85</Y>
      <Z>41.46</Z>
      <Wide>4</Wide>
    </Point>
    <Point>
      <X>1780.8</X>
      <Y>4924.85</Y>
      <Z>41.45</Z>
      <Wide>4</Wide>
    </Point>
    <Point>
      <X>1780.86</X>
      <Y>4923.84</Y>
      <Z>41.45</Z>
      <Wide>4</Wide>
    </Point>
    <Point>
      <X>1781.01</X>
      <Y>4922.84</Y>
      <Z>41.45</Z>
      <Wide>4</Wide>
    </Point>
    <Point>
      <X>1781.25</X>
      <Y>4921.84</Y>
      <Z>41.45</Z>
      <Wide>4</Wide>
    </Point>
    <Point>
      <X>1781.58</X>
      <Y>4920.84</Y>
      <Z>41.45</Z>
      <Wide>4</Wide>
    </Point>
    <Point>
      <X>1782.01</X>
      <Y>4919.82</Y>
      <Z>41.44</Z>
      <Wide>4</Wide>
    </Point>
    <Point>
      <X>1782.52</X>
      <Y>4918.81</Y>
      <Z>41.45</Z>
      <Wide>4</Wide>
    </Point>
    <Point>
      <X>1783.12</X>
      <Y>4917.79</Y>
      <Z>41.46</Z>
      <Wide>4</Wide>
    </Point>
    <Point>
      <X>1783.81</X>
      <Y>4916.76</Y>
      <Z>41.46</Z>
      <Wide>4</Wide>
    </Point>
    <Point>
      <X>1784.93</X>
      <Y>4915.11</Y>
      <Z>41.44</Z>
      <Wide>4</Wide>
    </Point>
    <Point>
      <X>1785.5</X>
      <Y>4914.29</Y>
      <Z>41.43</Z>
      <Wide>4</Wide>
    </Point>
    <Point>
      <X>1786.08</X>
      <Y>4913.47</Y>
      <Z>41.42</Z>
      <Wide>4</Wide>
    </Point>
    <Point>
      <X>1786.66</X>
      <Y>4912.67</Y>
      <Z>41.39</Z>
      <Wide>4</Wide>
    </Point>
    <Point>
      <X>1787.26</X>
      <Y>4911.85</Y>
      <Z>41.37</Z>
      <Wide>4</Wide>
    </Point>
    <Point>
      <X>1787.85</X>
      <Y>4911.06</Y>
      <Z>41.34</Z>
      <Wide>4</Wide>
    </Point>
    <Point>
      <X>1788.45</X>
      <Y>4910.26</Y>
      <Z>41.32</Z>
      <Wide>4</Wide>
    </Point>
    <Point>
      <X>1789.64</X>
      <Y>4908.66</Y>
      <Z>41.24</Z>
      <Wide>4</Wide>
    </Point>
    <Point>
      <X>1790.23</X>
      <Y>4907.85</Y>
      <Z>41.2</Z>
      <Wide>4</Wide>
    </Point>
    <Point>
      <X>1790.81</X>
      <Y>4907.04</Y>
      <Z>41.16</Z>
      <Wide>4</Wide>
    </Point>
    <Point>
      <X>1791.39</X>
      <Y>4906.22</Y>
      <Z>41.11</Z>
      <Wide>4</Wide>
    </Point>
    <Point>
      <X>1791.96</X>
      <Y>4905.4</Y>
      <Z>41.06</Z>
      <Wide>4</Wide>
    </Point>
    <Point>
      <X>1792.52</X>
      <Y>4904.58</Y>
      <Z>40.99</Z>
      <Wide>4</Wide>
    </Point>
    <Point>
      <X>1793.07</X>
      <Y>4903.75</Y>
      <Z>40.95</Z>
      <Wide>4</Wide>
    </Point>
    <Point>
      <X>1794.18</X>
      <Y>4902.09</Y>
      <Z>40.89</Z>
      <Wide>4</Wide>
    </Point>
    <Point>
      <X>1794.73</X>
      <Y>4901.25</Y>
      <Z>40.87</Z>
      <Wide>4</Wide>
    </Point>
    <Point>
      <X>1795.28</X>
      <Y>4900.42</Y>
      <Z>40.81</Z>
      <Wide>4</Wide>
    </Point>
    <Point>
      <X>1795.83</X>
      <Y>4899.59</Y>
      <Z>40.78</Z>
      <Wide>4</Wide>
    </Point>
    <Point>
      <X>1796.38</X>
      <Y>4898.75</Y>
      <Z>40.76</Z>
      <Wide>4</Wide>
    </Point>
    <Point>
      <X>1796.92</X>
      <Y>4897.91</Y>
      <Z>40.74</Z>
      <Wide>4</Wide>
    </Point>
    <Point>
      <X>1797.47</X>
      <Y>4897.07</Y>
      <Z>40.73</Z>
      <Wide>4</Wide>
    </Point>
    <Point>
      <X>1798.54</X>
      <Y>4895.37</Y>
      <Z>40.67</Z>
      <Wide>4</Wide>
    </Point>
    <Point>
      <X>1799.05</X>
      <Y>4894.5</Y>
      <Z>40.64</Z>
      <Wide>4</Wide>
    </Point>
    <Point>
      <X>1799.55</X>
      <Y>4893.63</Y>
      <Z>40.6</Z>
      <Wide>4</Wide>
    </Point>
    <Point>
      <X>1800.03</X>
      <Y>4892.75</Y>
      <Z>40.57</Z>
      <Wide>4</Wide>
    </Point>
    <Point>
      <X>1800.5</X>
      <Y>4891.86</Y>
      <Z>40.52</Z>
      <Wide>4</Wide>
    </Point>
    <Point>
      <X>1800.94</X>
      <Y>4890.96</Y>
      <Z>40.48</Z>
      <Wide>4</Wide>
    </Point>
    <Point>
      <X>1801.38</X>
      <Y>4890.06</Y>
      <Z>40.45</Z>
      <Wide>4</Wide>
    </Point>
    <Point>
      <X>1801.79</X>
      <Y>4889.15</Y>
      <Z>40.43</Z>
      <Wide>4</Wide>
    </Point>
    <Point>
      <X>1802.2</X>
      <Y>4888.21</Y>
      <Z>40.41</Z>
      <Wide>4</Wide>
    </Point>
    <Point>
      <X>1802.58</X>
      <Y>4887.29</Y>
      <Z>40.38</Z>
      <Wide>4</Wide>
    </Point>
    <Point>
      <X>1802.94</X>
      <Y>4886.38</Y>
      <Z>40.36</Z>
      <Wide>4</Wide>
    </Point>
    <Point>
      <X>1803.29</X>
      <Y>4885.44</Y>
      <Z>40.35</Z>
      <Wide>4</Wide>
    </Point>
    <Point>
      <X>1803.62</X>
      <Y>4884.5</Y>
      <Z>40.33</Z>
      <Wide>4</Wide>
    </Point>
    <Point>
      <X>1803.94</X>
      <Y>4883.55</Y>
      <Z>40.31</Z>
      <Wide>4</Wide>
    </Point>
    <Point>
      <X>1804.24</X>
      <Y>4882.59</Y>
      <Z>40.25</Z>
      <Wide>4</Wide>
    </Point>
    <Point>
      <X>1804.53</X>
      <Y>4881.62</Y>
      <Z>40.19</Z>
      <Wide>4</Wide>
    </Point>
    <Point>
      <X>1804.8</X>
      <Y>4880.65</Y>
      <Z>40.14</Z>
      <Wide>4</Wide>
    </Point>
    <Point>
      <X>1805.05</X>
      <Y>4879.67</Y>
      <Z>40.14</Z>
      <Wide>4</Wide>
    </Point>
    <Point>
      <X>1805.28</X>
      <Y>4878.69</Y>
      <Z>40.14</Z>
      <Wide>4</Wide>
    </Point>
    <Point>
      <X>1805.71</X>
      <Y>4876.73</Y>
      <Z>40.1</Z>
      <Wide>4</Wide>
    </Point>
    <Point>
      <X>1805.89</X>
      <Y>4875.73</Y>
      <Z>40.07</Z>
      <Wide>4</Wide>
    </Point>
    <Point>
      <X>1806.05</X>
      <Y>4874.74</Y>
      <Z>40.05</Z>
      <Wide>4</Wide>
    </Point>
    <Point>
      <X>1806.19</X>
      <Y>4873.75</Y>
      <Z>40.03</Z>
      <Wide>4</Wide>
    </Point>
    <Point>
      <X>1806.31</X>
      <Y>4872.75</Y>
      <Z>40.02</Z>
      <Wide>4</Wide>
    </Point>
    <Point>
      <X>1806.4</X>
      <Y>4871.76</Y>
      <Z>40.01</Z>
      <Wide>4</Wide>
    </Point>
    <Point>
      <X>1806.48</X>
      <Y>4870.76</Y>
      <Z>40</Z>
      <Wide>4</Wide>
    </Point>
    <Point>
      <X>1806.53</X>
      <Y>4869.74</Y>
      <Z>39.99</Z>
      <Wide>4</Wide>
    </Point>
    <Point>
      <X>1806.56</X>
      <Y>4868.76</Y>
      <Z>39.98</Z>
      <Wide>4</Wide>
    </Point>
    <Point>
      <X>1806.56</X>
      <Y>4867.76</Y>
      <Z>40</Z>
      <Wide>4</Wide>
    </Point>
    <Point>
      <X>1806.55</X>
      <Y>4866.76</Y>
      <Z>40.01</Z>
      <Wide>4</Wide>
    </Point>
    <Point>
      <X>1806.51</X>
      <Y>4865.75</Y>
      <Z>40.02</Z>
      <Wide>4</Wide>
    </Point>
    <Point>
      <X>1806.46</X>
      <Y>4864.75</Y>
      <Z>40.02</Z>
      <Wide>4</Wide>
    </Point>
    <Point>
      <X>1806.38</X>
      <Y>4863.74</Y>
      <Z>40.03</Z>
      <Wide>4</Wide>
    </Point>
    <Point>
      <X>1806.28</X>
      <Y>4862.74</Y>
      <Z>40.04</Z>
      <Wide>4</Wide>
    </Point>
    <Point>
      <X>1806.08</X>
      <Y>4860.77</Y>
      <Z>40.05</Z>
      <Wide>4</Wide>
    </Point>
    <Point>
      <X>1805.98</X>
      <Y>4859.77</Y>
      <Z>40.06</Z>
      <Wide>4</Wide>
    </Point>
    <Point>
      <X>1805.88</X>
      <Y>4858.77</Y>
      <Z>40.07</Z>
      <Wide>4</Wide>
    </Point>
    <Point>
      <X>1805.78</X>
      <Y>4857.76</Y>
      <Z>40.08</Z>
      <Wide>4</Wide>
    </Point>
    <Point>
      <X>1805.69</X>
      <Y>4856.77</Y>
      <Z>40.1</Z>
      <Wide>4</Wide>
    </Point>
    <Point>
      <X>1805.59</X>
      <Y>4855.79</Y>
      <Z>40.11</Z>
      <Wide>4</Wide>
    </Point>
    <Point>
      <X>1805.5</X>
      <Y>4854.77</Y>
      <Z>40.11</Z>
      <Wide>4</Wide>
    </Point>
    <Point>
      <X>1805.4</X>
      <Y>4853.78</Y>
      <Z>40.12</Z>
      <Wide>4</Wide>
    </Point>
    <Point>
      <X>1805.31</X>
      <Y>4852.8</Y>
      <Z>40.14</Z>
      <Wide>4</Wide>
    </Point>
    <Point>
      <X>1805.21</X>
      <Y>4851.79</Y>
      <Z>40.15</Z>
      <Wide>4</Wide>
    </Point>
    <Point>
      <X>1805.12</X>
      <Y>4850.81</Y>
      <Z>40.19</Z>
      <Wide>4</Wide>
    </Point>
    <Point>
      <X>1805.03</X>
      <Y>4849.8</Y>
      <Z>40.23</Z>
      <Wide>4</Wide>
    </Point>
    <Point>
      <X>1804.94</X>
      <Y>4848.82</Y>
      <Z>40.27</Z>
      <Wide>4</Wide>
    </Point>
    <Point>
      <X>1804.84</X>
      <Y>4847.81</Y>
      <Z>40.32</Z>
      <Wide>4</Wide>
    </Point>
    <Point>
      <X>1804.76</X>
      <Y>4846.83</Y>
      <Z>40.35</Z>
      <Wide>4</Wide>
    </Point>
    <Point>
      <X>1804.66</X>
      <Y>4845.84</Y>
      <Z>40.39</Z>
      <Wide>4</Wide>
    </Point>
    <Point>
      <X>1804.57</X>
      <Y>4844.82</Y>
      <Z>40.42</Z>
      <Wide>4</Wide>
    </Point>
    <Point>
      <X>1804.49</X>
      <Y>4843.84</Y>
      <Z>40.46</Z>
      <Wide>4</Wide>
    </Point>
    <Point>
      <X>1804.34</X>
      <Y>4841.86</Y>
      <Z>40.53</Z>
      <Wide>4</Wide>
    </Point>
    <Point>
      <X>1804.29</X>
      <Y>4840.86</Y>
      <Z>40.57</Z>
      <Wide>4</Wide>
    </Point>
    <Point>
      <X>1804.25</X>
      <Y>4839.86</Y>
      <Z>40.6</Z>
      <Wide>4</Wide>
    </Point>
    <Point>
      <X>1804.23</X>
      <Y>4838.86</Y>
      <Z>40.64</Z>
      <Wide>4</Wide>
    </Point>
    <Point>
      <X>1804.22</X>
      <Y>4837.86</Y>
      <Z>40.67</Z>
      <Wide>4</Wide>
    </Point>
    <Point>
      <X>1804.23</X>
      <Y>4836.85</Y>
      <Z>40.69</Z>
      <Wide>4</Wide>
    </Point>
    <Point>
      <X>1804.26</X>
      <Y>4835.86</Y>
      <Z>40.71</Z>
      <Wide>4</Wide>
    </Point>
    <Point>
      <X>1804.3</X>
      <Y>4834.86</Y>
      <Z>40.75</Z>
      <Wide>4</Wide>
    </Point>
    <Point>
      <X>1804.35</X>
      <Y>4833.86</Y>
      <Z>40.78</Z>
      <Wide>4</Wide>
    </Point>
    <Point>
      <X>1804.42</X>
      <Y>4832.86</Y>
      <Z>40.82</Z>
      <Wide>4</Wide>
    </Point>
    <Point>
      <X>1804.51</X>
      <Y>4831.86</Y>
      <Z>40.87</Z>
      <Wide>4</Wide>
    </Point>
    <Point>
      <X>1804.76</X>
      <Y>4829.85</Y>
      <Z>40.98</Z>
      <Wide>4</Wide>
    </Point>
    <Point>
      <X>1804.94</X>
      <Y>4828.82</Y>
      <Z>41.04</Z>
      <Wide>4</Wide>
    </Point>
    <Point>
      <X>1805.16</X>
      <Y>4827.82</Y>
      <Z>41.08</Z>
      <Wide>4</Wide>
    </Point>
    <Point>
      <X>1805.42</X>
      <Y>4826.83</Y>
      <Z>41.11</Z>
      <Wide>4</Wide>
    </Point>
    <Point>
      <X>1805.71</X>
      <Y>4825.86</Y>
      <Z>41.13</Z>
      <Wide>4</Wide>
    </Point>
    <Point>
      <X>1806.04</X>
      <Y>4824.92</Y>
      <Z>41.18</Z>
      <Wide>4</Wide>
    </Point>
    <Point>
      <X>1806.41</X>
      <Y>4823.99</Y>
      <Z>41.24</Z>
      <Wide>4</Wide>
    </Point>
    <Point>
      <X>1806.81</X>
      <Y>4823.07</Y>
      <Z>41.26</Z>
      <Wide>4</Wide>
    </Point>
    <Point>
      <X>1807.25</X>
      <Y>4822.18</Y>
      <Z>41.31</Z>
      <Wide>4</Wide>
    </Point>
    <Point>
      <X>1807.73</X>
      <Y>4821.29</Y>
      <Z>41.38</Z>
      <Wide>4</Wide>
    </Point>
    <Point>
      <X>1808.25</X>
      <Y>4820.43</Y>
      <Z>41.4</Z>
      <Wide>4</Wide>
    </Point>
    <Point>
      <X>1808.8</X>
      <Y>4819.58</Y>
      <Z>41.41</Z>
      <Wide>4</Wide>
    </Point>
    <Point>
      <X>1809.38</X>
      <Y>4818.76</Y>
      <Z>41.42</Z>
      <Wide>4</Wide>
    </Point>
    <Point>
      <X>1810</X>
      <Y>4817.94</Y>
      <Z>41.41</Z>
      <Wide>4</Wide>
    </Point>
    <Point>
      <X>1810.66</X>
      <Y>4817.15</Y>
      <Z>41.39</Z>
      <Wide>4</Wide>
    </Point>
    <Point>
      <X>1811.95</X>
      <Y>4815.64</Y>
      <Z>41.41</Z>
      <Wide>4</Wide>
    </Point>
    <Point>
      <X>1812.62</X>
      <Y>4814.89</Y>
      <Z>41.42</Z>
      <Wide>4</Wide>
    </Point>
    <Point>
      <X>1813.3</X>
      <Y>4814.15</Y>
      <Z>41.43</Z>
      <Wide>4</Wide>
    </Point>
    <Point>
      <X>1813.98</X>
      <Y>4813.43</Y>
      <Z>41.44</Z>
      <Wide>4</Wide>
    </Point>
    <Point>
      <X>1815.34</X>
      <Y>4812</Y>
      <Z>41.45</Z>
      <Wide>4</Wide>
    </Point>
    <Point>
      <X>1816.03</X>
      <Y>4811.28</Y>
      <Z>41.46</Z>
      <Wide>4</Wide>
    </Point>
    <Point>
      <X>1816.74</X>
      <Y>4810.53</Y>
      <Z>41.47</Z>
      <Wide>4</Wide>
    </Point>
    <Point>
      <X>1817.43</X>
      <Y>4809.81</Y>
      <Z>41.49</Z>
      <Wide>4</Wide>
    </Point>
    <Point>
      <X>1818.11</X>
      <Y>4809.11</Y>
      <Z>41.5</Z>
      <Wide>4</Wide>
    </Point>
    <Point>
      <X>1818.82</X>
      <Y>4808.36</Y>
      <Z>41.51</Z>
      <Wide>4</Wide>
    </Point>
    <Point>
      <X>1819.51</X>
      <Y>4807.64</Y>
      <Z>41.51</Z>
      <Wide>4</Wide>
    </Point>
    <Point>
      <X>1820.18</X>
      <Y>4806.94</Y>
      <Z>41.51</Z>
      <Wide>4</Wide>
    </Point>
    <Point>
      <X>1820.87</X>
      <Y>4806.22</Y>
      <Z>41.51</Z>
      <Wide>4</Wide>
    </Point>
    <Point>
      <X>1821.59</X>
      <Y>4805.48</Y>
      <Z>41.53</Z>
      <Wide>4</Wide>
    </Point>
    <Point>
      <X>1822.28</X>
      <Y>4804.76</Y>
      <Z>41.54</Z>
      <Wide>4</Wide>
    </Point>
    <Point>
      <X>1822.97</X>
      <Y>4804.04</Y>
      <Z>41.54</Z>
      <Wide>4</Wide>
    </Point>
    <Point>
      <X>1823.67</X>
      <Y>4803.32</Y>
      <Z>41.54</Z>
      <Wide>4</Wide>
    </Point>
    <Point>
      <X>1824.35</X>
      <Y>4802.62</Y>
      <Z>41.54</Z>
      <Wide>4</Wide>
    </Point>
    <Point>
      <X>1825.06</X>
      <Y>4801.88</Y>
      <Z>41.53</Z>
      <Wide>4</Wide>
    </Point>
    <Point>
      <X>1825.74</X>
      <Y>4801.18</Y>
      <Z>41.51</Z>
      <Wide>4</Wide>
    </Point>
    <Point>
      <X>1826.43</X>
      <Y>4800.47</Y>
      <Z>41.49</Z>
      <Wide>4</Wide>
    </Point>
    <Point>
      <X>1827.15</X>
      <Y>4799.73</Y>
      <Z>41.47</Z>
      <Wide>4</Wide>
    </Point>
    <Point>
      <X>1827.83</X>
      <Y>4799.03</Y>
      <Z>41.44</Z>
      <Wide>4</Wide>
    </Point>
    <Point>
      <X>1828.54</X>
      <Y>4798.3</Y>
      <Z>41.39</Z>
      <Wide>4</Wide>
    </Point>
    <Point>
      <X>1829.22</X>
      <Y>4797.6</Y>
      <Z>41.35</Z>
      <Wide>4</Wide>
    </Point>
    <Point>
      <X>1829.92</X>
      <Y>4796.88</Y>
      <Z>41.32</Z>
      <Wide>4</Wide>
    </Point>
    <Point>
      <X>1830.62</X>
      <Y>4796.17</Y>
      <Z>41.32</Z>
      <Wide>4</Wide>
    </Point>
    <Point>
      <X>1831.32</X>
      <Y>4795.45</Y>
      <Z>41.32</Z>
      <Wide>4</Wide>
    </Point>
    <Point>
      <X>1832.04</X>
      <Y>4794.72</Y>
      <Z>41.31</Z>
      <Wide>4</Wide>
    </Point>
    <Point>
      <X>1832.74</X>
      <Y>4794.01</Y>
      <Z>41.29</Z>
      <Wide>4</Wide>
    </Point>
    <Point>
      <X>1834.11</X>
      <Y>4792.6</Y>
      <Z>41.28</Z>
      <Wide>4</Wide>
    </Point>
    <Point>
      <X>1834.81</X>
      <Y>4791.89</Y>
      <Z>41.28</Z>
      <Wide>4</Wide>
    </Point>
    <Point>
      <X>1835.51</X>
      <Y>4791.17</Y>
      <Z>41.28</Z>
      <Wide>4</Wide>
    </Point>
    <Point>
      <X>1836.21</X>
      <Y>4790.46</Y>
      <Z>41.27</Z>
      <Wide>4</Wide>
    </Point>
    <Point>
      <X>1836.91</X>
      <Y>4789.74</Y>
      <Z>41.26</Z>
      <Wide>4</Wide>
    </Point>
    <Point>
      <X>1837.61</X>
      <Y>4789.02</Y>
      <Z>41.25</Z>
      <Wide>4</Wide>
    </Point>
    <Point>
      <X>1838.3</X>
      <Y>4788.31</Y>
      <Z>41.21</Z>
      <Wide>4</Wide>
    </Point>
    <Point>
      <X>1839</X>
      <Y>4787.59</Y>
      <Z>41.17</Z>
      <Wide>4</Wide>
    </Point>
    <Point>
      <X>1839.7</X>
      <Y>4786.88</Y>
      <Z>41.12</Z>
      <Wide>4</Wide>
    </Point>
    <Point>
      <X>1840.4</X>
      <Y>4786.16</Y>
      <Z>41.09</Z>
      <Wide>4</Wide>
    </Point>
    <Point>
      <X>1841.09</X>
      <Y>4785.44</Y>
      <Z>41.05</Z>
      <Wide>4</Wide>
    </Point>
    <Point>
      <X>1841.79</X>
      <Y>4784.73</Y>
      <Z>41.01</Z>
      <Wide>4</Wide>
    </Point>
    <Point>
      <X>1842.51</X>
      <Y>4783.98</Y>
      <Z>40.94</Z>
      <Wide>4</Wide>
    </Point>
    <Point>
      <X>1843.18</X>
      <Y>4783.29</Y>
      <Z>40.88</Z>
      <Wide>4</Wide>
    </Point>
    <Point>
      <X>1843.87</X>
      <Y>4782.57</Y>
      <Z>40.81</Z>
      <Wide>4</Wide>
    </Point>
    <Point>
      <X>1844.59</X>
      <Y>4781.83</Y>
      <Z>40.7</Z>
      <Wide>4</Wide>
    </Point>
    <Point>
      <X>1845.26</X>
      <Y>4781.14</Y>
      <Z>40.62</Z>
      <Wide>4</Wide>
    </Point>
    <Point>
      <X>1845.98</X>
      <Y>4780.39</Y>
      <Z>40.52</Z>
      <Wide>4</Wide>
    </Point>
    <Point>
      <X>1846.65</X>
      <Y>4779.7</Y>
      <Z>40.42</Z>
      <Wide>4</Wide>
    </Point>
    <Point>
      <X>1847.34</X>
      <Y>4778.98</Y>
      <Z>40.29</Z>
      <Wide>4</Wide>
    </Point>
    <Point>
      <X>1848.06</X>
      <Y>4778.24</Y>
      <Z>40.14</Z>
      <Wide>4</Wide>
    </Point>
    <Point>
      <X>1848.72</X>
      <Y>4777.55</Y>
      <Z>40</Z>
      <Wide>4</Wide>
    </Point>
    <Point>
      <X>1849.41</X>
      <Y>4776.83</Y>
      <Z>39.87</Z>
      <Wide>4</Wide>
    </Point>
    <Point>
      <X>1850.1</X>
      <Y>4776.11</Y>
      <Z>39.72</Z>
      <Wide>4</Wide>
    </Point>
    <Point>
      <X>1850.79</X>
      <Y>4775.39</Y>
      <Z>39.57</Z>
      <Wide>4</Wide>
    </Point>
    <Point>
      <X>1851.48</X>
      <Y>4774.67</Y>
      <Z>39.45</Z>
      <Wide>4</Wide>
    </Point>
    <Point>
      <X>1852.17</X>
      <Y>4773.95</Y>
      <Z>39.36</Z>
      <Wide>4</Wide>
    </Point>
    <Point>
      <X>1852.86</X>
      <Y>4773.23</Y>
      <Z>39.29</Z>
      <Wide>4</Wide>
    </Point>
    <Point>
      <X>1853.55</X>
      <Y>4772.51</Y>
      <Z>39.23</Z>
      <Wide>4</Wide>
    </Point>
    <Point>
      <X>1854.24</X>
      <Y>4771.79</Y>
      <Z>39.16</Z>
      <Wide>4</Wide>
    </Point>
    <Point>
      <X>1854.93</X>
      <Y>4771.07</Y>
      <Z>39.08</Z>
      <Wide>4</Wide>
    </Point>
    <Point>
      <X>1855.61</X>
      <Y>4770.35</Y>
      <Z>39.03</Z>
      <Wide>4</Wide>
    </Point>
    <Point>
      <X>1856.3</X>
      <Y>4769.63</Y>
      <Z>38.97</Z>
      <Wide>4</Wide>
    </Point>
    <Point>
      <X>1856.99</X>
      <Y>4768.91</Y>
      <Z>38.92</Z>
      <Wide>4</Wide>
    </Point>
    <Point>
      <X>1857.67</X>
      <Y>4768.19</Y>
      <Z>38.88</Z>
      <Wide>4</Wide>
    </Point>
    <Point>
      <X>1858.36</X>
      <Y>4767.47</Y>
      <Z>38.84</Z>
      <Wide>4</Wide>
    </Point>
    <Point>
      <X>1859.72</X>
      <Y>4766.04</Y>
      <Z>38.77</Z>
      <Wide>4</Wide>
    </Point>
    <Point>
      <X>1860.41</X>
      <Y>4765.32</Y>
      <Z>38.74</Z>
      <Wide>4</Wide>
    </Point>
    <Point>
      <X>1861.1</X>
      <Y>4764.6</Y>
      <Z>38.71</Z>
      <Wide>4</Wide>
    </Point>
    <Point>
      <X>1861.79</X>
      <Y>4763.87</Y>
      <Z>38.67</Z>
      <Wide>4</Wide>
    </Point>
    <Point>
      <X>1862.48</X>
      <Y>4763.15</Y>
      <Z>38.65</Z>
      <Wide>4</Wide>
    </Point>
    <Point>
      <X>1863.17</X>
      <Y>4762.43</Y>
      <Z>38.64</Z>
      <Wide>4</Wide>
    </Point>
    <Point>
      <X>1863.86</X>
      <Y>4761.71</Y>
      <Z>38.62</Z>
      <Wide>4</Wide>
    </Point>
    <Point>
      <X>1864.56</X>
      <Y>4760.98</Y>
      <Z>38.61</Z>
      <Wide>4</Wide>
    </Point>
    <Point>
      <X>1865.25</X>
      <Y>4760.26</Y>
      <Z>38.59</Z>
      <Wide>4</Wide>
    </Point>
    <Point>
      <X>1865.96</X>
      <Y>4759.52</Y>
      <Z>38.58</Z>
      <Wide>4</Wide>
    </Point>
    <Point>
      <X>1866.63</X>
      <Y>4758.82</Y>
      <Z>38.56</Z>
      <Wide>4</Wide>
    </Point>
    <Point>
      <X>1867.33</X>
      <Y>4758.1</Y>
      <Z>38.55</Z>
      <Wide>4</Wide>
    </Point>
    <Point>
      <X>1868.02</X>
      <Y>4757.38</Y>
      <Z>38.53</Z>
      <Wide>4</Wide>
    </Point>
    <Point>
      <X>1868.71</X>
      <Y>4756.66</Y>
      <Z>38.53</Z>
      <Wide>4</Wide>
    </Point>
    <Point>
      <X>1869.41</X>
      <Y>4755.94</Y>
      <Z>38.53</Z>
      <Wide>4</Wide>
    </Point>
    <Point>
      <X>1870.12</X>
      <Y>4755.2</Y>
      <Z>38.55</Z>
      <Wide>4</Wide>
    </Point>
    <Point>
      <X>1870.8</X>
      <Y>4754.5</Y>
      <Z>38.56</Z>
      <Wide>4</Wide>
    </Point>
    <Point>
      <X>1871.51</X>
      <Y>4753.76</Y>
      <Z>38.57</Z>
      <Wide>4</Wide>
    </Point>
    <Point>
      <X>1872.19</X>
      <Y>4753.06</Y>
      <Z>38.58</Z>
      <Wide>4</Wide>
    </Point>
    <Point>
      <X>1872.88</X>
      <Y>4752.34</Y>
      <Z>38.59</Z>
      <Wide>4</Wide>
    </Point>
    <Point>
      <X>1873.58</X>
      <Y>4751.63</Y>
      <Z>38.6</Z>
      <Wide>4</Wide>
    </Point>
    <Point>
      <X>1874.27</X>
      <Y>4750.91</Y>
      <Z>38.61</Z>
      <Wide>4</Wide>
    </Point>
    <Point>
      <X>1874.97</X>
      <Y>4750.19</Y>
      <Z>38.63</Z>
      <Wide>4</Wide>
    </Point>
    <Point>
      <X>1875.67</X>
      <Y>4749.47</Y>
      <Z>38.65</Z>
      <Wide>4</Wide>
    </Point>
    <Point>
      <X>1876.36</X>
      <Y>4748.76</Y>
      <Z>38.67</Z>
      <Wide>4</Wide>
    </Point>
    <Point>
      <X>1877.06</X>
      <Y>4748.04</Y>
      <Z>38.69</Z>
      <Wide>4</Wide>
    </Point>
    <Point>
      <X>1877.76</X>
      <Y>4747.32</Y>
      <Z>38.72</Z>
      <Wide>4</Wide>
    </Point>
    <Point>
      <X>1878.46</X>
      <Y>4746.61</Y>
      <Z>38.75</Z>
      <Wide>4</Wide>
    </Point>
    <Point>
      <X>1879.16</X>
      <Y>4745.89</Y>
      <Z>38.8</Z>
      <Wide>4</Wide>
    </Point>
    <Point>
      <X>1879.85</X>
      <Y>4745.17</Y>
      <Z>38.85</Z>
      <Wide>4</Wide>
    </Point>
    <Point>
      <X>1881.25</X>
      <Y>4743.76</Y>
      <Z>38.96</Z>
      <Wide>4</Wide>
    </Point>
    <Point>
      <X>1881.95</X>
      <Y>4743.06</Y>
      <Z>39.02</Z>
      <Wide>4</Wide>
    </Point>
    <Point>
      <X>1882.66</X>
      <Y>4742.35</Y>
      <Z>39.08</Z>
      <Wide>4</Wide>
    </Point>
    <Point>
      <X>1883.38</X>
      <Y>4741.65</Y>
      <Z>39.15</Z>
      <Wide>4</Wide>
    </Point>
    <Point>
      <X>1884.1</X>
      <Y>4740.95</Y>
      <Z>39.22</Z>
      <Wide>4</Wide>
    </Point>
    <Point>
      <X>1884.82</X>
      <Y>4740.26</Y>
      <Z>39.29</Z>
      <Wide>4</Wide>
    </Point>
    <Point>
      <X>1885.54</X>
      <Y>4739.58</Y>
      <Z>39.36</Z>
      <Wide>4</Wide>
    </Point>
    <Point>
      <X>1886.27</X>
      <Y>4738.9</Y>
      <Z>39.41</Z>
      <Wide>4</Wide>
    </Point>
    <Point>
      <X>1887</X>
      <Y>4738.22</Y>
      <Z>39.49</Z>
      <Wide>4</Wide>
    </Point>
    <Point>
      <X>1887.73</X>
      <Y>4737.54</Y>
      <Z>39.56</Z>
      <Wide>4</Wide>
    </Point>
    <Point>
      <X>1888.47</X>
      <Y>4736.87</Y>
      <Z>39.61</Z>
      <Wide>4</Wide>
    </Point>
    <Point>
      <X>1889.21</X>
      <Y>4736.2</Y>
      <Z>39.67</Z>
      <Wide>4</Wide>
    </Point>
    <Point>
      <X>1890.86</X>
      <Y>4734.83</Y>
      <Z>39.81</Z>
      <Wide>4</Wide>
    </Point>
    <Point>
      <X>1891.77</X>
      <Y>4734.15</Y>
      <Z>39.79</Z>
      <Wide>4</Wide>
    </Point>
    <Point>
      <X>1892.7</X>
      <Y>4733.53</Y>
      <Z>39.76</Z>
      <Wide>4</Wide>
    </Point>
    <Point>
      <X>1893.64</X>
      <Y>4732.97</Y>
      <Z>39.79</Z>
      <Wide>4</Wide>
    </Point>
    <Point>
      <X>1894.57</X>
      <Y>4732.47</Y>
      <Z>39.8</Z>
      <Wide>4</Wide>
    </Point>
    <Point>
      <X>1895.53</X>
      <Y>4732.02</Y>
      <Z>39.81</Z>
      <Wide>4</Wide>
    </Point>
    <Point>
      <X>1896.49</X>
      <Y>4731.63</Y>
      <Z>39.81</Z>
      <Wide>4</Wide>
    </Point>
    <Point>
      <X>1897.45</X>
      <Y>4731.29</Y>
      <Z>39.82</Z>
      <Wide>4</Wide>
    </Point>
    <Point>
      <X>1898.42</X>
      <Y>4731.02</Y>
      <Z>39.81</Z>
      <Wide>4</Wide>
    </Point>
    <Point>
      <X>1899.39</X>
      <Y>4730.79</Y>
      <Z>39.8</Z>
      <Wide>4</Wide>
    </Point>
    <Point>
      <X>1900.4</X>
      <Y>4730.62</Y>
      <Z>39.79</Z>
      <Wide>4</Wide>
    </Point>
    <Point>
      <X>1901.37</X>
      <Y>4730.5</Y>
      <Z>39.79</Z>
      <Wide>4</Wide>
    </Point>
    <Point>
      <X>1902.38</X>
      <Y>4730.44</Y>
      <Z>39.78</Z>
      <Wide>4</Wide>
    </Point>
    <Point>
      <X>1903.39</X>
      <Y>4730.43</Y>
      <Z>39.78</Z>
      <Wide>4</Wide>
    </Point>
    <Point>
      <X>1904.39</X>
      <Y>4730.48</Y>
      <Z>39.78</Z>
      <Wide>4</Wide>
    </Point>
    <Point>
      <X>1905.42</X>
      <Y>4730.57</Y>
      <Z>39.79</Z>
      <Wide>4</Wide>
    </Point>
    <Point>
      <X>1906.44</X>
      <Y>4730.72</Y>
      <Z>39.79</Z>
      <Wide>4</Wide>
    </Point>
    <Point>
      <X>1907.49</X>
      <Y>4730.92</Y>
      <Z>39.8</Z>
      <Wide>4</Wide>
    </Point>
    <Point>
      <X>1908.53</X>
      <Y>4731.18</Y>
      <Z>39.82</Z>
      <Wide>4</Wide>
    </Point>
    <Point>
      <X>1909.58</X>
      <Y>4731.48</Y>
      <Z>39.84</Z>
      <Wide>4</Wide>
    </Point>
    <Point>
      <X>1910.63</X>
      <Y>4731.83</Y>
      <Z>39.87</Z>
      <Wide>4</Wide>
    </Point>
    <Point>
      <X>1912.52</X>
      <Y>4732.49</Y>
      <Z>39.93</Z>
      <Wide>4</Wide>
    </Point>
    <Point>
      <X>1913.47</X>
      <Y>4732.84</Y>
      <Z>39.97</Z>
      <Wide>4</Wide>
    </Point>
    <Point>
      <X>1914.42</X>
      <Y>4733.19</Y>
      <Z>40</Z>
      <Wide>4</Wide>
    </Point>
    <Point>
      <X>1915.36</X>
      <Y>4733.56</Y>
      <Z>40.04</Z>
      <Wide>4</Wide>
    </Point>
    <Point>
      <X>1916.3</X>
      <Y>4733.93</Y>
      <Z>40.07</Z>
      <Wide>4</Wide>
    </Point>
    <Point>
      <X>1917.24</X>
      <Y>4734.31</Y>
      <Z>40.1</Z>
      <Wide>4</Wide>
    </Point>
    <Point>
      <X>1918.16</X>
      <Y>4734.71</Y>
      <Z>40.14</Z>
      <Wide>4</Wide>
    </Point>
    <Point>
      <X>1919.09</X>
      <Y>4735.11</Y>
      <Z>40.17</Z>
      <Wide>4</Wide>
    </Point>
    <Point>
      <X>1920</X>
      <Y>4735.52</Y>
      <Z>40.21</Z>
      <Wide>4</Wide>
    </Point>
    <Point>
      <X>1920.92</X>
      <Y>4735.94</Y>
      <Z>40.25</Z>
      <Wide>4</Wide>
    </Point>
    <Point>
      <X>1921.82</X>
      <Y>4736.37</Y>
      <Z>40.3</Z>
      <Wide>4</Wide>
    </Point>
    <Point>
      <X>1922.73</X>
      <Y>4736.81</Y>
      <Z>40.33</Z>
      <Wide>4</Wide>
    </Point>
    <Point>
      <X>1923.62</X>
      <Y>4737.25</Y>
      <Z>40.36</Z>
      <Wide>4</Wide>
    </Point>
    <Point>
      <X>1924.51</X>
      <Y>4737.71</Y>
      <Z>40.38</Z>
      <Wide>4</Wide>
    </Point>
    <Point>
      <X>1925.4</X>
      <Y>4738.17</Y>
      <Z>40.4</Z>
      <Wide>4</Wide>
    </Point>
    <Point>
      <X>1926.28</X>
      <Y>4738.65</Y>
      <Z>40.42</Z>
      <Wide>4</Wide>
    </Point>
    <Point>
      <X>1927.16</X>
      <Y>4739.13</Y>
      <Z>40.44</Z>
      <Wide>4</Wide>
    </Point>
    <Point>
      <X>1928.03</X>
      <Y>4739.62</Y>
      <Z>40.46</Z>
      <Wide>4</Wide>
    </Point>
    <Point>
      <X>1928.92</X>
      <Y>4740.14</Y>
      <Z>40.49</Z>
      <Wide>4</Wide>
    </Point>
    <Point>
      <X>1929.75</X>
      <Y>4740.63</Y>
      <Z>40.51</Z>
      <Wide>4</Wide>
    </Point>
    <Point>
      <X>1930.61</X>
      <Y>4741.15</Y>
      <Z>40.52</Z>
      <Wide>4</Wide>
    </Point>
    <Point>
      <X>1931.45</X>
      <Y>4741.68</Y>
      <Z>40.52</Z>
      <Wide>4</Wide>
    </Point>
    <Point>
      <X>1932.3</X>
      <Y>4742.22</Y>
      <Z>40.53</Z>
      <Wide>4</Wide>
    </Point>
    <Point>
      <X>1933.14</X>
      <Y>4742.77</Y>
      <Z>40.53</Z>
      <Wide>4</Wide>
    </Point>
    <Point>
      <X>1933.97</X>
      <Y>4743.32</Y>
      <Z>40.54</Z>
      <Wide>4</Wide>
    </Point>
    <Point>
      <X>1934.8</X>
      <Y>4743.89</Y>
      <Z>40.54</Z>
      <Wide>4</Wide>
    </Point>
    <Point>
      <X>1935.62</X>
      <Y>4744.46</Y>
      <Z>40.54</Z>
      <Wide>4</Wide>
    </Point>
    <Point>
      <X>1936.44</X>
      <Y>4745.04</Y>
      <Z>40.54</Z>
      <Wide>4</Wide>
    </Point>
    <Point>
      <X>1937.25</X>
      <Y>4745.64</Y>
      <Z>40.55</Z>
      <Wide>4</Wide>
    </Point>
    <Point>
      <X>1938.06</X>
      <Y>4746.24</Y>
      <Z>40.55</Z>
      <Wide>4</Wide>
    </Point>
    <Point>
      <X>1938.86</X>
      <Y>4746.85</Y>
      <Z>40.55</Z>
      <Wide>4</Wide>
    </Point>
    <Point>
      <X>1939.66</X>
      <Y>4747.47</Y>
      <Z>40.55</Z>
      <Wide>4</Wide>
    </Point>
    <Point>
      <X>1940.45</X>
      <Y>4748.09</Y>
      <Z>40.56</Z>
      <Wide>4</Wide>
    </Point>
    <Point>
      <X>1942.01</X>
      <Y>4749.33</Y>
      <Z>40.59</Z>
      <Wide>4</Wide>
    </Point>
    <Point>
      <X>1942.79</X>
      <Y>4749.95</Y>
      <Z>40.6</Z>
      <Wide>4</Wide>
    </Point>
    <Point>
      <X>1943.57</X>
      <Y>4750.58</Y>
      <Z>40.62</Z>
      <Wide>4</Wide>
    </Point>
    <Point>
      <X>1944.36</X>
      <Y>4751.21</Y>
      <Z>40.63</Z>
      <Wide>4</Wide>
    </Point>
    <Point>
      <X>1945.14</X>
      <Y>4751.84</Y>
      <Z>40.63</Z>
      <Wide>4</Wide>
    </Point>
    <Point>
      <X>1945.92</X>
      <Y>4752.46</Y>
      <Z>40.64</Z>
      <Wide>4</Wide>
    </Point>
    <Point>
      <X>1946.69</X>
      <Y>4753.08</Y>
      <Z>40.65</Z>
      <Wide>4</Wide>
    </Point>
    <Point>
      <X>1947.48</X>
      <Y>4753.72</Y>
      <Z>40.66</Z>
      <Wide>4</Wide>
    </Point>
    <Point>
      <X>1948.24</X>
      <Y>4754.34</Y>
      <Z>40.66</Z>
      <Wide>4</Wide>
    </Point>
    <Point>
      <X>1949.03</X>
      <Y>4754.98</Y>
      <Z>40.67</Z>
      <Wide>4</Wide>
    </Point>
    <Point>
      <X>1949.81</X>
      <Y>4755.61</Y>
      <Z>40.68</Z>
      <Wide>4</Wide>
    </Point>
    <Point>
      <X>1950.57</X>
      <Y>4756.23</Y>
      <Z>40.69</Z>
      <Wide>4</Wide>
    </Point>
    <Point>
      <X>1951.35</X>
      <Y>4756.86</Y>
      <Z>40.7</Z>
      <Wide>4</Wide>
    </Point>
    <Point>
      <X>1952.88</X>
      <Y>4758.14</Y>
      <Z>40.72</Z>
      <Wide>4</Wide>
    </Point>
  </Route>
  <Objects>
    <Prop>
      <Model>-165867930</Model>
      <TextureVariation>0</TextureVariation>
      <X>1939.86</X>
      <Y>4749.04</Y>
      <Z>47.02</Z>
      <RotX>0</RotX>
      <RotY>0</RotY>
      <RotZ>126.49</RotZ>
      <IsDynamic>True</IsDynamic>
    </Prop>
  </Objects>

</Data>