<Data>
  <Vehicle>
    <Name>Picador Loco Drag</Name>
    <Class>Muscle</Class>
    <Disciplines>
      <Discipline>muscle</Discipline>
      <Discipline>picador3</Discipline>
      <Discipline>picadorlocodrag</Discipline>
      <Discipline>drag</Discipline>
      <Discipline>sponsor</Discipline>
    </Disciplines>
    <Model>469494053</Model>
    <Livery>2</Livery>
    <Acceleration ModelName="Picador Loco Drag">0.24</Acceleration>
    <Colors>
      <Primary>92</Primary>
      <Secondary>120</Secondary>
      <Pearl>160</Pearl>
      <Wheel>156</Wheel>
      <Dash>112</Dash>
      <Trim>8</Trim>
    </Colors>
    <WheelType>1</WheelType>
    <Mods />
    <Extras>
      <Extra>2</Extra>
      <Extra>11</Extra>
    </Extras>
  </Vehicle>
</Data>