<Data>
  <Vehicle>
    <Name>Tampa Gasser</Name>
    <Class>Muscle</Class>
    <Disciplines>
      <Discipline>muscle</Discipline>
      <Discipline>tampag</Discipline>
      <Discipline>tampagasser</Discipline>
      <Discipline>drag</Discipline>
      <Discipline>street</Discipline>
    </Disciplines>
    <Model>-1509764137</Model>
    <Livery>-1</Livery>
    <Acceleration ModelName="Tampa Gasser">0.55</Acceleration>
    <Colors>
      <Primary>9</Primary>
      <Secondary>111</Secondary>
      <Pearl>7</Pearl>
      <Wheel>48</Wheel>
      <Dash>0</Dash>
      <Trim>0</Trim>
    </Colors>
    <WheelType>1</WheelType>
    <Mods>
      <ToggleMod ModIndex="18">1</ToggleMod>
      <ToggleMod ModIndex="57">1</ToggleMod>
    </Mods>
    <Extras />
  </Vehicle>
</Data>