<Data>
  <Driver>
    <Name>default</Name>
    <Model>1885233650</Model>
    <Clothes>
      <Cloth ComponentID="0" DrawableID="0">-1</Cloth>
      <Cloth ComponentID="0" DrawableID="0">0</Cloth>
      <Cloth ComponentID="0" DrawableID="0">1</Cloth>
      <Cloth ComponentID="0" DrawableID="0">2</Cloth>
      <Cloth ComponentID="47" DrawableID="1">3</Cloth>
      <Cloth ComponentID="99" DrawableID="2">4</Cloth>
      <Cloth ComponentID="0" DrawableID="0">5</Cloth>
      <Cloth ComponentID="31" DrawableID="2">6</Cloth>
      <Cloth ComponentID="0" DrawableID="0">7</Cloth>
      <Cloth ComponentID="15" DrawableID="0">8</Cloth>
      <Cloth ComponentID="0" DrawableID="0">9</Cloth>
      <Cloth ComponentID="0" DrawableID="0">10</Cloth>
      <Cloth ComponentID="254" DrawableID="2">11</Cloth>
      <Cloth ComponentID="0" DrawableID="0">12</Cloth>
      <Cloth ComponentID="0" DrawableID="0">13</Cloth>
      <Cloth ComponentID="0" DrawableID="0">14</Cloth>
      <Cloth ComponentID="16777216" DrawableID="0">15</Cloth>
      <Cloth ComponentID="131074" DrawableID="0">16</Cloth>
      <Cloth ComponentID="33554432" DrawableID="0">17</Cloth>
      <Cloth ComponentID="0" DrawableID="0">18</Cloth>
      <Cloth ComponentID="0" DrawableID="0">19</Cloth>
      <Prop TextureID="8" PropID="62">0</Prop>
    </Clothes>
    <Skills>
      <Skill value="25">ExampleSkill</Skill>
      <Skill value2="50">ExampleSkill2</Skill>
    </Skills>
  </Driver>
</Data>