<Data>
  <Vehicle>
    <Name>190z</Name>
    <Class>SportsClassics</Class>
    <Disciplines>
      <Discipline>sportsclassics</Discipline>
      <Discipline>z190</Discipline>
      <Discipline>190z</Discipline>
      <Discipline>sponsor</Discipline>
    </Disciplines>
    <Model>838982985</Model>
    <Livery>7</Livery>
    <Acceleration ModelName="190z">0.323</Acceleration>
    <Colors>
      <Primary>6</Primary>
      <Secondary>6</Secondary>
      <Pearl>4</Pearl>
      <Wheel>15</Wheel>
      <Dash>0</Dash>
      <Trim>105</Trim>
    </Colors>
    <WheelType>3</WheelType>
    <Mods>
      <Mod ModIndex="0">6</Mod>
      <Mod ModIndex="1">0</Mod>
      <Mod ModIndex="2">0</Mod>
      <Mod ModIndex="4">3</Mod>
      <Mod ModIndex="5">1</Mod>
      <Mod ModIndex="6">10</Mod>
      <Mod ModIndex="8">2</Mod>
      <Mod ModIndex="9">0</Mod>
      <Mod ModIndex="10">4</Mod>
      <Mod ModIndex="11">3</Mod>
      <Mod ModIndex="12">2</Mod>
      <Mod ModIndex="13">2</Mod>
      <Mod ModIndex="15">2</Mod>
      <Mod ModIndex="23">21</Mod>
      <Mod ModIndex="48">7</Mod>
      <Mod ModIndex="50">3</Mod>
      <Mod ModIndex="51">2</Mod>
      <Mod ModIndex="52">2</Mod>
      <Mod ModIndex="54">2</Mod>
      <Mod ModIndex="62">21</Mod>
      <ToggleMod ModIndex="18">1</ToggleMod>
      <ToggleMod ModIndex="57">1</ToggleMod>
    </Mods>
    <Extras />
  </Vehicle>
</Data>