<Data>
  <Vehicle>
    <Name>190z</Name>
    <Class>SportsClassics</Class>
    <Disciplines>
      <Discipline>sportsclassics</Discipline>
      <Discipline>z190</Discipline>
      <Discipline>190z</Discipline>
    </Disciplines>
    <Model>838982985</Model>
    <Livery>-1</Livery>
    <Acceleration ModelName="190z">0.323</Acceleration>
    <Colors>
      <Primary>111</Primary>
      <Secondary>115</Secondary>
      <Pearl>0</Pearl>
      <Wheel>23</Wheel>
      <Dash>0</Dash>
      <Trim>3</Trim>
    </Colors>
    <WheelType>5</WheelType>
    <Mods>
      <Mod ModIndex="1">1</Mod>
      <Mod ModIndex="2">8</Mod>
      <Mod ModIndex="6">9</Mod>
      <Mod ModIndex="7">6</Mod>
      <Mod ModIndex="8">3</Mod>
      <Mod ModIndex="9">7</Mod>
      <Mod ModIndex="10">4</Mod>
      <Mod ModIndex="11">3</Mod>
      <Mod ModIndex="13">2</Mod>
      <Mod ModIndex="15">2</Mod>
      <Mod ModIndex="23">25</Mod>
      <Mod ModIndex="50">3</Mod>
      <Mod ModIndex="52">2</Mod>
      <Mod ModIndex="54">2</Mod>
      <Mod ModIndex="62">25</Mod>
      <ToggleMod ModIndex="18">1</ToggleMod>
      <ToggleMod ModIndex="22">1</ToggleMod>
      <ToggleMod ModIndex="57">1</ToggleMod>
      <ToggleMod ModIndex="61">1</ToggleMod>
    </Mods>
    <Extras />
  </Vehicle>
</Data>