<Data>
  <Vehicle>
    <Name>190z</Name>
    <Class>SportsClassics</Class>
    <Disciplines>
      <Discipline>sportsclassics</Discipline>
      <Discipline>z190</Discipline>
      <Discipline>190z</Discipline>
    </Disciplines>
    <Model>838982985</Model>
    <Livery>2</Livery>
    <Acceleration ModelName="190z">0.323</Acceleration>
    <Colors>
      <Primary>3</Primary>
      <Secondary>0</Secondary>
      <Pearl>6</Pearl>
      <Wheel>23</Wheel>
      <Dash>0</Dash>
      <Trim>144</Trim>
    </Colors>
    <WheelType>1</WheelType>
    <Mods>
      <Mod ModIndex="1">6</Mod>
      <Mod ModIndex="2">2</Mod>
      <Mod ModIndex="3">12</Mod>
      <Mod ModIndex="4">0</Mod>
      <Mod ModIndex="5">6</Mod>
      <Mod ModIndex="6">2</Mod>
      <Mod ModIndex="8">7</Mod>
      <Mod ModIndex="9">2</Mod>
      <Mod ModIndex="10">0</Mod>
      <Mod ModIndex="11">3</Mod>
      <Mod ModIndex="12">2</Mod>
      <Mod ModIndex="13">2</Mod>
      <Mod ModIndex="15">2</Mod>
      <Mod ModIndex="23">28</Mod>
      <Mod ModIndex="48">2</Mod>
      <Mod ModIndex="50">3</Mod>
      <Mod ModIndex="51">2</Mod>
      <Mod ModIndex="52">2</Mod>
      <Mod ModIndex="54">2</Mod>
      <Mod ModIndex="62">28</Mod>
      <ToggleMod ModIndex="18">1</ToggleMod>
      <ToggleMod ModIndex="57">1</ToggleMod>
    </Mods>
    <Extras />
  </Vehicle>
</Data>