<Data>
  <Vehicle>
    <Name>190z</Name>
    <Class>SportsClassics</Class>
    <Disciplines>
      <Discipline>sportsclassics</Discipline>
      <Discipline>z190</Discipline>
      <Discipline>190z</Discipline>
    </Disciplines>
    <Model>838982985</Model>
    <Livery>-1</Livery>
    <Acceleration ModelName="190z">0.291</Acceleration>
    <Colors>
      <Primary>97</Primary>
      <Secondary>13</Secondary>
      <Pearl>98</Pearl>
      <Wheel>37</Wheel>
      <Dash>0</Dash>
      <Trim>8</Trim>
    </Colors>
    <WheelType>2</WheelType>
    <Mods>
      <Mod ModIndex="2">8</Mod>
      <Mod ModIndex="10">8</Mod>
      <Mod ModIndex="11">3</Mod>
      <Mod ModIndex="12">2</Mod>
      <Mod ModIndex="13">2</Mod>
      <Mod ModIndex="15">2</Mod>
      <Mod ModIndex="23">24</Mod>
      <Mod ModIndex="50">3</Mod>
      <Mod ModIndex="51">2</Mod>
      <Mod ModIndex="52">2</Mod>
      <Mod ModIndex="54">2</Mod>
      <Mod ModIndex="62">24</Mod>
      <ToggleMod ModIndex="18">1</ToggleMod>
      <ToggleMod ModIndex="22">1</ToggleMod>
      <ToggleMod ModIndex="57">1</ToggleMod>
      <ToggleMod ModIndex="61">1</ToggleMod>
    </Mods>
    <Extras />
  </Vehicle>
</Data>