<Data>
  <Vehicle>
    <Name>190z</Name>
    <Class>SportsClassics</Class>
    <Disciplines>
      <Discipline>sportsclassics</Discipline>
      <Discipline>z190</Discipline>
      <Discipline>190z</Discipline>
      <Discipline>sponsor</Discipline>
    </Disciplines>
    <Model>838982985</Model>
    <Livery>4</Livery>
    <Acceleration ModelName="190z">0.323</Acceleration>
    <Colors>
      <Primary>112</Primary>
      <Secondary>0</Secondary>
      <Pearl>0</Pearl>
      <Wheel>147</Wheel>
      <Dash>0</Dash>
      <Trim>22</Trim>
    </Colors>
    <WheelType>1</WheelType>
    <Mods>
      <Mod ModIndex="0">14</Mod>
      <Mod ModIndex="1">2</Mod>
      <Mod ModIndex="2">2</Mod>
      <Mod ModIndex="4">1</Mod>
      <Mod ModIndex="5">8</Mod>
      <Mod ModIndex="6">7</Mod>
      <Mod ModIndex="7">13</Mod>
      <Mod ModIndex="8">8</Mod>
      <Mod ModIndex="9">5</Mod>
      <Mod ModIndex="10">0</Mod>
      <Mod ModIndex="11">3</Mod>
      <Mod ModIndex="12">2</Mod>
      <Mod ModIndex="13">2</Mod>
      <Mod ModIndex="15">2</Mod>
      <Mod ModIndex="23">26</Mod>
      <Mod ModIndex="48">4</Mod>
      <Mod ModIndex="50">3</Mod>
      <Mod ModIndex="51">2</Mod>
      <Mod ModIndex="52">2</Mod>
      <Mod ModIndex="54">2</Mod>
      <Mod ModIndex="62">26</Mod>
      <ToggleMod ModIndex="18">1</ToggleMod>
      <ToggleMod ModIndex="57">1</ToggleMod>
    </Mods>
    <Extras />
  </Vehicle>
</Data>