<Data>
  <Vehicle>
    <Name>428 SSC</Name>
    <Class>Muscle</Class>
    <Disciplines>
      <Discipline>muscle</Discipline>
      <Discipline>dominatorc2</Discipline>
      <Discipline>428ssc</Discipline>
      <Discipline>sponsor</Discipline>
    </Disciplines>
    <Model>-9767458</Model>
    <Livery>8</Livery>
    <Acceleration ModelName="428 SSC">0.648</Acceleration>
    <Colors>
      <Primary>54</Primary>
      <Secondary>111</Secondary>
      <Pearl>60</Pearl>
      <Wheel>5</Wheel>
      <Dash>0</Dash>
      <Trim>1</Trim>
    </Colors>
    <WheelType>1</WheelType>
    <Mods>
      <Mod ModIndex="3">0</Mod>
      <Mod ModIndex="7">0</Mod>
      <Mod ModIndex="11">3</Mod>
      <Mod ModIndex="12">2</Mod>
      <Mod ModIndex="13">2</Mod>
      <Mod ModIndex="23">6</Mod>
      <Mod ModIndex="50">3</Mod>
      <Mod ModIndex="51">2</Mod>
      <Mod ModIndex="52">2</Mod>
      <Mod ModIndex="62">6</Mod>
      <ToggleMod ModIndex="18">1</ToggleMod>
      <ToggleMod ModIndex="57">1</ToggleMod>
    </Mods>
    <Extras />
  </Vehicle>
</Data>