<Data>
  <Vehicle>
    <Name>428 SSC</Name>
    <Class>Muscle</Class>
    <Disciplines>
      <Discipline>muscle</Discipline>
      <Discipline>dominatorc2</Discipline>
      <Discipline>428ssc</Discipline>
      <Discipline>sponsor</Discipline>
    </Disciplines>
    <Model>-9767458</Model>
    <Livery>7</Livery>
    <Acceleration ModelName="428 SSC">0.325</Acceleration>
    <Colors>
      <Primary>8</Primary>
      <Secondary>8</Secondary>
      <Pearl>0</Pearl>
      <Wheel>156</Wheel>
      <Dash>0</Dash>
      <Trim>1</Trim>
    </Colors>
    <WheelType>1</WheelType>
    <Mods>
      <Mod ModIndex="6">2</Mod>
    </Mods>
    <Extras />
  </Vehicle>
</Data>