<Data>
  <Vehicle>
    <Name>9F</Name>
    <Class>Sports</Class>
    <Disciplines>
      <Discipline>sports</Discipline>
      <Discipline>ninef</Discipline>
	        <Discipline>street</Discipline>

      <Discipline>9f</Discipline>
    </Disciplines>
    <Model>1032823388</Model>
    <Livery>-1</Livery>
    <Acceleration ModelName="9F">0.456</Acceleration>
    <Colors>
      <Primary>4</Primary>
      <Secondary>1</Secondary>
      <Pearl>111</Pearl>
      <Wheel>2</Wheel>
      <Dash>0</Dash>
      <Trim>0</Trim>
    </Colors>
    <WheelType>0</WheelType>
    <Mods>
      <Mod ModIndex="11">3</Mod>
      <Mod ModIndex="12">2</Mod>
      <Mod ModIndex="13">2</Mod>
      <Mod ModIndex="15">3</Mod>
      <Mod ModIndex="23">26</Mod>
      <Mod ModIndex="50">3</Mod>
      <Mod ModIndex="51">2</Mod>
      <Mod ModIndex="52">2</Mod>
      <Mod ModIndex="54">3</Mod>
      <Mod ModIndex="62">26</Mod>
      <ToggleMod ModIndex="18">1</ToggleMod>
      <ToggleMod ModIndex="57">1</ToggleMod>
    </Mods>
    <Extras />
  </Vehicle>
</Data>