<Data>
  <Vehicle>
    <Name>Asterope</Name>
    <Class>Sedans</Class>
    <Disciplines>
      <Discipline>sedans</Discipline>
      <Discipline>astrope</Discipline>
      <Discipline>asterope</Discipline>
      <Discipline>street</Discipline>
    </Disciplines>
    <Model>-1903012613</Model>
    <Livery>-1</Livery>
    <Acceleration ModelName="Asterope">0.367</Acceleration>
    <Colors>
      <Primary>146</Primary>
      <Secondary>0</Secondary>
      <Pearl>145</Pearl>
      <Wheel>0</Wheel>
      <Dash>0</Dash>
      <Trim>0</Trim>
    </Colors>
    <WheelType>0</WheelType>
    <Mods>
      <Mod ModIndex="11">3</Mod>
      <Mod ModIndex="12">2</Mod>
      <Mod ModIndex="13">2</Mod>
      <Mod ModIndex="15">3</Mod>
      <Mod ModIndex="23">32</Mod>
      <Mod ModIndex="50">3</Mod>
      <Mod ModIndex="51">2</Mod>
      <Mod ModIndex="52">2</Mod>
      <Mod ModIndex="54">3</Mod>
      <Mod ModIndex="62">32</Mod>
      <ToggleMod ModIndex="18">1</ToggleMod>
      <ToggleMod ModIndex="57">1</ToggleMod>
    </Mods>
    <Extras />
  </Vehicle>
</Data>