<Data>
  <Vehicle>
    <Name>Baller LE</Name>
    <Class>SUVs</Class>
    <Disciplines>
      <Discipline>suvs</Discipline>
      <Discipline>baller3</Discipline>
      <Discipline>ballerle</Discipline>
    </Disciplines>
    <Model>1878062887</Model>
    <Livery>-1</Livery>
    <Acceleration ModelName="Baller LE">0.351</Acceleration>
    <Colors>
      <Primary>111</Primary>
      <Secondary>0</Secondary>
      <Pearl>0</Pearl>
      <Wheel>0</Wheel>
      <Dash>156</Dash>
      <Trim>107</Trim>
    </Colors>
    <WheelType>0</WheelType>
    <Mods>
      <Mod ModIndex="11">3</Mod>
      <Mod ModIndex="12">2</Mod>
      <Mod ModIndex="13">2</Mod>
      <Mod ModIndex="23">9</Mod>
      <Mod ModIndex="50">3</Mod>
      <Mod ModIndex="51">2</Mod>
      <Mod ModIndex="52">2</Mod>
      <Mod ModIndex="62">9</Mod>
      <ToggleMod ModIndex="18">1</ToggleMod>
      <ToggleMod ModIndex="57">1</ToggleMod>
    </Mods>
    <Extras />
  </Vehicle>
</Data>