<Data>
  <Vehicle>
    <Name>Banshee 900R</Name>
    <Class>Super</Class>
    <Disciplines>
      <Discipline>super</Discipline>
      <Discipline>banshee2</Discipline>
      <Discipline>banshee900r</Discipline>
      <Discipline>racecar</Discipline>
    </Disciplines>
    <Model>633712403</Model>
    <Livery>7</Livery>
    <Acceleration ModelName="Banshee 900R">0.558</Acceleration>
    <Colors>
      <Primary>111</Primary>
      <Secondary>0</Secondary>
      <Pearl>0</Pearl>
      <Wheel>1</Wheel>
      <Dash>150</Dash>
      <Trim>31</Trim>
    </Colors>
    <WheelType>0</WheelType>
    <Mods>
      <Mod ModIndex="0">4</Mod>
      <Mod ModIndex="1">3</Mod>
      <Mod ModIndex="3">0</Mod>
      <Mod ModIndex="6">1</Mod>
      <Mod ModIndex="7">8</Mod>
      <Mod ModIndex="11">3</Mod>
      <Mod ModIndex="12">2</Mod>
      <Mod ModIndex="13">2</Mod>
      <Mod ModIndex="15">2</Mod>
      <Mod ModIndex="29">1</Mod>
      <Mod ModIndex="31">2</Mod>
      <Mod ModIndex="32">8</Mod>
      <Mod ModIndex="33">10</Mod>
      <Mod ModIndex="39">2</Mod>
      <Mod ModIndex="41">10</Mod>
      <Mod ModIndex="48">7</Mod>
      <Mod ModIndex="50">3</Mod>
      <Mod ModIndex="51">2</Mod>
      <Mod ModIndex="52">2</Mod>
      <Mod ModIndex="54">2</Mod>
      <ToggleMod ModIndex="18">1</ToggleMod>
      <ToggleMod ModIndex="22">1</ToggleMod>
      <ToggleMod ModIndex="57">1</ToggleMod>
      <ToggleMod ModIndex="61">1</ToggleMod>
    </Mods>
    <Extras>
      <Extra>1</Extra>
    </Extras>
  </Vehicle>
</Data>