<Data>
  <Vehicle>
    <Name>Banshee 900R</Name>
    <Class>Super</Class>
    <Disciplines>
      <Discipline>super</Discipline>
      <Discipline>banshee2</Discipline>
      <Discipline>street</Discipline>
    </Disciplines>
    <Model>633712403</Model>
    <Livery>2</Livery>
    <Acceleration ModelName="Banshee 900R">0.499</Acceleration>
    <Colors>
      <Primary>135</Primary>
      <Secondary>135</Secondary>
      <Pearl>137</Pearl>
      <Wheel>119</Wheel>
      <Dash>4</Dash>
      <Trim>3</Trim>
    </Colors>
    <WheelType>0</WheelType>
    <Mods>
      <Mod ModIndex="0">2</Mod>
      <Mod ModIndex="3">2</Mod>
      <Mod ModIndex="4">3</Mod>
      <Mod ModIndex="6">0</Mod>
      <Mod ModIndex="8">0</Mod>
      <Mod ModIndex="11">1</Mod>
      <Mod ModIndex="12">1</Mod>
      <Mod ModIndex="13">0</Mod>
      <Mod ModIndex="15">2</Mod>
      <Mod ModIndex="16">1</Mod>
      <Mod ModIndex="23">38</Mod>
      <Mod ModIndex="29">0</Mod>
      <Mod ModIndex="32">5</Mod>
      <Mod ModIndex="33">15</Mod>
      <Mod ModIndex="39">3</Mod>
      <Mod ModIndex="41">2</Mod>
      <Mod ModIndex="48">2</Mod>
      <Mod ModIndex="50">1</Mod>
      <Mod ModIndex="51">1</Mod>
      <Mod ModIndex="52">0</Mod>
      <Mod ModIndex="54">2</Mod>
      <Mod ModIndex="55">1</Mod>
      <Mod ModIndex="62">38</Mod>
      <ToggleMod ModIndex="18">1</ToggleMod>
      <ToggleMod ModIndex="22">1</ToggleMod>
      <ToggleMod ModIndex="57">1</ToggleMod>
      <ToggleMod ModIndex="61">1</ToggleMod>
    </Mods>
    <Extras>
      <Extra>2</Extra>
    </Extras>
  </Vehicle>
</Data>