<Data>
  <Vehicle>
    <Name>Banshee 900R</Name>
    <Class>Super</Class>
    <Disciplines>
      <Discipline>super</Discipline>
      <Discipline>banshee2</Discipline>
      <Discipline>banshee900r</Discipline>
      <Discipline>street</Discipline>
    </Disciplines>
    <Model>633712403</Model>
    <Livery>4</Livery>
    <Acceleration ModelName="Banshee 900R">0.558</Acceleration>
    <Colors>
      <Primary>54</Primary>
      <Secondary>88</Secondary>
      <Pearl>54</Pearl>
      <Wheel>119</Wheel>
      <Dash>134</Dash>
      <Trim>29</Trim>
    </Colors>
    <WheelType>0</WheelType>
    <Mods>
      <Mod ModIndex="0">3</Mod>
      <Mod ModIndex="3">1</Mod>
      <Mod ModIndex="4">0</Mod>
      <Mod ModIndex="6">1</Mod>
      <Mod ModIndex="7">3</Mod>
      <Mod ModIndex="11">3</Mod>
      <Mod ModIndex="12">2</Mod>
      <Mod ModIndex="13">2</Mod>
      <Mod ModIndex="15">2</Mod>
      <Mod ModIndex="23">43</Mod>
      <Mod ModIndex="29">1</Mod>
      <Mod ModIndex="31">1</Mod>
      <Mod ModIndex="32">5</Mod>
      <Mod ModIndex="33">3</Mod>
      <Mod ModIndex="39">1</Mod>
      <Mod ModIndex="41">9</Mod>
      <Mod ModIndex="48">4</Mod>
      <Mod ModIndex="50">3</Mod>
      <Mod ModIndex="51">2</Mod>
      <Mod ModIndex="52">2</Mod>
      <Mod ModIndex="54">2</Mod>
      <Mod ModIndex="62">43</Mod>
      <ToggleMod ModIndex="18">1</ToggleMod>
      <ToggleMod ModIndex="22">1</ToggleMod>
      <ToggleMod ModIndex="57">1</ToggleMod>
      <ToggleMod ModIndex="61">1</ToggleMod>
    </Mods>
    <Extras>
      <Extra>2</Extra>
    </Extras>
  </Vehicle>
</Data>