<Data>
  <Vehicle>
    <Name>Bati 801RR</Name>
    <Class>Motorcycles</Class>
    <Disciplines>
      <Discipline>motorcycles</Discipline>
      <Discipline>bati2</Discipline>
      <Discipline>bati801rr</Discipline>
    </Disciplines>
    <Model>-891462355</Model>
    <Livery>0</Livery>
    <Acceleration ModelName="Bati 801RR">0.708</Acceleration>
    <Colors>
      <Primary>0</Primary>
      <Secondary>0</Secondary>
      <Pearl>0</Pearl>
      <Wheel>156</Wheel>
      <Dash>0</Dash>
      <Trim>0</Trim>
    </Colors>
    <WheelType>6</WheelType>
    <Mods>
      <Mod ModIndex="11">3</Mod>
      <Mod ModIndex="50">3</Mod>
    </Mods>
    <Extras />
  </Vehicle>
</Data>