<Data>
  <Vehicle>
    <Name>Blista R-X</Name>
    <Class>Sports</Class>
    <Disciplines>
      <Discipline>sports</Discipline>
      <Discipline>blis2gpr</Discipline>
      <Discipline>blistarx</Discipline>
      <Discipline>sponsor</Discipline>
      <Discipline>rally</Discipline>
    </Disciplines>
    <Model>-1499363228</Model>
    <Livery>0</Livery>
    <Acceleration ModelName="Blista R-X">0.7</Acceleration>
    <Colors>
      <Primary>111</Primary>
      <Secondary>28</Secondary>
      <Pearl>0</Pearl>
      <Wheel>111</Wheel>
      <Dash>0</Dash>
      <Trim>0</Trim>
    </Colors>
    <WheelType>0</WheelType>
    <Mods>
      <Mod ModIndex="0">0</Mod>
      <Mod ModIndex="4">0</Mod>
      <Mod ModIndex="5">0</Mod>
      <Mod ModIndex="7">0</Mod>
      <Mod ModIndex="10">0</Mod>
      <Mod ModIndex="48">0</Mod>
      <ToggleMod ModIndex="18">1</ToggleMod>
      <ToggleMod ModIndex="57">1</ToggleMod>
    </Mods>
    <Extras />
  </Vehicle>
</Data>