<Data>
  <Vehicle>
    <Name>Brioso R/A</Name>
    <Class>Compacts</Class>
    <Disciplines>
      <Discipline>compacts</Discipline>
      <Discipline>brioso</Discipline>
      <Discipline>briosora</Discipline>
      <Discipline>sponsor</Discipline>
    </Disciplines>
    <Model>1549126457</Model>
    <Livery>1</Livery>
    <Acceleration ModelName="Brioso R/A">0.378</Acceleration>
    <Colors>
      <Primary>112</Primary>
      <Secondary>53</Secondary>
      <Pearl>147</Pearl>
      <Wheel>92</Wheel>
      <Dash>111</Dash>
      <Trim>111</Trim>
    </Colors>
    <WheelType>5</WheelType>
    <Mods>
      <Mod ModIndex="2">0</Mod>
      <Mod ModIndex="7">0</Mod>
      <Mod ModIndex="11">3</Mod>
      <Mod ModIndex="12">1</Mod>
      <Mod ModIndex="13">2</Mod>
      <Mod ModIndex="48">1</Mod>
      <Mod ModIndex="50">3</Mod>
      <Mod ModIndex="51">1</Mod>
      <Mod ModIndex="52">2</Mod>
      <ToggleMod ModIndex="18">1</ToggleMod>
      <ToggleMod ModIndex="57">1</ToggleMod>
    </Mods>
    <Extras />
  </Vehicle>
</Data>