<Data>
  <Vehicle>
    <Name>Bullet GT</Name>
    <Class>Super</Class>
    <Disciplines>
      <Discipline>super</Discipline>
      <Discipline>bulletgt</Discipline>
      <Discipline>bulletgt</Discipline>
      <Discipline>sponsor</Discipline>
    </Disciplines>
    <Model>2006752251</Model>
    <Livery>10</Livery>
    <Acceleration ModelName="Bullet GT">0.595</Acceleration>
    <Colors>
      <Primary>112</Primary>
      <Secondary>0</Secondary>
      <Pearl>120</Pearl>
      <Wheel>156</Wheel>
      <Dash>0</Dash>
      <Trim>159</Trim>
    </Colors>
    <WheelType>7</WheelType>
    <Mods>
      <Mod ModIndex="0">3</Mod>
      <Mod ModIndex="1">4</Mod>
      <Mod ModIndex="2">0</Mod>
      <Mod ModIndex="3">0</Mod>
      <Mod ModIndex="4">4</Mod>
      <Mod ModIndex="5">0</Mod>
      <Mod ModIndex="10">0</Mod>
      <Mod ModIndex="11">3</Mod>
      <Mod ModIndex="12">2</Mod>
      <Mod ModIndex="13">2</Mod>
      <Mod ModIndex="25">0</Mod>
      <Mod ModIndex="27">2</Mod>
      <Mod ModIndex="43">2</Mod>
      <Mod ModIndex="48">10</Mod>
      <Mod ModIndex="50">3</Mod>
      <Mod ModIndex="51">2</Mod>
      <Mod ModIndex="52">2</Mod>
      <ToggleMod ModIndex="18">1</ToggleMod>
      <ToggleMod ModIndex="57">1</ToggleMod>
    </Mods>
    <Extras>
      <Extra>2</Extra>
    </Extras>
  </Vehicle>
</Data>