<Data>
  <Vehicle>
    <Name>Caracara 4x4</Name>
    <Class>OffRoad</Class>
    <Disciplines>
      <Discipline>offroad</Discipline>
      <Discipline>caracara2</Discipline>
      <Discipline>caracara4x4</Discipline>
      <Discipline>offroad</Discipline>
      <Discipline>raid</Discipline>
    </Disciplines>
    <Model>-1349095620</Model>
    <Livery>-1</Livery>
    <Acceleration ModelName="Caracara 4x4">0.27</Acceleration>
    <Colors>
      <Primary>112</Primary>
      <Secondary>112</Secondary>
      <Pearl>0</Pearl>
      <Wheel>0</Wheel>
      <Dash>156</Dash>
      <Trim>0</Trim>
    </Colors>
    <WheelType>3</WheelType>
    <Mods>
      <Mod ModIndex="0">4</Mod>
      <Mod ModIndex="1">3</Mod>
      <Mod ModIndex="2">1</Mod>
      <Mod ModIndex="4">1</Mod>
      <Mod ModIndex="7">0</Mod>
      <Mod ModIndex="8">1</Mod>
      <Mod ModIndex="10">0</Mod>
    </Mods>
    <Extras />
  </Vehicle>
</Data>