<Data>
  <Vehicle>
    <Name>Caracara 4x4</Name>
    <Class>OffRoad</Class>
    <Disciplines>
      <Discipline>offroad</Discipline>
      <Discipline>cara</Discipline>
      <Discipline>caracara4x4</Discipline>
      <Discipline>sports</Discipline>
      <Discipline>suv</Discipline>
      <Discipline>sponsor</Discipline>
    </Disciplines>
    <Model>-1993175239</Model>
    <Livery>8</Livery>
    <Acceleration ModelName="Caracara 4x4">0.2</Acceleration>
    <Colors>
      <Primary>112</Primary>
      <Secondary>28</Secondary>
      <Pearl>0</Pearl>
      <Wheel>156</Wheel>
      <Dash>0</Dash>
      <Trim>0</Trim>
    </Colors>
    <WheelType>4</WheelType>
    <Mods>
      <Mod ModIndex="0">1</Mod>
      <Mod ModIndex="1">1</Mod>
      <Mod ModIndex="2">0</Mod>
      <Mod ModIndex="4">0</Mod>
      <Mod ModIndex="6">2</Mod>
      <Mod ModIndex="9">0</Mod>
      <Mod ModIndex="48">8</Mod>
    </Mods>
    <Extras>
      <Extra>2</Extra>
    </Extras>
  </Vehicle>
</Data>