<Data>
  <Vehicle>
    <Name>Carbonizzare</Name>
    <Class>Sports</Class>
    <Disciplines>
      <Discipline>sports</Discipline>
      <Discipline>carboniz</Discipline>
      <Discipline>carbonizzare</Discipline>
    </Disciplines>
    <Model>2072687711</Model>
    <Livery>-1</Livery>
    <Acceleration ModelName="Carbonizzare">0.573</Acceleration>
    <Colors>
      <Primary>157</Primary>
      <Secondary>0</Secondary>
      <Pearl>0</Pearl>
      <Wheel>156</Wheel>
      <Dash>0</Dash>
      <Trim>0</Trim>
    </Colors>
    <WheelType>0</WheelType>
    <Mods>
      <Mod ModIndex="0">0</Mod>
      <Mod ModIndex="4">0</Mod>
      <Mod ModIndex="11">3</Mod>
      <Mod ModIndex="12">2</Mod>
      <Mod ModIndex="13">2</Mod>
      <Mod ModIndex="14">44</Mod>
      <Mod ModIndex="15">3</Mod>
      <Mod ModIndex="16">4</Mod>
      <Mod ModIndex="23">34</Mod>
      <Mod ModIndex="50">3</Mod>
      <Mod ModIndex="51">2</Mod>
      <Mod ModIndex="52">2</Mod>
      <Mod ModIndex="53">44</Mod>
      <Mod ModIndex="54">3</Mod>
      <Mod ModIndex="55">4</Mod>
      <Mod ModIndex="62">34</Mod>
      <ToggleMod ModIndex="18">1</ToggleMod>
      <ToggleMod ModIndex="20">1</ToggleMod>
      <ToggleMod ModIndex="57">1</ToggleMod>
      <ToggleMod ModIndex="59">1</ToggleMod>
    </Mods>
    <Extras>
      <Extra>10</Extra>
    </Extras>
  </Vehicle>
</Data>