<Data>
  <Vehicle>
    <Name>Cheburek</Name>
    <Class>SportsClassics</Class>
    <Disciplines>
      <Discipline>sportsclassics</Discipline>
      <Discipline>cheburek</Discipline>
      <Discipline>cheburek</Discipline>
    </Disciplines>
    <Model>-988501280</Model>
    <Livery>-1</Livery>
    <Acceleration ModelName="Cheburek">0.426</Acceleration>
    <Colors>
      <Primary>88</Primary>
      <Secondary>88</Secondary>
      <Pearl>88</Pearl>
      <Wheel>0</Wheel>
      <Dash>156</Dash>
      <Trim>3</Trim>
    </Colors>
    <WheelType>1</WheelType>
    <Mods>
      <Mod ModIndex="1">3</Mod>
      <Mod ModIndex="2">3</Mod>
      <Mod ModIndex="11">3</Mod>
      <Mod ModIndex="12">2</Mod>
      <Mod ModIndex="13">2</Mod>
      <Mod ModIndex="15">2</Mod>
      <Mod ModIndex="23">32</Mod>
      <Mod ModIndex="50">3</Mod>
      <Mod ModIndex="51">2</Mod>
      <Mod ModIndex="52">2</Mod>
      <Mod ModIndex="54">2</Mod>
      <Mod ModIndex="62">32</Mod>
      <ToggleMod ModIndex="18">1</ToggleMod>
      <ToggleMod ModIndex="57">1</ToggleMod>
    </Mods>
    <Extras />
  </Vehicle>
</Data>