<Data>
  <Vehicle>
    <Name>Comet Retro Custom</Name>
    <Class>Sports</Class>
    <Disciplines>
      <Discipline>sports</Discipline>
      <Discipline>comet3</Discipline>
      <Discipline>cometretrocustom</Discipline>
      <Discipline>sponsor</Discipline>
    </Disciplines>
    <Model>-2022483795</Model>
    <Livery>8</Livery>
    <Acceleration ModelName="Comet Retro Custom">0.468</Acceleration>
    <Colors>
      <Primary>89</Primary>
      <Secondary>0</Secondary>
      <Pearl>120</Pearl>
      <Wheel>158</Wheel>
      <Dash>134</Dash>
      <Trim>89</Trim>
    </Colors>
    <WheelType>0</WheelType>
    <Mods>
      <Mod ModIndex="0">3</Mod>
      <Mod ModIndex="1">7</Mod>
      <Mod ModIndex="2">3</Mod>
      <Mod ModIndex="3">4</Mod>
      <Mod ModIndex="4">0</Mod>
      <Mod ModIndex="5">4</Mod>
      <Mod ModIndex="7">0</Mod>
      <Mod ModIndex="8">3</Mod>
      <Mod ModIndex="11">3</Mod>
      <Mod ModIndex="12">2</Mod>
      <Mod ModIndex="13">2</Mod>
      <Mod ModIndex="27">1</Mod>
      <Mod ModIndex="31">2</Mod>
      <Mod ModIndex="32">8</Mod>
      <Mod ModIndex="48">8</Mod>
      <Mod ModIndex="50">3</Mod>
      <Mod ModIndex="51">2</Mod>
      <Mod ModIndex="52">2</Mod>
      <ToggleMod ModIndex="18">1</ToggleMod>
      <ToggleMod ModIndex="57">1</ToggleMod>
    </Mods>
    <Extras />
  </Vehicle>
</Data>