<Data>
  <Vehicle>
    <Name>Comet Retro</Name>
    <Class>Sports</Class>
    <Disciplines>
      <Discipline>sports</Discipline>
      <Discipline>comet6</Discipline>
      <Discipline>cometretro</Discipline>
      <Discipline>classic</Discipline>
      <Discipline>sponsor</Discipline>
    </Disciplines>
    <Model>-1726022652</Model>
    <Livery>8</Livery>
    <Acceleration ModelName="Comet Retro">0.34</Acceleration>
    <Colors>
      <Primary>28</Primary>
      <Secondary>0</Secondary>
      <Pearl>120</Pearl>
      <Wheel>132</Wheel>
      <Dash>0</Dash>
      <Trim>0</Trim>
    </Colors>
    <WheelType>1</WheelType>
    <Mods>
      <Mod ModIndex="23">2</Mod>
      <Mod ModIndex="48">8</Mod>
      <Mod ModIndex="62">2</Mod>
    </Mods>
    <Extras>
      <Extra>1</Extra>
    </Extras>
  </Vehicle>
</Data>