<Data>
  <Vehicle>
    <Name>Comet SR</Name>
    <Class>Sports</Class>
    <Disciplines>
      <Discipline>sports</Discipline>
      <Discipline>comet5</Discipline>
      <Discipline>cometsr</Discipline>
    </Disciplines>
    <Model>661493923</Model>
    <Livery>-1</Livery>
    <Acceleration ModelName="Comet SR">0.533</Acceleration>
    <Colors>
      <Primary>112</Primary>
      <Secondary>111</Secondary>
      <Pearl>0</Pearl>
      <Wheel>90</Wheel>
      <Dash>65</Dash>
      <Trim>93</Trim>
    </Colors>
    <WheelType>7</WheelType>
    <Mods>
      <Mod ModIndex="0">0</Mod>
      <Mod ModIndex="2">0</Mod>
      <Mod ModIndex="3">2</Mod>
      <Mod ModIndex="4">1</Mod>
      <Mod ModIndex="7">1</Mod>
      <Mod ModIndex="8">0</Mod>
      <Mod ModIndex="11">3</Mod>
      <Mod ModIndex="12">2</Mod>
      <Mod ModIndex="13">2</Mod>
      <Mod ModIndex="15">2</Mod>
      <Mod ModIndex="23">9</Mod>
      <Mod ModIndex="50">3</Mod>
      <Mod ModIndex="51">2</Mod>
      <Mod ModIndex="52">2</Mod>
      <Mod ModIndex="54">2</Mod>
      <Mod ModIndex="62">9</Mod>
      <ToggleMod ModIndex="18">1</ToggleMod>
      <ToggleMod ModIndex="57">1</ToggleMod>
    </Mods>
    <Extras />
  </Vehicle>
</Data>