<Data>
  <Vehicle>
    <Name>Coquette BlackFin</Name>
    <Class>Muscle</Class>
    <Disciplines>
      <Discipline>muscle</Discipline>
      <Discipline>coquette3</Discipline>
      <Discipline>coquetteblackfin</Discipline>
    </Disciplines>
    <Model>784565758</Model>
    <Livery>-1</Livery>
    <Acceleration ModelName="Coquette BlackFin">0.381</Acceleration>
    <Colors>
      <Primary>91</Primary>
      <Secondary>91</Secondary>
      <Pearl>91</Pearl>
      <Wheel>156</Wheel>
      <Dash>0</Dash>
      <Trim>0</Trim>
    </Colors>
    <WheelType>2</WheelType>
    <Mods>
      <Mod ModIndex="0">1</Mod>
      <Mod ModIndex="4">1</Mod>
      <Mod ModIndex="11">3</Mod>
      <Mod ModIndex="12">2</Mod>
      <Mod ModIndex="13">2</Mod>
      <Mod ModIndex="15">2</Mod>
      <Mod ModIndex="16">4</Mod>
      <Mod ModIndex="23">15</Mod>
      <Mod ModIndex="50">3</Mod>
      <Mod ModIndex="51">2</Mod>
      <Mod ModIndex="52">2</Mod>
      <Mod ModIndex="54">2</Mod>
      <Mod ModIndex="55">4</Mod>
      <Mod ModIndex="62">15</Mod>
      <ToggleMod ModIndex="18">1</ToggleMod>
      <ToggleMod ModIndex="57">1</ToggleMod>
    </Mods>
    <Extras>
      <Extra>1</Extra>
      <Extra>2</Extra>
    </Extras>
  </Vehicle>
</Data>