<Data>
  <Vehicle>
    <Name>Desert Raid</Name>
    <Class>OffRoad</Class>
    <Disciplines>
      <Discipline>offroad</Discipline>
      <Discipline>trophy2</Discipline>
      <Discipline>desertraid</Discipline>
      <Discipline>raid</Discipline>
    </Disciplines>
    <Model>-663299102</Model>
    <Livery>0</Livery>
    <Acceleration ModelName="Desert Raid">0.238</Acceleration>
    <Colors>
      <Primary>92</Primary>
      <Secondary>0</Secondary>
      <Pearl>147</Pearl>
      <Wheel>112</Wheel>
      <Dash>134</Dash>
      <Trim>5</Trim>
    </Colors>
    <WheelType>4</WheelType>
    <Mods>
      <Mod ModIndex="48">0</Mod>
    </Mods>
    <Extras>
      <Extra>4</Extra>
      <Extra>5</Extra>
    </Extras>
  </Vehicle>
</Data>