<Data>
  <Vehicle>
    <Name>Deveste Eight</Name>
    <Class>Super</Class>
    <Disciplines>
      <Discipline>super</Discipline>
      <Discipline>deveste</Discipline>
      <Discipline>devesteeight</Discipline>
    </Disciplines>
    <Model>1591739866</Model>
    <Livery>0</Livery>
    <Acceleration ModelName="Deveste Eight">0.652</Acceleration>
    <Colors>
      <Primary>71</Primary>
      <Secondary>135</Secondary>
      <Pearl>145</Pearl>
      <Wheel>135</Wheel>
      <Dash>0</Dash>
      <Trim>0</Trim>
    </Colors>
    <WheelType>8</WheelType>
    <Mods>
      <Mod ModIndex="0">5</Mod>
      <Mod ModIndex="1">3</Mod>
      <Mod ModIndex="2">4</Mod>
      <Mod ModIndex="4">3</Mod>
      <Mod ModIndex="5">3</Mod>
      <Mod ModIndex="11">1</Mod>
      <Mod ModIndex="12">2</Mod>
      <Mod ModIndex="13">2</Mod>
      <Mod ModIndex="15">0</Mod>
      <Mod ModIndex="16">1</Mod>
      <Mod ModIndex="23">25</Mod>
      <Mod ModIndex="48">0</Mod>
      <Mod ModIndex="50">1</Mod>
      <Mod ModIndex="51">2</Mod>
      <Mod ModIndex="52">2</Mod>
      <Mod ModIndex="54">0</Mod>
      <Mod ModIndex="55">1</Mod>
      <Mod ModIndex="62">25</Mod>
      <ToggleMod ModIndex="18">1</ToggleMod>
      <ToggleMod ModIndex="57">1</ToggleMod>
    </Mods>
    <Extras />
  </Vehicle>
</Data>