<Data>
  <Vehicle>
    <Name>Dominator Classic</Name>
    <Class>Muscle</Class>
    <Disciplines>
      <Discipline>muscle</Discipline>
      <Discipline>domc</Discipline>
      <Discipline>dominatorclassic</Discipline>
      <Discipline>sponsor</Discipline>
    </Disciplines>
    <Model>-1116818112</Model>
    <Livery>2</Livery>
    <Acceleration ModelName="Dominator Classic">0.428</Acceleration>
    <Colors>
      <Primary>111</Primary>
      <Secondary>156</Secondary>
      <Pearl>0</Pearl>
      <Wheel>156</Wheel>
      <Dash>8</Dash>
      <Trim>8</Trim>
    </Colors>
    <WheelType>1</WheelType>
    <Mods>
      <Mod ModIndex="1">0</Mod>
      <Mod ModIndex="11">3</Mod>
      <Mod ModIndex="12">1</Mod>
      <Mod ModIndex="13">0</Mod>
      <Mod ModIndex="48">2</Mod>
      <Mod ModIndex="50">3</Mod>
      <Mod ModIndex="51">1</Mod>
      <Mod ModIndex="52">0</Mod>
    </Mods>
    <Extras />
  </Vehicle>
</Data>