<Data>
  <Vehicle>
    <Name>Dominator GTX</Name>
    <Class>Muscle</Class>
    <Disciplines>
      <Discipline>muscle</Discipline>
      <Discipline>dominator3</Discipline>
      <Discipline>dominatorgtx</Discipline>
    </Disciplines>
    <Model>-986944621</Model>
    <Livery>-1</Livery>
    <Acceleration ModelName="Dominator GTX">0.456</Acceleration>
    <Colors>
      <Primary>1</Primary>
      <Secondary>1</Secondary>
      <Pearl>4</Pearl>
      <Wheel>0</Wheel>
      <Dash>0</Dash>
      <Trim>0</Trim>
    </Colors>
    <WheelType>0</WheelType>
    <Mods>
      <Mod ModIndex="1">2</Mod>
      <Mod ModIndex="2">2</Mod>
      <Mod ModIndex="3">6</Mod>
      <Mod ModIndex="5">2</Mod>
      <Mod ModIndex="6">3</Mod>
      <Mod ModIndex="7">0</Mod>
      <Mod ModIndex="10">6</Mod>
      <Mod ModIndex="11">3</Mod>
      <Mod ModIndex="12">2</Mod>
      <Mod ModIndex="13">2</Mod>
      <Mod ModIndex="15">1</Mod>
      <Mod ModIndex="23">12</Mod>
      <Mod ModIndex="50">3</Mod>
      <Mod ModIndex="51">2</Mod>
      <Mod ModIndex="52">2</Mod>
      <Mod ModIndex="54">1</Mod>
      <Mod ModIndex="62">12</Mod>
      <ToggleMod ModIndex="18">1</ToggleMod>
      <ToggleMod ModIndex="57">1</ToggleMod>
    </Mods>
    <Extras />
  </Vehicle>
</Data>