<Data>
  <Vehicle>
    <Name>Dominator Classic</Name>
    <Class>Muscle</Class>
    <Disciplines>
      <Discipline>muscle</Discipline>
      <Discipline>domc</Discipline>
      <Discipline>dominatorclassic</Discipline>
      <Discipline>sponsor</Discipline>
    </Disciplines>
    <Model>-1116818112</Model>
    <Livery>2</Livery>
    <Acceleration ModelName="Dominator Classic">0.562</Acceleration>
    <Colors>
      <Primary>111</Primary>
      <Secondary>134</Secondary>
      <Pearl>120</Pearl>
      <Wheel>132</Wheel>
      <Dash>8</Dash>
      <Trim>8</Trim>
    </Colors>
    <WheelType>1</WheelType>
    <Mods>
      <Mod ModIndex="1">0</Mod>
      <Mod ModIndex="11">3</Mod>
      <Mod ModIndex="12">2</Mod>
      <Mod ModIndex="13">2</Mod>
      <Mod ModIndex="48">2</Mod>
      <Mod ModIndex="50">3</Mod>
      <Mod ModIndex="51">2</Mod>
      <Mod ModIndex="52">2</Mod>
      <ToggleMod ModIndex="18">1</ToggleMod>
      <ToggleMod ModIndex="57">1</ToggleMod>
    </Mods>
    <Extras>
      <Extra>10</Extra>
    </Extras>
  </Vehicle>
</Data>