<Data>
  <Vehicle>
    <Name>Dominator GTX</Name>
    <Class>Muscle</Class>
    <Disciplines>
      <Discipline>muscle</Discipline>
      <Discipline>dominator3</Discipline>
      <Discipline>dominatorgtx</Discipline>
      <Discipline>street</Discipline>
    </Disciplines>
    <Model>-986944621</Model>
    <Livery>-1</Livery>
    <Acceleration ModelName="Dominator GTX">0.456</Acceleration>
    <Colors>
      <Primary>50</Primary>
      <Secondary>50</Secondary>
      <Pearl>53</Pearl>
      <Wheel>0</Wheel>
      <Dash>0</Dash>
      <Trim>0</Trim>
    </Colors>
    <WheelType>0</WheelType>
    <Mods>
      <Mod ModIndex="0">3</Mod>
      <Mod ModIndex="5">4</Mod>
      <Mod ModIndex="6">4</Mod>
      <Mod ModIndex="7">4</Mod>
      <Mod ModIndex="10">16</Mod>
      <Mod ModIndex="11">3</Mod>
      <Mod ModIndex="12">2</Mod>
      <Mod ModIndex="13">2</Mod>
      <Mod ModIndex="15">3</Mod>
      <Mod ModIndex="23">7</Mod>
      <Mod ModIndex="50">3</Mod>
      <Mod ModIndex="51">2</Mod>
      <Mod ModIndex="52">2</Mod>
      <Mod ModIndex="54">3</Mod>
      <Mod ModIndex="62">7</Mod>
      <ToggleMod ModIndex="18">1</ToggleMod>
      <ToggleMod ModIndex="57">1</ToggleMod>
    </Mods>
    <Extras />
  </Vehicle>
</Data>