<Data>
  <Vehicle>
    <Name>Elegy Retro Custom</Name>
    <Class>Sports</Class>
    <Disciplines>
      <Discipline>sports</Discipline>
      <Discipline>elegy</Discipline>
      <Discipline>elegyretrocustom</Discipline>
      <Discipline>sponsor</Discipline>
    </Disciplines>
    <Model>196747873</Model>
    <Livery>8</Livery>
    <Acceleration ModelName="Elegy Retro Custom">0.475</Acceleration>
    <Colors>
      <Primary>134</Primary>
      <Secondary>134</Secondary>
      <Pearl>134</Pearl>
      <Wheel>122</Wheel>
      <Dash>134</Dash>
      <Trim>3</Trim>
    </Colors>
    <WheelType>5</WheelType>
    <Mods>
      <Mod ModIndex="0">9</Mod>
      <Mod ModIndex="1">1</Mod>
      <Mod ModIndex="4">1</Mod>
      <Mod ModIndex="5">0</Mod>
      <Mod ModIndex="7">3</Mod>
      <Mod ModIndex="8">0</Mod>
      <Mod ModIndex="11">3</Mod>
      <Mod ModIndex="12">2</Mod>
      <Mod ModIndex="13">2</Mod>
      <Mod ModIndex="15">3</Mod>
      <Mod ModIndex="23">9</Mod>
      <Mod ModIndex="25">0</Mod>
      <Mod ModIndex="26">2</Mod>
      <Mod ModIndex="27">0</Mod>
      <Mod ModIndex="29">0</Mod>
      <Mod ModIndex="30">0</Mod>
      <Mod ModIndex="31">2</Mod>
      <Mod ModIndex="32">2</Mod>
      <Mod ModIndex="33">9</Mod>
      <Mod ModIndex="40">4</Mod>
      <Mod ModIndex="41">3</Mod>
      <Mod ModIndex="43">2</Mod>
      <Mod ModIndex="45">1</Mod>
      <Mod ModIndex="48">8</Mod>
      <Mod ModIndex="50">3</Mod>
      <Mod ModIndex="51">2</Mod>
      <Mod ModIndex="52">2</Mod>
      <Mod ModIndex="54">3</Mod>
      <Mod ModIndex="62">9</Mod>
      <ToggleMod ModIndex="18">1</ToggleMod>
      <ToggleMod ModIndex="57">1</ToggleMod>
    </Mods>
    <Extras />
  </Vehicle>
</Data>