<Data>
  <Vehicle>
    <Name>Elegy RH5</Name>
    <Class>Sports</Class>
    <Disciplines>
      <Discipline>sports</Discipline>
      <Discipline>elegy6</Discipline>
      <Discipline>elegyrh5</Discipline>
      <Discipline>sponsor</Discipline>
    </Disciplines>
    <Model>30630985</Model>
    <Livery>22</Livery>
    <Acceleration ModelName="Elegy RH5">0.536</Acceleration>
    <Colors>
      <Primary>112</Primary>
      <Secondary>112</Secondary>
      <Pearl>120</Pearl>
      <Wheel>3</Wheel>
      <Dash>112</Dash>
      <Trim>8</Trim>
    </Colors>
    <WheelType>0</WheelType>
    <Mods>
      <Mod ModIndex="1">14</Mod>
      <Mod ModIndex="2">3</Mod>
      <Mod ModIndex="5">6</Mod>
      <Mod ModIndex="11">3</Mod>
      <Mod ModIndex="12">2</Mod>
      <Mod ModIndex="13">2</Mod>
      <Mod ModIndex="15">3</Mod>
      <Mod ModIndex="48">22</Mod>
      <Mod ModIndex="50">3</Mod>
      <Mod ModIndex="51">2</Mod>
      <Mod ModIndex="52">2</Mod>
      <Mod ModIndex="54">3</Mod>
      <ToggleMod ModIndex="18">1</ToggleMod>
      <ToggleMod ModIndex="57">1</ToggleMod>
    </Mods>
    <Extras />
  </Vehicle>
</Data>