<Data>
  <Vehicle>
    <Name>Elegy Retro Custom</Name>
    <Class>Sports</Class>
    <Disciplines>
      <Discipline>sports</Discipline>
      <Discipline>elegy</Discipline>
      <Discipline>elegyretrocustom</Discipline>
      <Discipline>sponsor</Discipline>
    </Disciplines>
    <Model>196747873</Model>
    <Livery>8</Livery>
    <Acceleration ModelName="Elegy Retro Custom">0.475</Acceleration>
    <Colors>
      <Primary>89</Primary>
      <Secondary>89</Secondary>
      <Pearl>88</Pearl>
      <Wheel>122</Wheel>
      <Dash>112</Dash>
      <Trim>63</Trim>
    </Colors>
    <WheelType>5</WheelType>
    <Mods>
      <Mod ModIndex="0">6</Mod>
      <Mod ModIndex="4">2</Mod>
      <Mod ModIndex="5">4</Mod>
      <Mod ModIndex="7">1</Mod>
      <Mod ModIndex="8">0</Mod>
      <Mod ModIndex="11">3</Mod>
      <Mod ModIndex="12">2</Mod>
      <Mod ModIndex="13">2</Mod>
      <Mod ModIndex="15">3</Mod>
      <Mod ModIndex="23">14</Mod>
      <Mod ModIndex="25">0</Mod>
      <Mod ModIndex="26">2</Mod>
      <Mod ModIndex="29">1</Mod>
      <Mod ModIndex="31">2</Mod>
      <Mod ModIndex="32">6</Mod>
      <Mod ModIndex="33">9</Mod>
      <Mod ModIndex="39">3</Mod>
      <Mod ModIndex="40">4</Mod>
      <Mod ModIndex="41">5</Mod>
      <Mod ModIndex="42">3</Mod>
      <Mod ModIndex="44">0</Mod>
      <Mod ModIndex="45">4</Mod>
      <Mod ModIndex="48">8</Mod>
      <Mod ModIndex="50">3</Mod>
      <Mod ModIndex="51">2</Mod>
      <Mod ModIndex="52">2</Mod>
      <Mod ModIndex="54">3</Mod>
      <Mod ModIndex="62">14</Mod>
      <ToggleMod ModIndex="18">1</ToggleMod>
      <ToggleMod ModIndex="57">1</ToggleMod>
    </Mods>
    <Extras />
  </Vehicle>
</Data>