<Data>
  <Vehicle>
    <Name>Ellie</Name>
    <Class>Muscle</Class>
    <Disciplines>
      <Discipline>muscle</Discipline>
      <Discipline>ellie</Discipline>
      <Discipline>ellie</Discipline>
    </Disciplines>
    <Model>-1267543371</Model>
    <Livery>-1</Livery>
    <Acceleration ModelName="Ellie">0.173</Acceleration>
    <Colors>
      <Primary>27</Primary>
      <Secondary>111</Secondary>
      <Pearl>5</Pearl>
      <Wheel>156</Wheel>
      <Dash>0</Dash>
      <Trim>1</Trim>
    </Colors>
    <WheelType>1</WheelType>
    <Mods />
    <Extras />
  </Vehicle>
</Data>