<Data>
  <Vehicle>
    <Name>Ellie</Name>
    <Class>Muscle</Class>
    <Disciplines>
      <Discipline>muscle</Discipline>
      <Discipline>ellie</Discipline>
      <Discipline>ellie</Discipline>
    </Disciplines>
    <Model>-1267543371</Model>
    <Livery>1</Livery>
    <Acceleration ModelName="Ellie">0.175</Acceleration>
    <Colors>
      <Primary>62</Primary>
      <Secondary>111</Secondary>
      <Pearl>68</Pearl>
      <Wheel>156</Wheel>
      <Dash>0</Dash>
      <Trim>1</Trim>
    </Colors>
    <WheelType>1</WheelType>
    <Mods>
      <Mod ModIndex="4">1</Mod>
      <Mod ModIndex="10">0</Mod>
      <Mod ModIndex="15">2</Mod>
      <Mod ModIndex="23">28</Mod>
      <Mod ModIndex="48">1</Mod>
      <Mod ModIndex="54">2</Mod>
      <Mod ModIndex="62">28</Mod>
      <ToggleMod ModIndex="22">1</ToggleMod>
      <ToggleMod ModIndex="61">1</ToggleMod>
    </Mods>
    <Extras />
  </Vehicle>
</Data>