<Data>
  <Vehicle>
    <Name>Ensenada</Name>
    <Class>OffRoad</Class>
    <Disciplines>
      <Discipline>offroad</Discipline>
      <Discipline>ensenada</Discipline>
      <Discipline>ensenada</Discipline>
      <Discipline>raid</Discipline>
      <Discipline>sponsor</Discipline>
    </Disciplines>
    <Model>71549176</Model>
    <Livery>2</Livery>
    <Acceleration ModelName="Ensenada">0.4</Acceleration>
    <Colors>
      <Primary>27</Primary>
      <Secondary>22</Secondary>
      <Pearl>0</Pearl>
      <Wheel>92</Wheel>
      <Dash>111</Dash>
      <Trim>42</Trim>
    </Colors>
    <WheelType>4</WheelType>
    <Mods>
      <Mod ModIndex="48">2</Mod>
    </Mods>
    <Extras />
  </Vehicle>
</Data>