<Data>
  <Vehicle>
    <Name>Entity XF</Name>
    <Class>Super</Class>
    <Disciplines>
      <Discipline>super</Discipline>
      <Discipline>entityxf</Discipline>
      <Discipline>entityxf</Discipline>
    </Disciplines>
    <Model>-1291952903</Model>
    <Livery>-1</Livery>
    <Acceleration ModelName="Entity XF">0.489</Acceleration>
    <Colors>
      <Primary>43</Primary>
      <Secondary>111</Secondary>
      <Pearl>134</Pearl>
      <Wheel>0</Wheel>
      <Dash>0</Dash>
      <Trim>0</Trim>
    </Colors>
    <WheelType>7</WheelType>
    <Mods>
      <Mod ModIndex="2">0</Mod>
      <Mod ModIndex="4">0</Mod>
      <Mod ModIndex="5">0</Mod>
      <Mod ModIndex="11">3</Mod>
      <Mod ModIndex="12">2</Mod>
      <Mod ModIndex="13">2</Mod>
      <Mod ModIndex="15">3</Mod>
      <Mod ModIndex="16">4</Mod>
      <Mod ModIndex="23">26</Mod>
      <Mod ModIndex="50">3</Mod>
      <Mod ModIndex="51">2</Mod>
      <Mod ModIndex="52">2</Mod>
      <Mod ModIndex="54">3</Mod>
      <Mod ModIndex="55">4</Mod>
      <Mod ModIndex="62">26</Mod>
      <ToggleMod ModIndex="18">1</ToggleMod>
      <ToggleMod ModIndex="20">1</ToggleMod>
      <ToggleMod ModIndex="57">1</ToggleMod>
      <ToggleMod ModIndex="59">1</ToggleMod>
    </Mods>
    <Extras />
  </Vehicle>
</Data>