<Data>
  <Vehicle>
    <Name>Euros</Name>
    <Class>Coupes</Class>
    <Disciplines>
      <Discipline>coupes</Discipline>
      <Discipline>euros</Discipline>
      <Discipline>euros</Discipline>
      <Discipline>sponsor</Discipline>
    </Disciplines>
    <Model>2038480341</Model>
    <Livery>0</Livery>
    <Acceleration ModelName="Euros">0.503</Acceleration>
    <Colors>
      <Primary>64</Primary>
      <Secondary>66</Secondary>
      <Pearl>68</Pearl>
      <Wheel>156</Wheel>
      <Dash>0</Dash>
      <Trim>0</Trim>
    </Colors>
    <WheelType>0</WheelType>
    <Mods>
      <Mod ModIndex="0">11</Mod>
      <Mod ModIndex="1">1</Mod>
      <Mod ModIndex="2">1</Mod>
      <Mod ModIndex="4">8</Mod>
      <Mod ModIndex="5">0</Mod>
      <Mod ModIndex="6">0</Mod>
      <Mod ModIndex="8">2</Mod>
      <Mod ModIndex="9">1</Mod>
      <Mod ModIndex="10">1</Mod>
      <Mod ModIndex="11">3</Mod>
      <Mod ModIndex="12">0</Mod>
      <Mod ModIndex="13">1</Mod>
      <Mod ModIndex="48">0</Mod>
      <Mod ModIndex="50">3</Mod>
      <Mod ModIndex="51">0</Mod>
      <Mod ModIndex="52">1</Mod>
      <ToggleMod ModIndex="18">1</ToggleMod>
      <ToggleMod ModIndex="57">1</ToggleMod>
    </Mods>
    <Extras />
  </Vehicle>
</Data>