<Data>
  <Vehicle>
    <Name>Feroci Custom</Name>
    <Class>Sedans</Class>
    <Disciplines>
      <Discipline>sedans</Discipline>
      <Discipline>ferocid</Discipline>
      <Discipline>ferocicustom</Discipline>
      <Discipline>sponsor</Discipline>
    </Disciplines>
    <Model>101871091</Model>
    <Livery>8</Livery>
    <Acceleration ModelName="Feroci Custom">0.408</Acceleration>
    <Colors>
      <Primary>70</Primary>
      <Secondary>13</Secondary>
      <Pearl>0</Pearl>
      <Wheel>156</Wheel>
      <Dash>0</Dash>
      <Trim>0</Trim>
    </Colors>
    <WheelType>5</WheelType>
    <Mods>
      <Mod ModIndex="0">9</Mod>
      <Mod ModIndex="1">5</Mod>
      <Mod ModIndex="2">9</Mod>
      <Mod ModIndex="3">1</Mod>
      <Mod ModIndex="4">0</Mod>
      <Mod ModIndex="5">0</Mod>
      <Mod ModIndex="6">7</Mod>
      <Mod ModIndex="7">2</Mod>
      <Mod ModIndex="13">0</Mod>
      <Mod ModIndex="48">8</Mod>
      <Mod ModIndex="52">0</Mod>
      <ToggleMod ModIndex="18">1</ToggleMod>
      <ToggleMod ModIndex="57">1</ToggleMod>
    </Mods>
    <Extras />
  </Vehicle>
</Data>