<Data>
  <Vehicle>
    <Name>Fugitive V8 Super Circuit</Name>
    <Class>Super</Class>
    <Disciplines>
      <Discipline>super</Discipline>
      <Discipline>fugitive3</Discipline>
      <Discipline>fugitivev8supercircuit</Discipline>
    </Disciplines>
    <Model>1145847700</Model>
    <Livery>18</Livery>
    <Acceleration ModelName="Fugitive V8 Super Circuit">0.39</Acceleration>
    <Colors>
      <Primary>111</Primary>
      <Secondary>0</Secondary>
      <Pearl>0</Pearl>
      <Wheel>156</Wheel>
      <Dash>111</Dash>
      <Trim>8</Trim>
    </Colors>
    <WheelType>0</WheelType>
    <Mods>
      <Mod ModIndex="48">18</Mod>
    </Mods>
    <Extras />
  </Vehicle>
</Data>