<Data>
  <Vehicle>
    <Name>Futo JTCC</Name>
    <Class>Sports</Class>
    <Disciplines>
      <Discipline>sports</Discipline>
      <Discipline>futo3</Discipline>
      <Discipline>futojtcc</Discipline>
      <Discipline>rally</Discipline>
      <Discipline>sponsor</Discipline>
    </Disciplines>
    <Model>-1871228572</Model>
    <Livery>9</Livery>
    <Acceleration ModelName="Futo JTCC">0.29</Acceleration>
    <Colors>
      <Primary>112</Primary>
      <Secondary>111</Secondary>
      <Pearl>0</Pearl>
      <Wheel>156</Wheel>
      <Dash>0</Dash>
      <Trim>0</Trim>
    </Colors>
    <WheelType>5</WheelType>
    <Mods />
    <Extras>
      <Extra>1</Extra>
    </Extras>
  </Vehicle>
</Data>