<Data>
  <Vehicle>
    <Name>Futo JTCC</Name>
    <Class>Sports</Class>
    <Disciplines>
      <Discipline>sports</Discipline>
      <Discipline>futo3</Discipline>
      <Discipline>futojtcc</Discipline>
      <Discipline>sponsor</Discipline>
    </Disciplines>
    <Model>-1871228572</Model>
    <Livery>2</Livery>
    <Acceleration ModelName="Futo JTCC">0.29</Acceleration>
    <Colors>
      <Primary>64</Primary>
      <Secondary>9</Secondary>
      <Pearl>0</Pearl>
      <Wheel>156</Wheel>
      <Dash>0</Dash>
      <Trim>0</Trim>
    </Colors>
    <WheelType>5</WheelType>
    <Mods />
    <Extras />
  </Vehicle>
</Data>