<Data>
  <Vehicle>
    <Name>Futo JTCC</Name>
    <Class>Sports</Class>
    <Disciplines>
      <Discipline>sports</Discipline>
      <Discipline>futo3</Discipline>
      <Discipline>futojtcc</Discipline>
      <Discipline>sponsor</Discipline>
    </Disciplines>
    <Model>-1871228572</Model>
    <Livery>8</Livery>
    <Acceleration ModelName="Futo JTCC">0.407</Acceleration>
    <Colors>
      <Primary>54</Primary>
      <Secondary>5</Secondary>
      <Pearl>60</Pearl>
      <Wheel>156</Wheel>
      <Dash>0</Dash>
      <Trim>0</Trim>
    </Colors>
    <WheelType>5</WheelType>
    <Mods>
      <Mod ModIndex="11">3</Mod>
      <Mod ModIndex="12">2</Mod>
      <Mod ModIndex="13">2</Mod>
      <Mod ModIndex="15">3</Mod>
      <Mod ModIndex="50">3</Mod>
      <Mod ModIndex="51">2</Mod>
      <Mod ModIndex="52">2</Mod>
      <Mod ModIndex="54">3</Mod>
    </Mods>
    <Extras>
      <Extra>1</Extra>
    </Extras>
  </Vehicle>
</Data>