<Data>
  <Vehicle>
    <Name>Gauntlet Hellfire</Name>
    <Class>Muscle</Class>
    <Disciplines>
      <Discipline>muscle</Discipline>
      <Discipline>gauntlet4</Discipline>
      <Discipline>gauntlethellfire</Discipline>
      <Discipline>street</Discipline>
    </Disciplines>
    <Model>1934384720</Model>
    <Livery>1</Livery>
    <Acceleration ModelName="Gauntlet Hellfire">0.826</Acceleration>
    <Colors>
      <Primary>112</Primary>
      <Secondary>111</Secondary>
      <Pearl>0</Pearl>
      <Wheel>0</Wheel>
      <Dash>0</Dash>
      <Trim>2</Trim>
    </Colors>
    <WheelType>1</WheelType>
    <Mods>
      <Mod ModIndex="0">4</Mod>
      <Mod ModIndex="1">2</Mod>
      <Mod ModIndex="2">0</Mod>
      <Mod ModIndex="4">3</Mod>
      <Mod ModIndex="5">5</Mod>
      <Mod ModIndex="6">0</Mod>
      <Mod ModIndex="7">7</Mod>
      <Mod ModIndex="8">4</Mod>
      <Mod ModIndex="9">7</Mod>
      <Mod ModIndex="11">3</Mod>
      <Mod ModIndex="12">2</Mod>
      <Mod ModIndex="13">2</Mod>
      <Mod ModIndex="15">3</Mod>
      <Mod ModIndex="23">11</Mod>
      <Mod ModIndex="48">1</Mod>
      <Mod ModIndex="50">3</Mod>
      <Mod ModIndex="51">2</Mod>
      <Mod ModIndex="52">2</Mod>
      <Mod ModIndex="54">3</Mod>
      <Mod ModIndex="62">11</Mod>
      <ToggleMod ModIndex="18">1</ToggleMod>
      <ToggleMod ModIndex="57">1</ToggleMod>
    </Mods>
    <Extras />
  </Vehicle>
</Data>