<Data>
  <Vehicle>
    <Name>GB200</Name>
    <Class>Sports</Class>
    <Disciplines>
      <Discipline>sports</Discipline>
      <Discipline>gb200</Discipline>
      <Discipline>gb200</Discipline>
      <Discipline>street</Discipline>
    </Disciplines>
    <Model>1909189272</Model>
    <Livery>-1</Livery>
    <Acceleration ModelName="GB200">0.543</Acceleration>
    <Colors>
      <Primary>111</Primary>
      <Secondary>12</Secondary>
      <Pearl>0</Pearl>
      <Wheel>37</Wheel>
      <Dash>134</Dash>
      <Trim>27</Trim>
    </Colors>
    <WheelType>0</WheelType>
    <Mods>
      <Mod ModIndex="0">0</Mod>
      <Mod ModIndex="1">1</Mod>
      <Mod ModIndex="3">0</Mod>
      <Mod ModIndex="4">0</Mod>
      <Mod ModIndex="6">0</Mod>
      <Mod ModIndex="7">5</Mod>
      <Mod ModIndex="8">0</Mod>
      <Mod ModIndex="11">3</Mod>
      <Mod ModIndex="12">2</Mod>
      <Mod ModIndex="13">2</Mod>
      <Mod ModIndex="15">4</Mod>
      <Mod ModIndex="23">23</Mod>
      <Mod ModIndex="50">3</Mod>
      <Mod ModIndex="51">2</Mod>
      <Mod ModIndex="52">2</Mod>
      <Mod ModIndex="54">4</Mod>
      <Mod ModIndex="62">23</Mod>
      <ToggleMod ModIndex="18">1</ToggleMod>
      <ToggleMod ModIndex="57">1</ToggleMod>
    </Mods>
    <Extras />
  </Vehicle>
</Data>