<Data>
  <Vehicle>
    <Name>Go Go Monkey Blista</Name>
    <Class>Sports</Class>
    <Disciplines>
      <Discipline>sports</Discipline>
      <Discipline>blista3</Discipline>
      <Discipline>gogomonkeyblista</Discipline>
      <Discipline>sponsor</Discipline>
    </Disciplines>
    <Model>-591651781</Model>
    <Livery>-1</Livery>
    <Acceleration ModelName="Go Go Monkey Blista">0.231</Acceleration>
    <Colors>
      <Primary>134</Primary>
      <Secondary>134</Secondary>
      <Pearl>134</Pearl>
      <Wheel>126</Wheel>
      <Dash>0</Dash>
      <Trim>0</Trim>
    </Colors>
    <WheelType>5</WheelType>
    <Mods />
    <Extras />
  </Vehicle>
</Data>