<Data>
  <Vehicle>
    <Name>GP1</Name>
    <Class>Super</Class>
    <Disciplines>
      <Discipline>super</Discipline>
      <Discipline>gp1</Discipline>
      <Discipline>gp1</Discipline>
    </Disciplines>
    <Model>1234311532</Model>
    <Livery>-1</Livery>
    <Acceleration ModelName="GP1">0.37</Acceleration>
    <Colors>
      <Primary>2</Primary>
      <Secondary>36</Secondary>
      <Pearl>111</Pearl>
      <Wheel>38</Wheel>
      <Dash>0</Dash>
      <Trim>41</Trim>
    </Colors>
    <WheelType>7</WheelType>
    <Mods />
    <Extras />
  </Vehicle>
</Data>