<Data>
  <Vehicle>
    <Name>Habanero</Name>
    <Class>SUVs</Class>
    <Disciplines>
      <Discipline>suvs</Discipline>
      <Discipline>habanero</Discipline>
      <Discipline>habanero</Discipline>
      <Discipline>street</Discipline>
    </Disciplines>
    <Model>884422927</Model>
    <Livery>-1</Livery>
    <Acceleration ModelName="Habanero">0.326</Acceleration>
    <Colors>
      <Primary>112</Primary>
      <Secondary>112</Secondary>
      <Pearl>0</Pearl>
      <Wheel>156</Wheel>
      <Dash>0</Dash>
      <Trim>0</Trim>
    </Colors>
    <WheelType>3</WheelType>
    <Mods>
      <Mod ModIndex="11">3</Mod>
      <Mod ModIndex="12">2</Mod>
      <Mod ModIndex="13">2</Mod>
      <Mod ModIndex="50">3</Mod>
      <Mod ModIndex="51">2</Mod>
      <Mod ModIndex="52">2</Mod>
      <ToggleMod ModIndex="18">1</ToggleMod>
      <ToggleMod ModIndex="57">1</ToggleMod>
    </Mods>
    <Extras />
  </Vehicle>
</Data>