<Data>
  <Vehicle>
    <Name>Hot Rod Blazer</Name>
    <Class>OffRoad</Class>
    <Disciplines>
      <Discipline>offroad</Discipline>
      <Discipline>blazer03</Discipline>
      <Discipline>hotrodblazer</Discipline>
      <Discipline>quad</Discipline>
    </Disciplines>
    <Model>-1269889662</Model>
    <Livery>-1</Livery>
    <Acceleration ModelName="Hot Rod Blazer">0.25</Acceleration>
    <Colors>
      <Primary>0</Primary>
      <Secondary>0</Secondary>
      <Pearl>0</Pearl>
      <Wheel>0</Wheel>
      <Dash>0</Dash>
      <Trim>0</Trim>
    </Colors>
    <WheelType>4</WheelType>
    <Mods />
    <Extras />
  </Vehicle>
</Data>