<Data>
  <Vehicle>
    <Name>Hotknife</Name>
    <Class>Muscle</Class>
    <Disciplines>
      <Discipline>muscle</Discipline>
      <Discipline>hotknife</Discipline>
      <Discipline>hotknife</Discipline>
    </Disciplines>
    <Model>37348240</Model>
    <Livery>-1</Livery>
    <Acceleration ModelName="Hotknife">0.441</Acceleration>
    <Colors>
      <Primary>27</Primary>
      <Secondary>27</Secondary>
      <Pearl>0</Pearl>
      <Wheel>0</Wheel>
      <Dash>0</Dash>
      <Trim>0</Trim>
    </Colors>
    <WheelType>8</WheelType>
    <Mods>
      <Mod ModIndex="11">3</Mod>
      <Mod ModIndex="12">2</Mod>
      <Mod ModIndex="13">2</Mod>
      <Mod ModIndex="15">3</Mod>
      <Mod ModIndex="23">9</Mod>
      <Mod ModIndex="50">3</Mod>
      <Mod ModIndex="51">2</Mod>
      <Mod ModIndex="52">2</Mod>
      <Mod ModIndex="54">3</Mod>
      <Mod ModIndex="62">9</Mod>
      <ToggleMod ModIndex="18">1</ToggleMod>
      <ToggleMod ModIndex="57">1</ToggleMod>
    </Mods>
    <Extras>
      <Extra>1</Extra>
      <Extra>2</Extra>
    </Extras>
  </Vehicle>
</Data>