<Data>
  <Vehicle>
    <Name>Itali GTB Custom</Name>
    <Class>Super</Class>
    <Disciplines>
      <Discipline>super</Discipline>
      <Discipline>italigtb2</Discipline>
      <Discipline>italigtbcustom</Discipline>
      <Discipline>sponsor</Discipline>
    </Disciplines>
    <Model>-482719877</Model>
    <Livery>4</Livery>
    <Acceleration ModelName="Itali GTB Custom">0.61</Acceleration>
    <Colors>
      <Primary>88</Primary>
      <Secondary>88</Secondary>
      <Pearl>88</Pearl>
      <Wheel>0</Wheel>
      <Dash>112</Dash>
      <Trim>3</Trim>
    </Colors>
    <WheelType>5</WheelType>
    <Mods>
      <Mod ModIndex="0">2</Mod>
      <Mod ModIndex="1">16</Mod>
      <Mod ModIndex="2">1</Mod>
      <Mod ModIndex="3">0</Mod>
      <Mod ModIndex="4">3</Mod>
      <Mod ModIndex="5">2</Mod>
      <Mod ModIndex="7">9</Mod>
      <Mod ModIndex="8">0</Mod>
      <Mod ModIndex="9">0</Mod>
      <Mod ModIndex="10">0</Mod>
      <Mod ModIndex="11">3</Mod>
      <Mod ModIndex="12">2</Mod>
      <Mod ModIndex="13">2</Mod>
      <Mod ModIndex="23">23</Mod>
      <Mod ModIndex="29">2</Mod>
      <Mod ModIndex="30">4</Mod>
      <Mod ModIndex="31">1</Mod>
      <Mod ModIndex="32">4</Mod>
      <Mod ModIndex="33">12</Mod>
      <Mod ModIndex="43">0</Mod>
      <Mod ModIndex="48">4</Mod>
      <Mod ModIndex="50">3</Mod>
      <Mod ModIndex="51">2</Mod>
      <Mod ModIndex="52">2</Mod>
      <Mod ModIndex="62">23</Mod>
      <ToggleMod ModIndex="18">1</ToggleMod>
      <ToggleMod ModIndex="22">1</ToggleMod>
      <ToggleMod ModIndex="57">1</ToggleMod>
      <ToggleMod ModIndex="61">1</ToggleMod>
    </Mods>
    <Extras />
  </Vehicle>
</Data>