<Data>
  <Vehicle>
    <Name>Itali GTO</Name>
    <Class>Sports</Class>
    <Disciplines>
      <Discipline>sports</Discipline>
      <Discipline>italigto</Discipline>
      <Discipline>italigto</Discipline>
    </Disciplines>
    <Model>-331467772</Model>
    <Livery>-1</Livery>
    <Acceleration ModelName="Itali GTO">0.564</Acceleration>
    <Colors>
      <Primary>88</Primary>
      <Secondary>88</Secondary>
      <Pearl>88</Pearl>
      <Wheel>111</Wheel>
      <Dash>0</Dash>
      <Trim>8</Trim>
    </Colors>
    <WheelType>0</WheelType>
    <Mods>
      <Mod ModIndex="0">0</Mod>
      <Mod ModIndex="4">0</Mod>
      <Mod ModIndex="7">3</Mod>
      <Mod ModIndex="8">0</Mod>
      <Mod ModIndex="11">3</Mod>
      <Mod ModIndex="12">2</Mod>
      <Mod ModIndex="13">3</Mod>
      <Mod ModIndex="15">4</Mod>
      <Mod ModIndex="23">37</Mod>
      <Mod ModIndex="50">3</Mod>
      <Mod ModIndex="51">2</Mod>
      <Mod ModIndex="52">3</Mod>
      <Mod ModIndex="54">4</Mod>
      <Mod ModIndex="62">37</Mod>
      <ToggleMod ModIndex="18">1</ToggleMod>
      <ToggleMod ModIndex="57">1</ToggleMod>
    </Mods>
    <Extras />
  </Vehicle>
</Data>