<Data>
  <Vehicle>
    <Name>Itali GTB</Name>
    <Class>Super</Class>
    <Disciplines>
      <Discipline>super</Discipline>
      <Discipline>italigtb</Discipline>
      <Discipline>italigtb</Discipline>
      <Discipline>street</Discipline>
    </Disciplines>
    <Model>-2048333973</Model>
    <Livery>-1</Livery>
    <Acceleration ModelName="Itali GTB">0.478</Acceleration>
    <Colors>
      <Primary>35</Primary>
      <Secondary>35</Secondary>
      <Pearl>28</Pearl>
      <Wheel>12</Wheel>
      <Dash>0</Dash>
      <Trim>0</Trim>
    </Colors>
    <WheelType>0</WheelType>
    <Mods>
      <Mod ModIndex="2">5</Mod>
      <Mod ModIndex="3">2</Mod>
      <Mod ModIndex="4">0</Mod>
      <Mod ModIndex="7">6</Mod>
      <Mod ModIndex="10">0</Mod>
      <Mod ModIndex="11">3</Mod>
      <Mod ModIndex="12">2</Mod>
      <Mod ModIndex="13">2</Mod>
      <Mod ModIndex="23">9</Mod>
      <Mod ModIndex="50">3</Mod>
      <Mod ModIndex="51">2</Mod>
      <Mod ModIndex="52">2</Mod>
      <Mod ModIndex="62">9</Mod>
      <ToggleMod ModIndex="18">1</ToggleMod>
      <ToggleMod ModIndex="57">1</ToggleMod>
    </Mods>
    <Extras />
  </Vehicle>
</Data>