<Data>
  <Vehicle>
    <Name>Jester Classic</Name>
    <Class>Sports</Class>
    <Disciplines>
      <Discipline>sports</Discipline>
      <Discipline>jester3</Discipline>
      <Discipline>jesterclassic</Discipline>
      <Discipline>sponsor</Discipline>
    </Disciplines>
    <Model>-214906006</Model>
    <Livery>3</Livery>
    <Acceleration ModelName="Jester Classic">0.504</Acceleration>
    <Colors>
      <Primary>88</Primary>
      <Secondary>88</Secondary>
      <Pearl>88</Pearl>
      <Wheel>2</Wheel>
      <Dash>89</Dash>
      <Trim>7</Trim>
    </Colors>
    <WheelType>0</WheelType>
    <Mods>
      <Mod ModIndex="0">4</Mod>
      <Mod ModIndex="1">8</Mod>
      <Mod ModIndex="2">0</Mod>
      <Mod ModIndex="3">1</Mod>
      <Mod ModIndex="4">1</Mod>
      <Mod ModIndex="5">3</Mod>
      <Mod ModIndex="7">7</Mod>
      <Mod ModIndex="8">0</Mod>
      <Mod ModIndex="11">3</Mod>
      <Mod ModIndex="12">2</Mod>
      <Mod ModIndex="13">2</Mod>
      <Mod ModIndex="15">4</Mod>
      <Mod ModIndex="23">5</Mod>
      <Mod ModIndex="48">3</Mod>
      <Mod ModIndex="50">3</Mod>
      <Mod ModIndex="51">2</Mod>
      <Mod ModIndex="52">2</Mod>
      <Mod ModIndex="54">4</Mod>
      <Mod ModIndex="62">5</Mod>
      <ToggleMod ModIndex="18">1</ToggleMod>
      <ToggleMod ModIndex="57">1</ToggleMod>
    </Mods>
    <Extras />
  </Vehicle>
</Data>