<Data>
  <Vehicle>
    <Name>Kuruma T/A</Name>
    <Class>Super</Class>
    <Disciplines>
      <Discipline>super</Discipline>
      <Discipline>kuruma3</Discipline>
      <Discipline>kurumata</Discipline>
      <Discipline>sponsor</Discipline>
      <Discipline>ta</Discipline>
    </Disciplines>
    <Model>1245411080</Model>
    <Livery>1</Livery>
    <Acceleration ModelName="Kuruma T/A">0.588</Acceleration>
    <Colors>
      <Primary>11</Primary>
      <Secondary>111</Secondary>
      <Pearl>0</Pearl>
      <Wheel>156</Wheel>
      <Dash>112</Dash>
      <Trim>8</Trim>
    </Colors>
    <WheelType>0</WheelType>
    <Mods>
      <Mod ModIndex="11">3</Mod>
      <Mod ModIndex="12">2</Mod>
      <Mod ModIndex="13">2</Mod>
      <Mod ModIndex="48">1</Mod>
      <Mod ModIndex="50">3</Mod>
      <Mod ModIndex="51">2</Mod>
      <Mod ModIndex="52">2</Mod>
      <ToggleMod ModIndex="18">1</ToggleMod>
      <ToggleMod ModIndex="57">1</ToggleMod>
    </Mods>
    <Extras>
      <Extra>4</Extra>
    </Extras>
  </Vehicle>
</Data>