<Data>
  <Vehicle>
    <Name>Liberator</Name>
    <Class>OffRoad</Class>
    <Disciplines>
      <Discipline>offroad</Discipline>
      <Discipline>monster</Discipline>
      <Discipline>liberator</Discipline>
      <Discipline>monster</Discipline>
      <Discipline>raid</Discipline>
    </Disciplines>
    <Model>-845961253</Model>
    <Livery>-1</Livery>
    <Acceleration ModelName="Liberator">0.41</Acceleration>
    <Colors>
      <Primary>111</Primary>
      <Secondary>64</Secondary>
      <Pearl>111</Pearl>
      <Wheel>156</Wheel>
      <Dash>0</Dash>
      <Trim>0</Trim>
    </Colors>
    <WheelType>3</WheelType>
    <Mods />
    <Extras />
  </Vehicle>
</Data>