<Data>
  <Vehicle>
    <Name>Mamba</Name>
    <Class>SportsClassics</Class>
    <Disciplines>
      <Discipline>sportsclassics</Discipline>
      <Discipline>mamba</Discipline>
      <Discipline>mamba</Discipline>
    </Disciplines>
    <Model>-1660945322</Model>
    <Livery>-1</Livery>
    <Acceleration ModelName="Mamba">0.468</Acceleration>
    <Colors>
      <Primary>64</Primary>
      <Secondary>64</Secondary>
      <Pearl>140</Pearl>
      <Wheel>156</Wheel>
      <Dash>0</Dash>
      <Trim>0</Trim>
    </Colors>
    <WheelType>5</WheelType>
    <Mods>
      <Mod ModIndex="4">0</Mod>
      <Mod ModIndex="11">3</Mod>
      <Mod ModIndex="12">2</Mod>
      <Mod ModIndex="13">2</Mod>
      <Mod ModIndex="15">2</Mod>
      <Mod ModIndex="23">45</Mod>
      <Mod ModIndex="50">3</Mod>
      <Mod ModIndex="51">2</Mod>
      <Mod ModIndex="52">2</Mod>
      <Mod ModIndex="54">2</Mod>
      <Mod ModIndex="62">45</Mod>
      <ToggleMod ModIndex="18">1</ToggleMod>
      <ToggleMod ModIndex="57">1</ToggleMod>
    </Mods>
    <Extras>
      <Extra>3</Extra>
    </Extras>
  </Vehicle>
</Data>