<Data>
  <Vehicle>
    <Name>Marshall</Name>
    <Class>OffRoad</Class>
    <Disciplines>
      <Discipline>offroad</Discipline>
      <Discipline>marshall</Discipline>
      <Discipline>marshall</Discipline>
      <Discipline>monster</Discipline>
      <Discipline>raid</Discipline>
    </Disciplines>
    <Model>1233534620</Model>
    <Livery>4</Livery>
    <Acceleration ModelName="Marshall">0.4</Acceleration>
    <Colors>
      <Primary>70</Primary>
      <Secondary>111</Secondary>
      <Pearl>4</Pearl>
      <Wheel>156</Wheel>
      <Dash>0</Dash>
      <Trim>0</Trim>
    </Colors>
    <WheelType>3</WheelType>
    <Mods />
    <Extras>
      <Extra>3</Extra>
    </Extras>
  </Vehicle>
</Data>