<Data>
  <Vehicle>
    <Name>Nebula Wagon</Name>
    <Class>SportsClassics</Class>
    <Disciplines>
      <Discipline>sportsclassics</Discipline>
      <Discipline>nebulaw</Discipline>
      <Discipline>nebulawagon</Discipline>
      <Discipline>sponsor</Discipline>
      <Discipline>wagon</Discipline>
    </Disciplines>
    <Model>-1951464350</Model>
    <Livery>6</Livery>
    <Acceleration ModelName="Nebula Wagon">0.383</Acceleration>
    <Colors>
      <Primary>7</Primary>
      <Secondary>89</Secondary>
      <Pearl>5</Pearl>
      <Wheel>67</Wheel>
      <Dash>0</Dash>
      <Trim>0</Trim>
    </Colors>
    <WheelType>1</WheelType>
    <Mods>
      <Mod ModIndex="0">1</Mod>
      <Mod ModIndex="1">0</Mod>
      <Mod ModIndex="2">0</Mod>
      <Mod ModIndex="5">1</Mod>
      <Mod ModIndex="6">3</Mod>
      <Mod ModIndex="9">2</Mod>
      <Mod ModIndex="11">1</Mod>
      <Mod ModIndex="12">2</Mod>
      <Mod ModIndex="15">0</Mod>
      <Mod ModIndex="16">4</Mod>
      <Mod ModIndex="48">6</Mod>
      <Mod ModIndex="50">1</Mod>
      <Mod ModIndex="51">2</Mod>
      <Mod ModIndex="54">0</Mod>
      <Mod ModIndex="55">4</Mod>
      <ToggleMod ModIndex="18">1</ToggleMod>
      <ToggleMod ModIndex="57">1</ToggleMod>
    </Mods>
    <Extras />
  </Vehicle>
</Data>