<Data>
  <Vehicle>
    <Name>Neon</Name>
    <Class>Sports</Class>
    <Disciplines>
      <Discipline>sports</Discipline>
      <Discipline>neon</Discipline>
      <Discipline>neon</Discipline>
    </Disciplines>
    <Model>-1848994066</Model>
    <Livery>-1</Livery>
    <Acceleration ModelName="Neon">0.107</Acceleration>
    <Colors>
      <Primary>70</Primary>
      <Secondary>111</Secondary>
      <Pearl>70</Pearl>
      <Wheel>0</Wheel>
      <Dash>65</Dash>
      <Trim>93</Trim>
    </Colors>
    <WheelType>0</WheelType>
    <Mods>
      <Mod ModIndex="1">2</Mod>
      <Mod ModIndex="2">1</Mod>
      <Mod ModIndex="3">8</Mod>
      <Mod ModIndex="8">2</Mod>
      <Mod ModIndex="11">3</Mod>
      <Mod ModIndex="12">2</Mod>
      <Mod ModIndex="15">2</Mod>
      <Mod ModIndex="23">9</Mod>
      <Mod ModIndex="50">3</Mod>
      <Mod ModIndex="51">2</Mod>
      <Mod ModIndex="54">2</Mod>
      <Mod ModIndex="62">9</Mod>
    </Mods>
    <Extras />
  </Vehicle>
</Data>