<Data>
  <Vehicle>
    <Name>Nexus EX-I</Name>
    <Class>Sports</Class>
    <Disciplines>
      <Discipline>sports</Discipline>
      <Discipline>nexus</Discipline>
      <Discipline>nexusexi</Discipline>
      <Discipline>sponsor</Discipline>
    </Disciplines>
    <Model>-456248404</Model>
    <Livery>16</Livery>
    <Acceleration ModelName="Nexus EX-I">0.31</Acceleration>
    <Colors>
      <Primary>12</Primary>
      <Secondary>12</Secondary>
      <Pearl>0</Pearl>
      <Wheel>4</Wheel>
      <Dash>111</Dash>
      <Trim>8</Trim>
    </Colors>
    <WheelType>0</WheelType>
    <Mods>
      <Mod ModIndex="1">8</Mod>
      <Mod ModIndex="3">0</Mod>
      <Mod ModIndex="4">4</Mod>
      <Mod ModIndex="6">0</Mod>
      <Mod ModIndex="25">3</Mod>
      <Mod ModIndex="26">0</Mod>
      <Mod ModIndex="29">2</Mod>
      <Mod ModIndex="31">2</Mod>
      <Mod ModIndex="32">0</Mod>
      <Mod ModIndex="33">0</Mod>
      <Mod ModIndex="37">2</Mod>
      <Mod ModIndex="39">0</Mod>
      <Mod ModIndex="40">0</Mod>
      <Mod ModIndex="41">2</Mod>
      <Mod ModIndex="48">16</Mod>
    </Mods>
    <Extras />
  </Vehicle>
</Data>