<Data>
  <Vehicle>
    <Name>Osiris</Name>
    <Class>Super</Class>
    <Disciplines>
      <Discipline>super</Discipline>
      <Discipline>osiris</Discipline>
      <Discipline>osiris</Discipline>
    </Disciplines>
    <Model>1987142870</Model>
    <Livery>-1</Livery>
    <Acceleration ModelName="Osiris">0.608</Acceleration>
    <Colors>
      <Primary>4</Primary>
      <Secondary>4</Secondary>
      <Pearl>111</Pearl>
      <Wheel>0</Wheel>
      <Dash>0</Dash>
      <Trim>0</Trim>
    </Colors>
    <WheelType>0</WheelType>
    <Mods>
      <Mod ModIndex="2">0</Mod>
      <Mod ModIndex="4">0</Mod>
      <Mod ModIndex="11">3</Mod>
      <Mod ModIndex="12">2</Mod>
      <Mod ModIndex="13">2</Mod>
      <Mod ModIndex="23">49</Mod>
      <Mod ModIndex="50">3</Mod>
      <Mod ModIndex="51">2</Mod>
      <Mod ModIndex="52">2</Mod>
      <Mod ModIndex="62">49</Mod>
      <ToggleMod ModIndex="18">1</ToggleMod>
      <ToggleMod ModIndex="57">1</ToggleMod>
    </Mods>
    <Extras />
  </Vehicle>
</Data>