<Data>
  <Vehicle>
    <Name>Patriot</Name>
    <Class>SUVs</Class>
    <Disciplines>
      <Discipline>suvs</Discipline>
      <Discipline>patriot</Discipline>
      <Discipline>patriot</Discipline>
      <Discipline>offroad</Discipline>
    </Disciplines>
    <Model>-1996084173</Model>
    <Livery>0</Livery>
    <Acceleration ModelName="Patriot">0.2</Acceleration>
    <Colors>
      <Primary>68</Primary>
      <Secondary>0</Secondary>
      <Pearl>68</Pearl>
      <Wheel>156</Wheel>
      <Dash>0</Dash>
      <Trim>0</Trim>
    </Colors>
    <WheelType>3</WheelType>
    <Mods />
    <Extras>
      <Extra>2</Extra>
      <Extra>5</Extra>
      <Extra>6</Extra>
      <Extra>7</Extra>
      <Extra>8</Extra>
    </Extras>
  </Vehicle>
</Data>