<Data>
  <Vehicle>
    <Name>Penetrator</Name>
    <Class>Super</Class>
    <Disciplines>
      <Discipline>super</Discipline>
      <Discipline>penetrator</Discipline>
      <Discipline>penetrator</Discipline>
    </Disciplines>
    <Model>-1758137366</Model>
    <Livery>-1</Livery>
    <Acceleration ModelName="Penetrator">0.453</Acceleration>
    <Colors>
      <Primary>5</Primary>
      <Secondary>4</Secondary>
      <Pearl>111</Pearl>
      <Wheel>37</Wheel>
      <Dash>0</Dash>
      <Trim>0</Trim>
    </Colors>
    <WheelType>3</WheelType>
    <Mods>
      <Mod ModIndex="1">0</Mod>
      <Mod ModIndex="3">0</Mod>
      <Mod ModIndex="6">0</Mod>
      <Mod ModIndex="7">0</Mod>
      <Mod ModIndex="11">3</Mod>
      <Mod ModIndex="12">2</Mod>
      <Mod ModIndex="13">2</Mod>
      <Mod ModIndex="23">27</Mod>
      <Mod ModIndex="50">3</Mod>
      <Mod ModIndex="51">2</Mod>
      <Mod ModIndex="52">2</Mod>
      <Mod ModIndex="62">27</Mod>
      <ToggleMod ModIndex="18">1</ToggleMod>
      <ToggleMod ModIndex="57">1</ToggleMod>
    </Mods>
    <Extras />
  </Vehicle>
</Data>