<Data>
  <Vehicle>
    <Name>Prairie</Name>
    <Class>Compacts</Class>
    <Disciplines>
      <Discipline>compacts</Discipline>
      <Discipline>prairie</Discipline>
      <Discipline>prairie</Discipline>
      <Discipline>street</Discipline>
    </Disciplines>
    <Model>-1450650718</Model>
    <Livery>5</Livery>
    <Acceleration ModelName="Prairie">0.185</Acceleration>
    <Colors>
      <Primary>63</Primary>
      <Secondary>111</Secondary>
      <Pearl>0</Pearl>
      <Wheel>156</Wheel>
      <Dash>0</Dash>
      <Trim>0</Trim>
    </Colors>
    <WheelType>0</WheelType>
    <Mods>
      <Mod ModIndex="0">4</Mod>
      <Mod ModIndex="48">5</Mod>
    </Mods>
    <Extras />
  </Vehicle>
</Data>