<Data>
  <Vehicle>
    <Name>Club GTR</Name>
    <Class>Compacts</Class>
    <Disciplines>
      <Discipline>compacts</Discipline>
      <Discipline>clubgtr</Discipline>
      <Discipline>clubgtr</Discipline>
    </Disciplines>
    <Model>-1935714584</Model>
    <Livery>-1</Livery>
    <Acceleration ModelName="Club GTR">0.37</Acceleration>
    <Colors>
      <Primary>29</Primary>
      <Secondary>112</Secondary>
      <Pearl>28</Pearl>
      <Wheel>156</Wheel>
      <Dash>18</Dash>
      <Trim>160</Trim>
    </Colors>
    <WheelType>5</WheelType>
    <Mods>
      <Mod ModIndex="0">16</Mod>
      <Mod ModIndex="1">0</Mod>
      <Mod ModIndex="2">0</Mod>
      <Mod ModIndex="3">1</Mod>
      <Mod ModIndex="4">0</Mod>
      <Mod ModIndex="5">0</Mod>
      <Mod ModIndex="6">4</Mod>
      <Mod ModIndex="7">3</Mod>
      <Mod ModIndex="8">0</Mod>
      <Mod ModIndex="9">2</Mod>
      <Mod ModIndex="10">0</Mod>
      <Mod ModIndex="11">3</Mod>
      <Mod ModIndex="42">0</Mod>
      <Mod ModIndex="50">3</Mod>
      <ToggleMod ModIndex="18">1</ToggleMod>
      <ToggleMod ModIndex="57">1</ToggleMod>
    </Mods>
    <Extras />
  </Vehicle>
</Data>