<Data>
  <Vehicle>
    <Name>S-230</Name>
    <Class>Sports</Class>
    <Disciplines>
      <Discipline>sports</Discipline>
      <Discipline>s230</Discipline>
      <Discipline>s230</Discipline>
      <Discipline>sponsor</Discipline>
    </Disciplines>
    <Model>-2019371695</Model>
    <Livery>11</Livery>
    <Acceleration ModelName="S-230">0.336</Acceleration>
    <Colors>
      <Primary>5</Primary>
      <Secondary>63</Secondary>
      <Pearl>147</Pearl>
      <Wheel>4</Wheel>
      <Dash>111</Dash>
      <Trim>8</Trim>
    </Colors>
    <WheelType>3</WheelType>
    <Mods>
      <Mod ModIndex="0">3</Mod>
      <Mod ModIndex="1">0</Mod>
      <Mod ModIndex="2">0</Mod>
      <Mod ModIndex="4">2</Mod>
      <Mod ModIndex="5">4</Mod>
      <Mod ModIndex="11">2</Mod>
      <Mod ModIndex="23">4</Mod>
      <Mod ModIndex="30">5</Mod>
      <Mod ModIndex="32">23</Mod>
      <Mod ModIndex="33">2</Mod>
      <Mod ModIndex="48">11</Mod>
      <Mod ModIndex="50">2</Mod>
      <Mod ModIndex="62">4</Mod>
    </Mods>
    <Extras>
      <Extra>3</Extra>
      <Extra>4</Extra>
      <Extra>5</Extra>
    </Extras>
  </Vehicle>
</Data>