<Data>
  <Vehicle>
    <Name>Coquette Phobos</Name>
    <Class>SportsClassics</Class>
    <Disciplines>
      <Discipline>sportsclassics</Discipline>
      <Discipline>coquette8</Discipline>
      <Discipline>coquettephobos</Discipline>
      <Discipline>sponsor</Discipline>
    </Disciplines>
    <Model>1609230412</Model>
    <Livery>7</Livery>
    <Acceleration ModelName="Coquette Phobos">0.6</Acceleration>
    <Colors>
      <Primary>112</Primary>
      <Secondary>5</Secondary>
      <Pearl>0</Pearl>
      <Wheel>11</Wheel>
      <Dash>0</Dash>
      <Trim>19</Trim>
    </Colors>
    <WheelType>1</WheelType>
    <Mods>
      <Mod ModIndex="0">3</Mod>
      <Mod ModIndex="1">4</Mod>
      <Mod ModIndex="4">1</Mod>
      <Mod ModIndex="7">5</Mod>
      <Mod ModIndex="11">3</Mod>
      <Mod ModIndex="48">7</Mod>
      <Mod ModIndex="50">3</Mod>
    </Mods>
    <Extras>
      <Extra>2</Extra>
    </Extras>
  </Vehicle>
</Data>