<Data>
  <Vehicle>
    <Name>S-230</Name>
    <Class>Sports</Class>
    <Disciplines>
      <Discipline>sports</Discipline>
      <Discipline>s230</Discipline>
      <Discipline>s230</Discipline>
      <Discipline>sponsor</Discipline>
    </Disciplines>
    <Model>-2019371695</Model>
    <Livery>2</Livery>
    <Acceleration ModelName="S-230">0.531</Acceleration>
    <Colors>
      <Primary>70</Primary>
      <Secondary>13</Secondary>
      <Pearl>70</Pearl>
      <Wheel>3</Wheel>
      <Dash>111</Dash>
      <Trim>5</Trim>
    </Colors>
    <WheelType>0</WheelType>
    <Mods>
      <Mod ModIndex="0">2</Mod>
      <Mod ModIndex="1">0</Mod>
      <Mod ModIndex="2">0</Mod>
      <Mod ModIndex="4">1</Mod>
      <Mod ModIndex="5">4</Mod>
      <Mod ModIndex="11">3</Mod>
      <Mod ModIndex="12">2</Mod>
      <Mod ModIndex="13">2</Mod>
      <Mod ModIndex="15">2</Mod>
      <Mod ModIndex="30">5</Mod>
      <Mod ModIndex="32">22</Mod>
      <Mod ModIndex="33">1</Mod>
      <Mod ModIndex="48">2</Mod>
      <Mod ModIndex="50">3</Mod>
      <Mod ModIndex="51">2</Mod>
      <Mod ModIndex="52">2</Mod>
      <Mod ModIndex="54">2</Mod>
      <ToggleMod ModIndex="18">1</ToggleMod>
      <ToggleMod ModIndex="57">1</ToggleMod>
    </Mods>
    <Extras>
      <Extra>2</Extra>
      <Extra>4</Extra>
      <Extra>5</Extra>
    </Extras>
  </Vehicle>
</Data>