<Data>
  <Vehicle>
    <Name>Banshee 900R</Name>
    <Class>Super</Class>
    <Disciplines>
      <Discipline>super</Discipline>
      <Discipline>banshee2</Discipline>
      <Discipline>banshee900r</Discipline>
      <Discipline>racecar</Discipline>
    </Disciplines>
    <Model>633712403</Model>
    <Livery>6</Livery>
    <Acceleration ModelName="Banshee 900R">0.558</Acceleration>
    <Colors>
      <Primary>53</Primary>
      <Secondary>53</Secondary>
      <Pearl>2</Pearl>
      <Wheel>132</Wheel>
      <Dash>4</Dash>
      <Trim>33</Trim>
    </Colors>
    <WheelType>7</WheelType>
    <Mods>
      <Mod ModIndex="0">5</Mod>
      <Mod ModIndex="1">2</Mod>
      <Mod ModIndex="3">3</Mod>
      <Mod ModIndex="4">2</Mod>
      <Mod ModIndex="7">4</Mod>
      <Mod ModIndex="11">3</Mod>
      <Mod ModIndex="12">2</Mod>
      <Mod ModIndex="13">2</Mod>
      <Mod ModIndex="15">2</Mod>
      <Mod ModIndex="16">4</Mod>
      <Mod ModIndex="29">2</Mod>
      <Mod ModIndex="31">1</Mod>
      <Mod ModIndex="32">11</Mod>
      <Mod ModIndex="33">8</Mod>
      <Mod ModIndex="39">3</Mod>
      <Mod ModIndex="48">6</Mod>
      <Mod ModIndex="50">3</Mod>
      <Mod ModIndex="51">2</Mod>
      <Mod ModIndex="52">2</Mod>
      <Mod ModIndex="54">2</Mod>
      <Mod ModIndex="55">4</Mod>
      <ToggleMod ModIndex="18">1</ToggleMod>
      <ToggleMod ModIndex="57">1</ToggleMod>
    </Mods>
    <Extras>
      <Extra>2</Extra>
    </Extras>
  </Vehicle>
</Data>