<Data>
  <Vehicle>
    <Name>Comet Retro</Name>
    <Class>Sports</Class>
    <Disciplines>
      <Discipline>sports</Discipline>
      <Discipline>comet6</Discipline>
      <Discipline>cometretro</Discipline>
      <Discipline>sponsor</Discipline>
      <Discipline>classic</Discipline>
    </Disciplines>
    <Model>-1726022652</Model>
    <Livery>6</Livery>
    <Acceleration ModelName="Comet Retro">0.542</Acceleration>
    <Colors>
      <Primary>112</Primary>
      <Secondary>0</Secondary>
      <Pearl>0</Pearl>
      <Wheel>156</Wheel>
      <Dash>0</Dash>
      <Trim>0</Trim>
    </Colors>
    <WheelType>0</WheelType>
    <Mods>
      <Mod ModIndex="5">0</Mod>
      <Mod ModIndex="11">3</Mod>
      <Mod ModIndex="48">6</Mod>
      <Mod ModIndex="50">3</Mod>
      <ToggleMod ModIndex="18">1</ToggleMod>
      <ToggleMod ModIndex="57">1</ToggleMod>
    </Mods>
    <Extras>
      <Extra>1</Extra>
    </Extras>
  </Vehicle>
</Data>