<Data>
  <Vehicle>
    <Name>Ruston</Name>
    <Class>Sports</Class>
    <Disciplines>
      <Discipline>sports</Discipline>
      <Discipline>ruston</Discipline>
      <Discipline>ruston</Discipline>
    </Disciplines>
    <Model>719660200</Model>
    <Livery>-1</Livery>
    <Acceleration ModelName="Ruston">0.418</Acceleration>
    <Colors>
      <Primary>88</Primary>
      <Secondary>12</Secondary>
      <Pearl>89</Pearl>
      <Wheel>0</Wheel>
      <Dash>0</Dash>
      <Trim>0</Trim>
    </Colors>
    <WheelType>0</WheelType>
    <Mods>
      <Mod ModIndex="1">3</Mod>
      <Mod ModIndex="2">0</Mod>
      <Mod ModIndex="3">4</Mod>
      <Mod ModIndex="4">2</Mod>
      <Mod ModIndex="7">0</Mod>
      <Mod ModIndex="11">3</Mod>
      <Mod ModIndex="12">2</Mod>
      <Mod ModIndex="13">2</Mod>
      <Mod ModIndex="23">19</Mod>
      <Mod ModIndex="50">3</Mod>
      <Mod ModIndex="51">2</Mod>
      <Mod ModIndex="52">2</Mod>
      <Mod ModIndex="62">19</Mod>
      <ToggleMod ModIndex="18">1</ToggleMod>
      <ToggleMod ModIndex="57">1</ToggleMod>
    </Mods>
    <Extras />
  </Vehicle>
</Data>