<Data>
  <Vehicle>
    <Name>S-230</Name>
    <Class>Sports</Class>
    <Disciplines>
      <Discipline>sports</Discipline>
      <Discipline>s230</Discipline>
      <Discipline>s230</Discipline>
      <Discipline>street</Discipline>
    </Disciplines>
    <Model>-2019371695</Model>
    <Livery>6</Livery>
    <Acceleration ModelName="S-230">0.336</Acceleration>
    <Colors>
      <Primary>53</Primary>
      <Secondary>12</Secondary>
      <Pearl>59</Pearl>
      <Wheel>15</Wheel>
      <Dash>111</Dash>
      <Trim>8</Trim>
    </Colors>
    <WheelType>0</WheelType>
    <Mods>
      <Mod ModIndex="0">2</Mod>
      <Mod ModIndex="1">2</Mod>
      <Mod ModIndex="4">0</Mod>
      <Mod ModIndex="10">1</Mod>
      <Mod ModIndex="11">2</Mod>
      <Mod ModIndex="23">4</Mod>
      <Mod ModIndex="48">6</Mod>
      <Mod ModIndex="50">2</Mod>
      <Mod ModIndex="62">4</Mod>
    </Mods>
    <Extras>
      <Extra>2</Extra>
      <Extra>3</Extra>
    </Extras>
  </Vehicle>
</Data>