<Data>
  <Vehicle>
    <Name>Savestra</Name>
    <Class>SportsClassics</Class>
    <Disciplines>
      <Discipline>sportsclassics</Discipline>
      <Discipline>savestra</Discipline>
      <Discipline>street</Discipline>
      <Discipline>savestra</Discipline>
    </Disciplines>
    <Model>903794909</Model>
    <Livery>1</Livery>
    <Acceleration ModelName="Savestra">0.287</Acceleration>
    <Colors>
      <Primary>88</Primary>
      <Secondary>0</Secondary>
      <Pearl>88</Pearl>
      <Wheel>0</Wheel>
      <Dash>111</Dash>
      <Trim>111</Trim>
    </Colors>
    <WheelType>2</WheelType>
    <Mods>
      <Mod ModIndex="0">1</Mod>
      <Mod ModIndex="1">0</Mod>
      <Mod ModIndex="2">4</Mod>
      <Mod ModIndex="3">2</Mod>
      <Mod ModIndex="4">1</Mod>
      <Mod ModIndex="5">4</Mod>
      <Mod ModIndex="6">3</Mod>
      <Mod ModIndex="8">0</Mod>
      <Mod ModIndex="11">3</Mod>
      <Mod ModIndex="12">2</Mod>
      <Mod ModIndex="13">2</Mod>
      <Mod ModIndex="15">2</Mod>
      <Mod ModIndex="23">29</Mod>
      <Mod ModIndex="48">1</Mod>
      <Mod ModIndex="50">3</Mod>
      <Mod ModIndex="51">2</Mod>
      <Mod ModIndex="52">2</Mod>
      <Mod ModIndex="54">2</Mod>
      <Mod ModIndex="62">29</Mod>
      <ToggleMod ModIndex="18">1</ToggleMod>
      <ToggleMod ModIndex="57">1</ToggleMod>
    </Mods>
    <Extras />
  </Vehicle>
</Data>