<Data>
  <Vehicle>
    <Name>Savestra</Name>
    <Class>SportsClassics</Class>
    <Disciplines>
      <Discipline>sportsclassics</Discipline>
      <Discipline>savestra</Discipline>
      <Discipline>savestra</Discipline>
      <Discipline>sponsor</Discipline>
    </Disciplines>
    <Model>903794909</Model>
    <Livery>7</Livery>
    <Acceleration ModelName="Savestra">0.356</Acceleration>
    <Colors>
      <Primary>134</Primary>
      <Secondary>15</Secondary>
      <Pearl>0</Pearl>
      <Wheel>12</Wheel>
      <Dash>111</Dash>
      <Trim>111</Trim>
    </Colors>
    <WheelType>1</WheelType>
    <Mods>
      <Mod ModIndex="0">6</Mod>
      <Mod ModIndex="1">11</Mod>
      <Mod ModIndex="2">2</Mod>
      <Mod ModIndex="3">1</Mod>
      <Mod ModIndex="4">0</Mod>
      <Mod ModIndex="5">0</Mod>
      <Mod ModIndex="6">5</Mod>
      <Mod ModIndex="7">2</Mod>
      <Mod ModIndex="8">0</Mod>
      <Mod ModIndex="11">3</Mod>
      <Mod ModIndex="12">2</Mod>
      <Mod ModIndex="13">2</Mod>
      <Mod ModIndex="48">7</Mod>
      <Mod ModIndex="50">3</Mod>
      <Mod ModIndex="51">2</Mod>
      <Mod ModIndex="52">2</Mod>
      <ToggleMod ModIndex="18">1</ToggleMod>
      <ToggleMod ModIndex="57">1</ToggleMod>
    </Mods>
    <Extras />
  </Vehicle>
</Data>