<Data>
  <Vehicle>
    <Name>SC1</Name>
    <Class>Super</Class>
    <Disciplines>
      <Discipline>super</Discipline>
      <Discipline>sc1</Discipline>
      <Discipline>sc1</Discipline>
    </Disciplines>
    <Model>1352136073</Model>
    <Livery>-1</Livery>
    <Acceleration ModelName="SC1">0.327</Acceleration>
    <Colors>
      <Primary>8</Primary>
      <Secondary>70</Secondary>
      <Pearl>5</Pearl>
      <Wheel>0</Wheel>
      <Dash>65</Dash>
      <Trim>0</Trim>
    </Colors>
    <WheelType>0</WheelType>
    <Mods>
      <Mod ModIndex="2">2</Mod>
      <Mod ModIndex="3">0</Mod>
      <Mod ModIndex="4">1</Mod>
      <Mod ModIndex="7">1</Mod>
      <Mod ModIndex="10">1</Mod>
      <Mod ModIndex="11">3</Mod>
      <Mod ModIndex="12">2</Mod>
      <Mod ModIndex="13">2</Mod>
      <Mod ModIndex="15">2</Mod>
      <Mod ModIndex="23">3</Mod>
      <Mod ModIndex="50">3</Mod>
      <Mod ModIndex="51">2</Mod>
      <Mod ModIndex="52">2</Mod>
      <Mod ModIndex="54">2</Mod>
      <Mod ModIndex="62">3</Mod>
    </Mods>
    <Extras />
  </Vehicle>
</Data>