<Data>
  <Vehicle>
    <Name>Apocalypse Scarab</Name>
    <Class>Military</Class>
    <Disciplines>
      <Discipline>military</Discipline>
      <Discipline>scarab</Discipline>
      <Discipline>apocalypsescarab</Discipline>
      <Discipline>traced</Discipline>
    </Disciplines>
    <Model>-1146969353</Model>
    <Livery>-1</Livery>
    <Acceleration ModelName="Apocalypse Scarab">0.14</Acceleration>
    <Colors>
      <Primary>9</Primary>
      <Secondary>5</Secondary>
      <Pearl>4</Pearl>
      <Wheel>111</Wheel>
      <Dash>156</Dash>
      <Trim>111</Trim>
    </Colors>
    <WheelType>0</WheelType>
    <Mods />
    <Extras />
  </Vehicle>
</Data>