<Data>
  <Vehicle>
    <Name>Schafter GTR</Name>
    <Class>Super</Class>
    <Disciplines>
      <Discipline>super</Discipline>
      <Discipline>schafgtr</Discipline>
      <Discipline>schaftergtr</Discipline>
      <Discipline>sponsor</Discipline>
    </Disciplines>
    <Model>368013078</Model>
    <Livery>1</Livery>
    <Acceleration ModelName="Schafter GTR">0.45</Acceleration>
    <Colors>
      <Primary>89</Primary>
      <Secondary>111</Secondary>
      <Pearl>0</Pearl>
      <Wheel>156</Wheel>
      <Dash>111</Dash>
      <Trim>111</Trim>
    </Colors>
    <WheelType>7</WheelType>
    <Mods>
      <Mod ModIndex="48">1</Mod>
    </Mods>
    <Extras />
  </Vehicle>
</Data>