<Data>
  <Vehicle>
    <Name>School Bus</Name>
    <Class>Service</Class>
    <Disciplines>
      <Discipline>service</Discipline>
      <Discipline>sbus</Discipline>
      <Discipline>schoolbus</Discipline>
    </Disciplines>
    <Model>-1730206746</Model>
    <Livery>0</Livery>
    <Acceleration ModelName="School Bus">0.196</Acceleration>
    <Colors>
      <Primary>126</Primary>
      <Secondary>126</Secondary>
      <Pearl>0</Pearl>
      <Wheel>21</Wheel>
      <Dash>0</Dash>
      <Trim>0</Trim>
    </Colors>
    <WheelType>0</WheelType>
    <Mods />
    <Extras />
  </Vehicle>
</Data>