<Data>
  <Vehicle>
    <Name>Schwartzer</Name>
    <Class>Sports</Class>
    <Disciplines>
      <Discipline>sports</Discipline>
      <Discipline>schwarze</Discipline>
      <Discipline>schwartzer</Discipline>
      <Discipline>street</Discipline>
    </Disciplines>
    <Model>-746882698</Model>
    <Livery>-1</Livery>
    <Acceleration ModelName="Schwartzer">0.317</Acceleration>
    <Colors>
      <Primary>111</Primary>
      <Secondary>1</Secondary>
      <Pearl>0</Pearl>
      <Wheel>0</Wheel>
      <Dash>0</Dash>
      <Trim>0</Trim>
    </Colors>
    <WheelType>0</WheelType>
    <Mods>
      <Mod ModIndex="0">0</Mod>
      <Mod ModIndex="1">1</Mod>
      <Mod ModIndex="2">0</Mod>
      <Mod ModIndex="3">0</Mod>
      <Mod ModIndex="4">0</Mod>
      <Mod ModIndex="5">0</Mod>
      <Mod ModIndex="11">3</Mod>
      <Mod ModIndex="12">2</Mod>
      <Mod ModIndex="13">2</Mod>
      <Mod ModIndex="15">2</Mod>
      <Mod ModIndex="23">41</Mod>
      <Mod ModIndex="50">3</Mod>
      <Mod ModIndex="51">2</Mod>
      <Mod ModIndex="52">2</Mod>
      <Mod ModIndex="54">2</Mod>
      <Mod ModIndex="62">41</Mod>
    </Mods>
    <Extras />
  </Vehicle>
</Data>