<Data>
  <Vehicle>
    <Name>Sentinel XS</Name>
    <Class>Coupes</Class>
    <Disciplines>
      <Discipline>coupes</Discipline>
      <Discipline>sentinel</Discipline>
      <Discipline>sentinelxs</Discipline>
      <Discipline>street</Discipline>
    </Disciplines>
    <Model>1349725314</Model>
    <Livery>-1</Livery>
    <Acceleration ModelName="Sentinel XS">0.231</Acceleration>
    <Colors>
      <Primary>73</Primary>
      <Secondary>73</Secondary>
      <Pearl>147</Pearl>
      <Wheel>132</Wheel>
      <Dash>0</Dash>
      <Trim>0</Trim>
    </Colors>
    <WheelType>0</WheelType>
    <Mods />
    <Extras>
      <Extra>10</Extra>
    </Extras>
  </Vehicle>
</Data>