<Data>
  <Vehicle>
    <Name>Sentinel SG4</Name>
    <Class>Coupes</Class>
    <Disciplines>
      <Discipline>coupes</Discipline>
      <Discipline>sentinelsg4</Discipline>
      <Discipline>sentinelsg4</Discipline>
      <Discipline>sponsor</Discipline>
    </Disciplines>
    <Model>-72248338</Model>
    <Livery>6</Livery>
    <Acceleration ModelName="Sentinel SG4">0.468</Acceleration>
    <Colors>
      <Primary>112</Primary>
      <Secondary>0</Secondary>
      <Pearl>0</Pearl>
      <Wheel>120</Wheel>
      <Dash>111</Dash>
      <Trim>8</Trim>
    </Colors>
    <WheelType>0</WheelType>
    <Mods>
      <Mod ModIndex="0">2</Mod>
      <Mod ModIndex="1">0</Mod>
      <Mod ModIndex="4">0</Mod>
      <Mod ModIndex="5">0</Mod>
      <Mod ModIndex="11">3</Mod>
      <Mod ModIndex="12">2</Mod>
      <Mod ModIndex="13">0</Mod>
      <Mod ModIndex="23" IsCustom="True">5</Mod>
      <Mod ModIndex="48">6</Mod>
      <Mod ModIndex="50">3</Mod>
      <Mod ModIndex="51">2</Mod>
      <Mod ModIndex="52">0</Mod>
      <Mod ModIndex="62" IsCustom="True">5</Mod>
      <ToggleMod ModIndex="18">1</ToggleMod>
      <ToggleMod ModIndex="57">1</ToggleMod>
    </Mods>
    <Extras>
      <Extra>10</Extra>
    </Extras>
  </Vehicle>
</Data>