<Data>
  <Vehicle>
    <Name>Sentinel XS</Name>
    <Class>Coupes</Class>
    <Disciplines>
      <Discipline>coupes</Discipline>
      <Discipline>sentinel</Discipline>
      <Discipline>sentinelxs</Discipline>
    </Disciplines>
    <Model>1349725314</Model>
    <Livery>-1</Livery>
    <Acceleration ModelName="Sentinel XS">0.36</Acceleration>
    <Colors>
      <Primary>75</Primary>
      <Secondary>0</Secondary>
      <Pearl>140</Pearl>
      <Wheel>0</Wheel>
      <Dash>0</Dash>
      <Trim>0</Trim>
    </Colors>
    <WheelType>0</WheelType>
    <Mods>
      <Mod ModIndex="0">0</Mod>
      <Mod ModIndex="1">0</Mod>
      <Mod ModIndex="2">0</Mod>
      <Mod ModIndex="4">0</Mod>
      <Mod ModIndex="5">0</Mod>
      <Mod ModIndex="11">3</Mod>
      <Mod ModIndex="12">2</Mod>
      <Mod ModIndex="13">2</Mod>
      <Mod ModIndex="15">3</Mod>
      <Mod ModIndex="23">18</Mod>
      <Mod ModIndex="50">3</Mod>
      <Mod ModIndex="51">2</Mod>
      <Mod ModIndex="52">2</Mod>
      <Mod ModIndex="54">3</Mod>
      <Mod ModIndex="62">18</Mod>
      <ToggleMod ModIndex="18">1</ToggleMod>
      <ToggleMod ModIndex="57">1</ToggleMod>
    </Mods>
    <Extras />
  </Vehicle>
</Data>