<Data>
  <Vehicle>
    <Name>Sentinel SG4</Name>
    <Class>Coupes</Class>
    <Disciplines>
      <Discipline>coupes</Discipline>
      <Discipline>sentinelsg4</Discipline>
      <Discipline>sentinelsg4</Discipline>
      <Discipline>street</Discipline>
    </Disciplines>
    <Model>-72248338</Model>
    <Livery>12</Livery>
    <Acceleration ModelName="Sentinel SG4">0.26</Acceleration>
    <Colors>
      <Primary>9</Primary>
      <Secondary>61</Secondary>
      <Pearl>7</Pearl>
      <Wheel>156</Wheel>
      <Dash>111</Dash>
      <Trim>8</Trim>
    </Colors>
    <WheelType>0</WheelType>
    <Mods>
      <Mod ModIndex="0">0</Mod>
      <Mod ModIndex="11">2</Mod>
      <Mod ModIndex="12">0</Mod>
      <Mod ModIndex="13">0</Mod>
      <Mod ModIndex="48">12</Mod>
      <Mod ModIndex="50">2</Mod>
      <Mod ModIndex="51">0</Mod>
      <Mod ModIndex="52">0</Mod>
    </Mods>
    <Extras>
      <Extra>10</Extra>
    </Extras>
  </Vehicle>
</Data>