<Data>
  <Vehicle>
    <Name>Seven-70</Name>
    <Class>Sports</Class>
    <Disciplines>
      <Discipline>sports</Discipline>
      <Discipline>seven70</Discipline>
      <Discipline>seven70</Discipline>
    </Disciplines>
    <Model>-1757836725</Model>
    <Livery>-1</Livery>
    <Acceleration ModelName="Seven-70">0.389</Acceleration>
    <Colors>
      <Primary>32</Primary>
      <Secondary>3</Secondary>
      <Pearl>135</Pearl>
      <Wheel>27</Wheel>
      <Dash>0</Dash>
      <Trim>0</Trim>
    </Colors>
    <WheelType>0</WheelType>
    <Mods>
      <Mod ModIndex="3">0</Mod>
      <Mod ModIndex="4">1</Mod>
      <Mod ModIndex="15">3</Mod>
      <Mod ModIndex="23">39</Mod>
      <Mod ModIndex="54">3</Mod>
      <Mod ModIndex="62">39</Mod>
    </Mods>
    <Extras />
  </Vehicle>
</Data>