<Data>
  <Vehicle>
    <Name>550SS</Name>
    <Class>Vans</Class>
    <Disciplines>
      <Discipline>vans</Discipline>
      <Discipline>550ss</Discipline>
      <Discipline>550ss</Discipline>
      <Discipline>street</Discipline>
      <Discipline>drag</Discipline>
    </Disciplines>
    <Model>-919704857</Model>
    <Livery>-1</Livery>
    <Acceleration ModelName="550SS">0.4</Acceleration>
    <Colors>
      <Primary>1</Primary>
      <Secondary>1</Secondary>
      <Pearl>4</Pearl>
      <Wheel>156</Wheel>
      <Dash>0</Dash>
      <Trim>0</Trim>
    </Colors>
    <WheelType>3</WheelType>
    <Mods />
    <Extras />
  </Vehicle>
</Data>