<Data>
  <Vehicle>
    <Name>Specter Custom</Name>
    <Class>Sports</Class>
    <Disciplines>
      <Discipline>sports</Discipline>
      <Discipline>specter2</Discipline>
      <Discipline>spectercustom</Discipline>
      <Discipline>street</Discipline>
    </Disciplines>
    <Model>1074745671</Model>
    <Livery>-1</Livery>
    <Acceleration ModelName="Specter Custom">0.409</Acceleration>
    <Colors>
      <Primary>0</Primary>
      <Secondary>3</Secondary>
      <Pearl>5</Pearl>
      <Wheel>0</Wheel>
      <Dash>112</Dash>
      <Trim>8</Trim>
    </Colors>
    <WheelType>0</WheelType>
    <Mods>
      <Mod ModIndex="0">13</Mod>
      <Mod ModIndex="1">11</Mod>
      <Mod ModIndex="2">8</Mod>
      <Mod ModIndex="3">8</Mod>
      <Mod ModIndex="4">1</Mod>
      <Mod ModIndex="5">3</Mod>
      <Mod ModIndex="11">3</Mod>
      <Mod ModIndex="12">2</Mod>
      <Mod ModIndex="13">2</Mod>
      <Mod ModIndex="15">3</Mod>
      <Mod ModIndex="23">18</Mod>
      <Mod ModIndex="29">3</Mod>
      <Mod ModIndex="30">1</Mod>
      <Mod ModIndex="31">0</Mod>
      <Mod ModIndex="32">8</Mod>
      <Mod ModIndex="33">8</Mod>
      <Mod ModIndex="50">3</Mod>
      <Mod ModIndex="51">2</Mod>
      <Mod ModIndex="52">2</Mod>
      <Mod ModIndex="54">3</Mod>
      <Mod ModIndex="62">18</Mod>
      <ToggleMod ModIndex="18">1</ToggleMod>
      <ToggleMod ModIndex="57">1</ToggleMod>
    </Mods>
    <Extras />
  </Vehicle>
</Data>