<Data>
  <Vehicle>
    <Name>Specter</Name>
    <Class>Sports</Class>
    <Disciplines>
      <Discipline>sports</Discipline>
      <Discipline>specter</Discipline>
      <Discipline>specter</Discipline>
    </Disciplines>
    <Model>1886268224</Model>
    <Livery>-1</Livery>
    <Acceleration ModelName="Specter">0.351</Acceleration>
    <Colors>
      <Primary>38</Primary>
      <Secondary>3</Secondary>
      <Pearl>37</Pearl>
      <Wheel>156</Wheel>
      <Dash>11</Dash>
      <Trim>8</Trim>
    </Colors>
    <WheelType>0</WheelType>
    <Mods>
      <Mod ModIndex="3">0</Mod>
      <Mod ModIndex="11">3</Mod>
      <Mod ModIndex="12">2</Mod>
      <Mod ModIndex="13">2</Mod>
      <Mod ModIndex="15">2</Mod>
      <Mod ModIndex="23">44</Mod>
      <Mod ModIndex="50">3</Mod>
      <Mod ModIndex="51">2</Mod>
      <Mod ModIndex="52">2</Mod>
      <Mod ModIndex="54">2</Mod>
      <Mod ModIndex="62">44</Mod>
      <ToggleMod ModIndex="18">1</ToggleMod>
      <ToggleMod ModIndex="57">1</ToggleMod>
    </Mods>
    <Extras />
  </Vehicle>
</Data>