<Data>
  <Vehicle>
    <Name>Gauntlet Hellfire</Name>
    <Class>Muscle</Class>
    <Disciplines>
      <Discipline>muscle</Discipline>
      <Discipline>gauntlet4</Discipline>
      <Discipline>gauntlethellfire</Discipline>
      <Discipline>sponsor</Discipline>
    </Disciplines>
    <Model>1934384720</Model>
    <Livery>11</Livery>
    <Acceleration ModelName="Gauntlet Hellfire">0.631</Acceleration>
    <Colors>
      <Primary>11</Primary>
      <Secondary>111</Secondary>
      <Pearl>120</Pearl>
      <Wheel>0</Wheel>
      <Dash>0</Dash>
      <Trim>2</Trim>
    </Colors>
    <WheelType>1</WheelType>
    <Mods>
      <Mod ModIndex="0">3</Mod>
      <Mod ModIndex="8">5</Mod>
      <Mod ModIndex="9">7</Mod>
      <Mod ModIndex="11">3</Mod>
      <Mod ModIndex="12">2</Mod>
      <Mod ModIndex="13">2</Mod>
      <Mod ModIndex="48">11</Mod>
      <Mod ModIndex="50">3</Mod>
      <Mod ModIndex="51">2</Mod>
      <Mod ModIndex="52">2</Mod>
    </Mods>
    <Extras />
  </Vehicle>
</Data>