<Data>
  <Vehicle>
    <Name>Futo GT Hatch</Name>
    <Class>Sports</Class>
    <Disciplines>
      <Discipline>sports</Discipline>
      <Discipline>futo2</Discipline>
      <Discipline>futogthatch</Discipline>
      <Discipline>street</Discipline>
    </Disciplines>
    <Model>-1507230520</Model>
    <Livery>-1</Livery>
    <Acceleration ModelName="Futo GT Hatch">0.4</Acceleration>
    <Colors>
      <Primary>62</Primary>
      <Secondary>54</Secondary>
      <Pearl>68</Pearl>
      <Wheel>156</Wheel>
      <Dash>111</Dash>
      <Trim>8</Trim>
    </Colors>
    <WheelType>5</WheelType>
    <Mods>
      <Mod ModIndex="0">2</Mod>
      <Mod ModIndex="1">1</Mod>
      <Mod ModIndex="2">2</Mod>
      <Mod ModIndex="3">0</Mod>
      <Mod ModIndex="4">3</Mod>
      <Mod ModIndex="5">0</Mod>
      <Mod ModIndex="10">0</Mod>
      <Mod ModIndex="11">3</Mod>
      <Mod ModIndex="12">2</Mod>
      <Mod ModIndex="13">2</Mod>
      <Mod ModIndex="50">3</Mod>
      <Mod ModIndex="51">2</Mod>
      <Mod ModIndex="52">2</Mod>
      <ToggleMod ModIndex="18">1</ToggleMod>
      <ToggleMod ModIndex="57">1</ToggleMod>
    </Mods>
    <Extras />
  </Vehicle>
</Data>