<Data>
  <Vehicle>
    <Name>Club GTR</Name>
    <Class>Compacts</Class>
    <Disciplines>
      <Discipline>compacts</Discipline>
      <Discipline>clubgtr</Discipline>
      <Discipline>clubgtr</Discipline>
      <Discipline>street</Discipline>
    </Disciplines>
    <Model>-1935714584</Model>
    <Livery>-1</Livery>
    <Acceleration ModelName="Club GTR">0.252</Acceleration>
    <Colors>
      <Primary>73</Primary>
      <Secondary>73</Secondary>
      <Pearl>73</Pearl>
      <Wheel>156</Wheel>
      <Dash>0</Dash>
      <Trim>0</Trim>
    </Colors>
    <WheelType>5</WheelType>
    <Mods>
      <Mod ModIndex="0">2</Mod>
      <Mod ModIndex="1">4</Mod>
      <Mod ModIndex="3">0</Mod>
      <Mod ModIndex="4">3</Mod>
      <Mod ModIndex="6">0</Mod>
      <Mod ModIndex="8">1</Mod>
      <Mod ModIndex="9">0</Mod>
      <Mod ModIndex="11">1</Mod>
      <Mod ModIndex="13">0</Mod>
      <Mod ModIndex="50">1</Mod>
      <Mod ModIndex="52">0</Mod>
    </Mods>
    <Extras />
  </Vehicle>
</Data>