<Data>
  <Vehicle>
    <Name>Gauntlet Classic</Name>
    <Class>Muscle</Class>
    <Disciplines>
      <Discipline>muscle</Discipline>
      <Discipline>gauntletc</Discipline>
      <Discipline>gauntletclassic</Discipline>
      <Discipline>street</Discipline>
    </Disciplines>
    <Model>gauntletc</Model>
    <Livery>-1</Livery>
    <Acceleration ModelName="Gauntlet Classic">0.535</Acceleration>
    <Colors>
      <Primary>38</Primary>
      <Secondary>0</Secondary>
      <Pearl>111</Pearl>
      <Wheel>156</Wheel>
      <Dash>0</Dash>
      <Trim>0</Trim>
    </Colors>
    <WheelType>1</WheelType>
    <Mods>
      <Mod ModIndex="1">0</Mod>
      <Mod ModIndex="2">0</Mod>
      <Mod ModIndex="11">1</Mod>
      <Mod ModIndex="13">2</Mod>
      <Mod ModIndex="50">1</Mod>
      <Mod ModIndex="52">2</Mod>
    </Mods>
    <Extras>
      <Extra>3</Extra>
      <Extra>10</Extra>
      <Extra>11</Extra>
    </Extras>
  </Vehicle>
</Data>