<Data>
  <Vehicle>
    <Name>Gauntlet Classic</Name>
    <Class>Muscle</Class>
    <Disciplines>
      <Discipline>muscle</Discipline>
      <Discipline>gauntletc</Discipline>
      <Discipline>gauntletclassic</Discipline>
      <Discipline>street</Discipline>
    </Disciplines>
    <Model>gauntletc</Model>
    <Livery>-1</Livery>
    <Acceleration ModelName="Gauntlet Classic">0.666</Acceleration>
    <Colors>
      <Primary>27</Primary>
      <Secondary>27</Secondary>
      <Pearl>36</Pearl>
      <Wheel>115</Wheel>
      <Dash>0</Dash>
      <Trim>0</Trim>
    </Colors>
    <WheelType>1</WheelType>
    <Mods>
      <Mod ModIndex="0">1</Mod>
      <Mod ModIndex="1">1</Mod>
      <Mod ModIndex="2">1</Mod>
      <Mod ModIndex="4">1</Mod>
      <Mod ModIndex="6">2</Mod>
      <Mod ModIndex="7">1</Mod>
      <Mod ModIndex="8">0</Mod>
      <Mod ModIndex="11">3</Mod>
      <Mod ModIndex="12">2</Mod>
      <Mod ModIndex="13">1</Mod>
      <Mod ModIndex="23">9</Mod>
      <Mod ModIndex="50">3</Mod>
      <Mod ModIndex="51">2</Mod>
      <Mod ModIndex="52">1</Mod>
      <Mod ModIndex="62">9</Mod>
      <ToggleMod ModIndex="18">1</ToggleMod>
      <ToggleMod ModIndex="57">1</ToggleMod>
    </Mods>
    <Extras>
      <Extra>3</Extra>
      <Extra>11</Extra>
    </Extras>
  </Vehicle>
</Data>