<Data>
  <Vehicle>
    <Name>S-230</Name>
    <Class>Sports</Class>
    <Disciplines>
      <Discipline>sports</Discipline>
      <Discipline>s230</Discipline>
      <Discipline>s230</Discipline>
      <Discipline>street</Discipline>
    </Disciplines>
    <Model>-2019371695</Model>
    <Livery>1</Livery>
    <Acceleration ModelName="S-230">0.28</Acceleration>
    <Colors>
      <Primary>29</Primary>
      <Secondary>0</Secondary>
      <Pearl>0</Pearl>
      <Wheel>93</Wheel>
      <Dash>111</Dash>
      <Trim>8</Trim>
    </Colors>
    <WheelType>0</WheelType>
    <Mods>
      <Mod ModIndex="0">1</Mod>
      <Mod ModIndex="23">1</Mod>
      <Mod ModIndex="48">1</Mod>
      <Mod ModIndex="62">1</Mod>
    </Mods>
    <Extras>
      <Extra>2</Extra>
      <Extra>3</Extra>
      <Extra>4</Extra>
      <Extra>5</Extra>
    </Extras>
  </Vehicle>
</Data>