<Data>
  <Vehicle>
    <Name>Super GT</Name>
    <Class>Sports</Class>
    <Disciplines>
      <Discipline>sports</Discipline>
      <Discipline>supergt</Discipline>
      <Discipline>supergt</Discipline>
      <Discipline>street</Discipline>
    </Disciplines>
    <Model>1821991593</Model>
    <Livery>-1</Livery>
    <Acceleration ModelName="Super GT">0.642</Acceleration>
    <Colors>
      <Primary>21</Primary>
      <Secondary>21</Secondary>
      <Pearl>0</Pearl>
      <Wheel>3</Wheel>
      <Dash>0</Dash>
      <Trim>0</Trim>
    </Colors>
    <WheelType>7</WheelType>
    <Mods>
      <Mod ModIndex="0">6</Mod>
      <Mod ModIndex="1">0</Mod>
      <Mod ModIndex="2">1</Mod>
      <Mod ModIndex="3">2</Mod>
      <Mod ModIndex="4">0</Mod>
      <Mod ModIndex="5">0</Mod>
      <Mod ModIndex="10">0</Mod>
      <Mod ModIndex="11">4</Mod>
      <Mod ModIndex="12">2</Mod>
      <Mod ModIndex="13">2</Mod>
      <Mod ModIndex="23">4</Mod>
      <Mod ModIndex="50">4</Mod>
      <Mod ModIndex="51">2</Mod>
      <Mod ModIndex="52">2</Mod>
      <Mod ModIndex="62">4</Mod>
      <ToggleMod ModIndex="18">1</ToggleMod>
      <ToggleMod ModIndex="57">1</ToggleMod>
    </Mods>
    <Extras>
      <Extra>1</Extra>
    </Extras>
  </Vehicle>
</Data>