<Data>
  <Vehicle>
    <Name>NULL</Name>
    <Class>Sports</Class>
    <Disciplines>
      <Discipline>sports</Discipline>
      <Discipline>sugrally</Discipline>
      <Discipline>null</Discipline>
      <Discipline>rally</Discipline>
    </Disciplines>
    <Model>-583943077</Model>
    <Livery>6</Livery>
    <Acceleration ModelName="SUGRALLY">0.4</Acceleration>
    <Colors>
      <Primary>68</Primary>
      <Secondary>138</Secondary>
      <Pearl>120</Pearl>
      <Wheel>132</Wheel>
      <Dash>0</Dash>
      <Trim>4</Trim>
    </Colors>
    <WheelType>4</WheelType>
    <Mods>
      <Mod ModIndex="15">3</Mod>
      <Mod ModIndex="23" IsCustom="True">4</Mod>
      <Mod ModIndex="48">6</Mod>
      <Mod ModIndex="54">3</Mod>
      <Mod ModIndex="62" IsCustom="True">4</Mod>
      <ToggleMod ModIndex="18">1</ToggleMod>
      <ToggleMod ModIndex="57">1</ToggleMod>
    </Mods>
    <Extras>
      <Extra>3</Extra>
      <Extra>4</Extra>
    </Extras>
  </Vehicle>
</Data>