<Data>
  <Vehicle>
    <Name>Sultan RS</Name>
    <Class>Super</Class>
    <Disciplines>
      <Discipline>super</Discipline>
      <Discipline>sultanrs</Discipline>
      <Discipline>street</Discipline>
    </Disciplines>
    <Model>-295689028</Model>
    <Livery>0</Livery>
    <Acceleration ModelName="Sultan RS">0.536</Acceleration>
    <Colors>
      <Primary>27</Primary>
      <Secondary>27</Secondary>
      <Pearl>0</Pearl>
      <Wheel>6</Wheel>
      <Dash>126</Dash>
      <Trim>2</Trim>
    </Colors>
    <WheelType>1</WheelType>
    <Mods>
      <Mod ModIndex="0">4</Mod>
      <Mod ModIndex="1">7</Mod>
      <Mod ModIndex="2">2</Mod>
      <Mod ModIndex="4">0</Mod>
      <Mod ModIndex="5">3</Mod>
      <Mod ModIndex="6">2</Mod>
      <Mod ModIndex="7">7</Mod>
      <Mod ModIndex="8">0</Mod>
      <Mod ModIndex="11">3</Mod>
      <Mod ModIndex="12">2</Mod>
      <Mod ModIndex="13">2</Mod>
      <Mod ModIndex="15">3</Mod>
      <Mod ModIndex="16">4</Mod>
      <Mod ModIndex="23" IsCustom="True">16</Mod>
      <Mod ModIndex="27">0</Mod>
      <Mod ModIndex="29">1</Mod>
      <Mod ModIndex="31">5</Mod>
      <Mod ModIndex="32">4</Mod>
      <Mod ModIndex="33">3</Mod>
      <Mod ModIndex="39">2</Mod>
      <Mod ModIndex="40">5</Mod>
      <Mod ModIndex="41">5</Mod>
      <Mod ModIndex="42">4</Mod>
      <Mod ModIndex="46">2</Mod>
      <Mod ModIndex="48">0</Mod>
      <Mod ModIndex="50">3</Mod>
      <Mod ModIndex="51">2</Mod>
      <Mod ModIndex="52">2</Mod>
      <Mod ModIndex="54">3</Mod>
      <Mod ModIndex="55">4</Mod>
      <Mod ModIndex="62" IsCustom="True">16</Mod>
      <ToggleMod ModIndex="18">1</ToggleMod>
      <ToggleMod ModIndex="57">1</ToggleMod>
    </Mods>
    <Extras />
  </Vehicle>
</Data>