<Data>
  <Vehicle>
    <Name>Sultan RS</Name>
    <Class>Super</Class>
    <Disciplines>
      <Discipline>super</Discipline>
      <Discipline>sultanrs</Discipline>
      <Discipline>street</Discipline>
      <Discipline>raid</Discipline>
    </Disciplines>
    <Model>-295689028</Model>
    <Livery>1</Livery>
    <Acceleration ModelName="Sultan RS">0.55</Acceleration>
    <Colors>
      <Primary>13</Primary>
      <Secondary>40</Secondary>
      <Pearl>2</Pearl>
      <Wheel>0</Wheel>
      <Dash>89</Dash>
      <Trim>107</Trim>
    </Colors>
    <WheelType>1</WheelType>
    <Mods>
      <Mod ModIndex="0">5</Mod>
      <Mod ModIndex="1">6</Mod>
      <Mod ModIndex="2">3</Mod>
      <Mod ModIndex="3">0</Mod>
      <Mod ModIndex="4">1</Mod>
      <Mod ModIndex="5">4</Mod>
      <Mod ModIndex="6">1</Mod>
      <Mod ModIndex="7">8</Mod>
      <Mod ModIndex="8">5</Mod>
      <Mod ModIndex="10">0</Mod>
      <Mod ModIndex="11">4</Mod>
      <Mod ModIndex="12">1</Mod>
      <Mod ModIndex="13">1</Mod>
      <Mod ModIndex="16">4</Mod>
      <Mod ModIndex="23">33</Mod>
      <Mod ModIndex="29">2</Mod>
      <Mod ModIndex="30">1</Mod>
      <Mod ModIndex="31">1</Mod>
      <Mod ModIndex="32">0</Mod>
      <Mod ModIndex="33">3</Mod>
      <Mod ModIndex="39">2</Mod>
      <Mod ModIndex="40">4</Mod>
      <Mod ModIndex="41">4</Mod>
      <Mod ModIndex="42">3</Mod>
      <Mod ModIndex="44">0</Mod>
      <Mod ModIndex="46">2</Mod>
      <Mod ModIndex="48">1</Mod>
      <Mod ModIndex="50">4</Mod>
      <Mod ModIndex="51">1</Mod>
      <Mod ModIndex="52">1</Mod>
      <Mod ModIndex="55">4</Mod>
      <Mod ModIndex="62">33</Mod>
      <ToggleMod ModIndex="18">1</ToggleMod>
      <ToggleMod ModIndex="57">1</ToggleMod>
    </Mods>
    <Extras />
  </Vehicle>
</Data>