<Data>
  <Vehicle>
    <Name>Sultan RS</Name>
    <Class>Super</Class>
    <Disciplines>
      <Discipline>super</Discipline>
      <Discipline>sultanrs</Discipline>
      <Discipline>street</Discipline>
    </Disciplines>
    <Model>-295689028</Model>
    <Livery>-1</Livery>
    <Acceleration ModelName="Sultan RS">0.499</Acceleration>
    <Colors>
      <Primary>13</Primary>
      <Secondary>13</Secondary>
      <Pearl>5</Pearl>
      <Wheel>3</Wheel>
      <Dash>13</Dash>
      <Trim>0</Trim>
    </Colors>
    <WheelType>7</WheelType>
    <Mods>
      <Mod ModIndex="0">3</Mod>
      <Mod ModIndex="1">7</Mod>
      <Mod ModIndex="2">2</Mod>
      <Mod ModIndex="5">0</Mod>
      <Mod ModIndex="6">1</Mod>
      <Mod ModIndex="7">7</Mod>
      <Mod ModIndex="8">4</Mod>
      <Mod ModIndex="11">2</Mod>
      <Mod ModIndex="12">1</Mod>
      <Mod ModIndex="13">1</Mod>
      <Mod ModIndex="15">3</Mod>
      <Mod ModIndex="16">2</Mod>
      <Mod ModIndex="27">0</Mod>
      <Mod ModIndex="30">0</Mod>
      <Mod ModIndex="31">0</Mod>
      <Mod ModIndex="32">8</Mod>
      <Mod ModIndex="33">12</Mod>
      <Mod ModIndex="40">7</Mod>
      <Mod ModIndex="41">11</Mod>
      <Mod ModIndex="42">5</Mod>
      <Mod ModIndex="46">1</Mod>
      <Mod ModIndex="50">2</Mod>
      <Mod ModIndex="51">1</Mod>
      <Mod ModIndex="52">1</Mod>
      <Mod ModIndex="54">3</Mod>
      <Mod ModIndex="55">2</Mod>
      <ToggleMod ModIndex="18">1</ToggleMod>
      <ToggleMod ModIndex="57">1</ToggleMod>
    </Mods>
    <Extras />
  </Vehicle>
</Data>