<Data>
  <Vehicle>
    <Name>Sultan RS</Name>
    <Class>Super</Class>
    <Disciplines>
      <Discipline>super</Discipline>
      <Discipline>sultanrs</Discipline>
      <Discipline>street</Discipline>
    </Disciplines>
    <Model>-295689028</Model>
    <Livery>0</Livery>
    <Acceleration ModelName="Sultan RS">0.482</Acceleration>
    <Colors>
      <Primary>74</Primary>
      <Secondary>65</Secondary>
      <Pearl>0</Pearl>
      <Wheel>11</Wheel>
      <Dash>17</Dash>
      <Trim>115</Trim>
    </Colors>
    <WheelType>0</WheelType>
    <Mods>
      <Mod ModIndex="0">8</Mod>
      <Mod ModIndex="1">1</Mod>
      <Mod ModIndex="2">0</Mod>
      <Mod ModIndex="3">3</Mod>
      <Mod ModIndex="5">0</Mod>
      <Mod ModIndex="7">3</Mod>
      <Mod ModIndex="10">4</Mod>
      <Mod ModIndex="11">1</Mod>
      <Mod ModIndex="12">1</Mod>
      <Mod ModIndex="13">1</Mod>
      <Mod ModIndex="15">3</Mod>
      <Mod ModIndex="16">0</Mod>
      <Mod ModIndex="29">0</Mod>
      <Mod ModIndex="31">0</Mod>
      <Mod ModIndex="32">0</Mod>
      <Mod ModIndex="33">15</Mod>
      <Mod ModIndex="39">3</Mod>
      <Mod ModIndex="40">2</Mod>
      <Mod ModIndex="41">0</Mod>
      <Mod ModIndex="42">0</Mod>
      <Mod ModIndex="44">1</Mod>
      <Mod ModIndex="48">0</Mod>
      <Mod ModIndex="50">1</Mod>
      <Mod ModIndex="51">1</Mod>
      <Mod ModIndex="52">1</Mod>
      <Mod ModIndex="54">3</Mod>
      <Mod ModIndex="55">0</Mod>
      <ToggleMod ModIndex="18">1</ToggleMod>
      <ToggleMod ModIndex="57">1</ToggleMod>
    </Mods>
    <Extras />
  </Vehicle>
</Data>