<Data>
  <Vehicle>
    <Name>Super GT</Name>
    <Nickname>Eddlm</Nickname> <!-- :P -->
    <Class>Sports</Class>
    <Disciplines>
      <Discipline>sports</Discipline>
      <Discipline>supergt</Discipline>
      <Discipline>supergt</Discipline>
      <Discipline>street</Discipline>
    </Disciplines>
    <Model>1821991593</Model>
    <Livery>-1</Livery>
    <Acceleration ModelName="Super GT">0.504</Acceleration>
    <Colors>
      <Primary>53</Primary>
      <Secondary>0</Secondary>
      <Pearl>59</Pearl>
      <Wheel>39</Wheel>
      <Dash>0</Dash>
      <Trim>0</Trim>
    </Colors>
    <WheelType>7</WheelType>
    <Mods>
      <Mod ModIndex="0">6</Mod>
      <Mod ModIndex="1">2</Mod>
      <Mod ModIndex="2">0</Mod>
      <Mod ModIndex="3">0</Mod>
      <Mod ModIndex="4">0</Mod>
      <Mod ModIndex="5">0</Mod>
      <Mod ModIndex="11">4</Mod>
      <Mod ModIndex="12">0</Mod>
      <Mod ModIndex="13">0</Mod>
      <Mod ModIndex="23">18</Mod>
      <Mod ModIndex="50">4</Mod>
      <Mod ModIndex="51">0</Mod>
      <Mod ModIndex="52">0</Mod>
      <Mod ModIndex="62">18</Mod>
    </Mods>
    <Extras>
      <Extra>1</Extra>
    </Extras>
  </Vehicle>
</Data>