<Data>
  <Vehicle>
    <Name>Super GT</Name>
    <Class>Sports</Class>
    <Disciplines>
      <Discipline>sports</Discipline>
      <Discipline>supergt</Discipline>
      <Discipline>supergt</Discipline>
      <Discipline>street</Discipline>
    </Disciplines>
    <Model>1821991593</Model>
    <Livery>-1</Livery>
    <Acceleration ModelName="Super GT">0.49</Acceleration>
    <Colors>
      <Primary>27</Primary>
      <Secondary>111</Secondary>
      <Pearl>36</Pearl>
      <Wheel>156</Wheel>
      <Dash>0</Dash>
      <Trim>0</Trim>
    </Colors>
    <WheelType>7</WheelType>
    <Mods>
      <Mod ModIndex="4">0</Mod>
      <Mod ModIndex="5">0</Mod>
      <Mod ModIndex="13">0</Mod>
      <Mod ModIndex="52">0</Mod>
      <ToggleMod ModIndex="18">1</ToggleMod>
      <ToggleMod ModIndex="57">1</ToggleMod>
    </Mods>
    <Extras>
      <Extra>10</Extra>
    </Extras>
  </Vehicle>
</Data>