<Data>
  <Vehicle>
    <Name>Tempesta</Name>
    <Class>Super</Class>
    <Disciplines>
      <Discipline>super</Discipline>
      <Discipline>tempesta</Discipline>
      <Discipline>tempesta</Discipline>
    </Disciplines>
    <Model>272929391</Model>
    <Livery>-1</Livery>
    <Acceleration ModelName="Tempesta">0.472</Acceleration>
    <Colors>
      <Primary>92</Primary>
      <Secondary>92</Secondary>
      <Pearl>88</Pearl>
      <Wheel>88</Wheel>
      <Dash>0</Dash>
      <Trim>0</Trim>
    </Colors>
    <WheelType>0</WheelType>
    <Mods>
      <Mod ModIndex="3">0</Mod>
      <Mod ModIndex="7">1</Mod>
      <Mod ModIndex="11">3</Mod>
      <Mod ModIndex="12">2</Mod>
      <Mod ModIndex="13">2</Mod>
      <Mod ModIndex="23">49</Mod>
      <Mod ModIndex="50">3</Mod>
      <Mod ModIndex="51">2</Mod>
      <Mod ModIndex="52">2</Mod>
      <Mod ModIndex="62">49</Mod>
      <ToggleMod ModIndex="18">1</ToggleMod>
      <ToggleMod ModIndex="57">1</ToggleMod>
    </Mods>
    <Extras />
  </Vehicle>
</Data>