<Data>
  <Vehicle>
    <Name>Tempesta</Name>
    <Class>Super</Class>
    <Disciplines>
      <Discipline>super</Discipline>
      <Discipline>tempesta</Discipline>
      <Discipline>street</Discipline>
    </Disciplines>
    <Model>272929391</Model>
    <Livery>-1</Livery>
    <Acceleration ModelName="Tempesta">0.506</Acceleration>
    <Colors>
      <Primary>135</Primary>
      <Secondary>135</Secondary>
      <Pearl>135</Pearl>
      <Wheel>0</Wheel>
      <Dash>0</Dash>
      <Trim>0</Trim>
    </Colors>
    <WheelType>8</WheelType>
    <Mods>
      <Mod ModIndex="0">3</Mod>
      <Mod ModIndex="1">0</Mod>
      <Mod ModIndex="3">2</Mod>
      <Mod ModIndex="7">5</Mod>
      <Mod ModIndex="11">1</Mod>
      <Mod ModIndex="12">0</Mod>
      <Mod ModIndex="13">0</Mod>
      <Mod ModIndex="16">0</Mod>
      <Mod ModIndex="23">16</Mod>
      <Mod ModIndex="50">1</Mod>
      <Mod ModIndex="51">0</Mod>
      <Mod ModIndex="52">0</Mod>
      <Mod ModIndex="55">0</Mod>
      <Mod ModIndex="62">16</Mod>
      <ToggleMod ModIndex="18">1</ToggleMod>
      <ToggleMod ModIndex="57">1</ToggleMod>
    </Mods>
    <Extras />
  </Vehicle>
</Data>