<Data>
  <Vehicle>
    <Name>Torero</Name>
    <Class>SportsClassics</Class>
    <Disciplines>
      <Discipline>sportsclassics</Discipline>
      <Discipline>torero</Discipline>
      <Discipline>torero</Discipline>
    </Disciplines>
    <Model>1504306544</Model>
    <Livery>-1</Livery>
    <Acceleration ModelName="Torero">0.331</Acceleration>
    <Colors>
      <Primary>8</Primary>
      <Secondary>0</Secondary>
      <Pearl>5</Pearl>
      <Wheel>0</Wheel>
      <Dash>0</Dash>
      <Trim>110</Trim>
    </Colors>
    <WheelType>5</WheelType>
    <Mods>
      <Mod ModIndex="0">3</Mod>
      <Mod ModIndex="2">0</Mod>
      <Mod ModIndex="4">1</Mod>
      <Mod ModIndex="6">1</Mod>
      <Mod ModIndex="10">1</Mod>
      <Mod ModIndex="11">3</Mod>
      <Mod ModIndex="15">3</Mod>
      <Mod ModIndex="23">19</Mod>
      <Mod ModIndex="50">3</Mod>
      <Mod ModIndex="54">3</Mod>
      <Mod ModIndex="62">19</Mod>
      <ToggleMod ModIndex="18">1</ToggleMod>
      <ToggleMod ModIndex="57">1</ToggleMod>
    </Mods>
    <Extras />
  </Vehicle>
</Data>