<Data>
  <Vehicle>
    <Name>Tropos Rallye</Name>
    <Class>Sports</Class>
    <Disciplines>
      <Discipline>sports</Discipline>
      <Discipline>tropos</Discipline>
      <Discipline>troposrallye</Discipline>
      <Discipline>sponsor</Discipline>
    </Disciplines>
    <Model>1887331236</Model>
    <Livery>0</Livery>
    <Acceleration ModelName="Tropos Rallye">0.306</Acceleration>
    <Colors>
      <Primary>112</Primary>
      <Secondary>112</Secondary>
      <Pearl>147</Pearl>
      <Wheel>156</Wheel>
      <Dash>111</Dash>
      <Trim>111</Trim>
    </Colors>
    <WheelType>7</WheelType>
    <Mods tune="">
      <Mod ModIndex="0">0</Mod>
      <Mod ModIndex="4">1</Mod>
      <Mod ModIndex="11">1</Mod>
      <Mod ModIndex="13">0</Mod>
      <Mod ModIndex="48">0</Mod>
      <Mod ModIndex="50">1</Mod>
      <Mod ModIndex="52">0</Mod>
    </Mods>
    <Extras />
  </Vehicle>
</Data>