<Data>
  <Vehicle>
    <Name>Tulip</Name>
    <Class>Muscle</Class>
    <Disciplines>
      <Discipline>muscle</Discipline>
      <Discipline>tulip</Discipline>
      <Discipline>tulip</Discipline>
    </Disciplines>
    <Model>1456744817</Model>
    <Livery>-1</Livery>
    <Acceleration ModelName="Tulip">0.474</Acceleration>
    <Colors>
      <Primary>97</Primary>
      <Secondary>120</Secondary>
      <Pearl>98</Pearl>
      <Wheel>156</Wheel>
      <Dash>156</Dash>
      <Trim>2</Trim>
    </Colors>
    <WheelType>2</WheelType>
    <Mods>
      <Mod ModIndex="4">1</Mod>
      <Mod ModIndex="11">3</Mod>
      <Mod ModIndex="12">2</Mod>
      <Mod ModIndex="13">3</Mod>
      <Mod ModIndex="15">2</Mod>
      <Mod ModIndex="23">23</Mod>
      <Mod ModIndex="50">3</Mod>
      <Mod ModIndex="51">2</Mod>
      <Mod ModIndex="52">3</Mod>
      <Mod ModIndex="54">2</Mod>
      <Mod ModIndex="62">23</Mod>
      <ToggleMod ModIndex="18">1</ToggleMod>
      <ToggleMod ModIndex="57">1</ToggleMod>
    </Mods>
    <Extras />
  </Vehicle>
</Data>