<Data>
  <Vehicle>
    <Name>Tyrant</Name>
    <Class>Super</Class>
    <Disciplines>
      <Discipline>super</Discipline>
      <Discipline>tyrant</Discipline>
      <Discipline>tyrant</Discipline>
    </Disciplines>
    <Model>-376434238</Model>
    <Livery>-1</Livery>
    <Acceleration ModelName="Tyrant">0.601</Acceleration>
    <Colors>
      <Primary>146</Primary>
      <Secondary>159</Secondary>
      <Pearl>148</Pearl>
      <Wheel>159</Wheel>
      <Dash>0</Dash>
      <Trim>0</Trim>
    </Colors>
    <WheelType>7</WheelType>
    <Mods>
      <Mod ModIndex="0">2</Mod>
      <Mod ModIndex="3">1</Mod>
      <Mod ModIndex="11">3</Mod>
      <Mod ModIndex="12">2</Mod>
      <Mod ModIndex="13">2</Mod>
      <Mod ModIndex="15">2</Mod>
      <Mod ModIndex="23">9</Mod>
      <Mod ModIndex="50">3</Mod>
      <Mod ModIndex="51">2</Mod>
      <Mod ModIndex="52">2</Mod>
      <Mod ModIndex="54">2</Mod>
      <Mod ModIndex="62">9</Mod>
      <ToggleMod ModIndex="18">1</ToggleMod>
      <ToggleMod ModIndex="57">1</ToggleMod>
    </Mods>
    <Extras />
  </Vehicle>
</Data>