<Data>
  <Vehicle>
    <Name>Tyrus</Name>
    <Class>Super</Class>
    <Disciplines>
      <Discipline>super</Discipline>
      <Discipline>tyrus</Discipline>
      <Discipline>tyrus</Discipline>
      <Discipline>sponsor</Discipline>
    </Disciplines>
    <Model>2067820283</Model>
    <Livery>0</Livery>
    <Acceleration ModelName="Tyrus">0.486</Acceleration>
    <Colors>
      <Primary>38</Primary>
      <Secondary>3</Secondary>
      <Pearl>120</Pearl>
      <Wheel>156</Wheel>
      <Dash>111</Dash>
      <Trim>111</Trim>
    </Colors>
    <WheelType>7</WheelType>
    <Mods>
      <Mod ModIndex="48">0</Mod>
    </Mods>
    <Extras />
  </Vehicle>
</Data>