<Data>
  <Vehicle>
    <Name>Vamos</Name>
    <Class>Muscle</Class>
    <Disciplines>
      <Discipline>muscle</Discipline>
      <Discipline>vamos</Discipline>
      <Discipline>vamos</Discipline>
    </Disciplines>
    <Model>-49115651</Model>
    <Livery>3</Livery>
    <Acceleration ModelName="Vamos">0.503</Acceleration>
    <Colors>
      <Primary>31</Primary>
      <Secondary>120</Secondary>
      <Pearl>27</Pearl>
      <Wheel>0</Wheel>
      <Dash>156</Dash>
      <Trim>2</Trim>
    </Colors>
    <WheelType>1</WheelType>
    <Mods>
      <Mod ModIndex="0">1</Mod>
      <Mod ModIndex="4">3</Mod>
      <Mod ModIndex="5">0</Mod>
      <Mod ModIndex="6">5</Mod>
      <Mod ModIndex="7">2</Mod>
      <Mod ModIndex="11">3</Mod>
      <Mod ModIndex="12">2</Mod>
      <Mod ModIndex="13">2</Mod>
      <Mod ModIndex="15">3</Mod>
      <Mod ModIndex="23">28</Mod>
      <Mod ModIndex="48">3</Mod>
      <Mod ModIndex="50">3</Mod>
      <Mod ModIndex="51">2</Mod>
      <Mod ModIndex="52">2</Mod>
      <Mod ModIndex="54">3</Mod>
      <Mod ModIndex="62">28</Mod>
      <ToggleMod ModIndex="18">1</ToggleMod>
      <ToggleMod ModIndex="57">1</ToggleMod>
    </Mods>
    <Extras />
  </Vehicle>
</Data>