<Data>
  <Vehicle>
    <Name>Kuruma Rally</Name>
    <Class>Sports</Class>
    <Disciplines>
      <Discipline>sports</Discipline>
      <Discipline>kurumar</Discipline>
      <Discipline>kurumarally</Discipline>
      <Discipline>sponsor</Discipline>
    </Disciplines>
    <Model>1637492109</Model>
    <Livery>12</Livery>
    <Acceleration ModelName="Kuruma Rally">0.305</Acceleration>
    <Colors>
      <Primary>38</Primary>
      <Secondary>3</Secondary>
      <Pearl>120</Pearl>
      <Wheel>156</Wheel>
      <Dash>0</Dash>
      <Trim>0</Trim>
    </Colors>
    <WheelType>0</WheelType>
    <Mods>
      <Mod ModIndex="48">12</Mod>
    </Mods>
    <Extras>
      <Extra>3</Extra>
    </Extras>
  </Vehicle>
</Data>