<Data>
  <Trackside Frozen="true" Flares="true">
    <Model>prop_wheel_tyre</Model>
    <Frecuency>20</Frecuency>
  </Trackside>
  <Name>Power Station (-1587369415)</Name>
  <Tags>
    <Tag>Senora Way</Tag>
    <Tag>Palmer-Taylor Power Station</Tag>
  </Tags>
  <Route>
    <Point>
      <X>2689.55</X>
      <Y>1628.5</Y>
      <Z>23.57</Z>
      <Wide>4</Wide>
    </Point>
    <Point>
      <X>2689.55</X>
      <Y>1627.5</Y>
      <Z>23.57</Z>
      <Wide>4</Wide>
    </Point>
    <Point>
      <X>2689.55</X>
      <Y>1625.6</Y>
      <Z>23.57</Z>
      <Wide>4</Wide>
    </Point>
    <Point>
      <X>2689.56</X>
      <Y>1624.6</Y>
      <Z>23.56</Z>
      <Wide>4</Wide>
    </Point>
    <Point>
      <X>2689.56</X>
      <Y>1623.6</Y>
      <Z>23.56</Z>
      <Wide>4</Wide>
    </Point>
    <Point>
      <X>2689.56</X>
      <Y>1622.6</Y>
      <Z>23.56</Z>
      <Wide>4</Wide>
    </Point>
    <Point>
      <X>2689.56</X>
      <Y>1621.6</Y>
      <Z>23.56</Z>
      <Wide>4</Wide>
    </Point>
    <Point>
      <X>2689.56</X>
      <Y>1620.6</Y>
      <Z>23.56</Z>
      <Wide>4</Wide>
    </Point>
    <Point>
      <X>2689.56</X>
      <Y>1619.6</Y>
      <Z>23.56</Z>
      <Wide>4</Wide>
    </Point>
    <Point>
      <X>2689.56</X>
      <Y>1618.6</Y>
      <Z>23.56</Z>
      <Wide>4</Wide>
    </Point>
    <Point>
      <X>2689.56</X>
      <Y>1617.6</Y>
      <Z>23.56</Z>
      <Wide>4</Wide>
    </Point>
    <Point>
      <X>2689.56</X>
      <Y>1616.6</Y>
      <Z>23.56</Z>
      <Wide>4</Wide>
    </Point>
    <Point>
      <X>2689.56</X>
      <Y>1615.6</Y>
      <Z>23.56</Z>
      <Wide>4</Wide>
    </Point>
    <Point>
      <X>2689.56</X>
      <Y>1614.6</Y>
      <Z>23.56</Z>
      <Wide>4</Wide>
    </Point>
    <Point>
      <X>2689.57</X>
      <Y>1613.6</Y>
      <Z>23.56</Z>
      <Wide>4</Wide>
    </Point>
    <Point>
      <X>2689.57</X>
      <Y>1612.6</Y>
      <Z>23.56</Z>
      <Wide>4</Wide>
    </Point>
    <Point>
      <X>2689.57</X>
      <Y>1611.6</Y>
      <Z>23.56</Z>
      <Wide>4</Wide>
    </Point>
    <Point>
      <X>2689.57</X>
      <Y>1610.6</Y>
      <Z>23.56</Z>
      <Wide>4</Wide>
    </Point>
    <Point>
      <X>2689.57</X>
      <Y>1609.6</Y>
      <Z>23.56</Z>
      <Wide>4</Wide>
    </Point>
    <Point>
      <X>2689.57</X>
      <Y>1608.6</Y>
      <Z>23.56</Z>
      <Wide>4</Wide>
    </Point>
    <Point>
      <X>2689.57</X>
      <Y>1607.6</Y>
      <Z>23.56</Z>
      <Wide>4</Wide>
    </Point>
    <Point>
      <X>2689.57</X>
      <Y>1606.6</Y>
      <Z>23.56</Z>
      <Wide>4</Wide>
    </Point>
    <Point>
      <X>2689.57</X>
      <Y>1605.6</Y>
      <Z>23.56</Z>
      <Wide>4</Wide>
    </Point>
    <Point>
      <X>2689.57</X>
      <Y>1604.6</Y>
      <Z>23.56</Z>
      <Wide>4</Wide>
    </Point>
    <Point>
      <X>2689.57</X>
      <Y>1603.6</Y>
      <Z>23.57</Z>
      <Wide>4</Wide>
    </Point>
    <Point>
      <X>2689.57</X>
      <Y>1602.5</Y>
      <Z>23.57</Z>
      <Wide>4</Wide>
    </Point>
    <Point>
      <X>2689.57</X>
      <Y>1601.6</Y>
      <Z>23.57</Z>
      <Wide>4</Wide>
    </Point>
    <Point>
      <X>2689.57</X>
      <Y>1600.5</Y>
      <Z>23.57</Z>
      <Wide>4</Wide>
    </Point>
    <Point>
      <X>2689.57</X>
      <Y>1599.5</Y>
      <Z>23.57</Z>
      <Wide>4</Wide>
    </Point>
    <Point>
      <X>2689.57</X>
      <Y>1598.6</Y>
      <Z>23.57</Z>
      <Wide>4</Wide>
    </Point>
    <Point>
      <X>2689.57</X>
      <Y>1597.5</Y>
      <Z>23.57</Z>
      <Wide>4</Wide>
    </Point>
    <Point>
      <X>2689.57</X>
      <Y>1596.5</Y>
      <Z>23.57</Z>
      <Wide>4</Wide>
    </Point>
    <Point>
      <X>2689.57</X>
      <Y>1595.5</Y>
      <Z>23.57</Z>
      <Wide>4</Wide>
    </Point>
    <Point>
      <X>2689.57</X>
      <Y>1594.5</Y>
      <Z>23.57</Z>
      <Wide>4</Wide>
    </Point>
    <Point>
      <X>2689.57</X>
      <Y>1593.5</Y>
      <Z>23.57</Z>
      <Wide>4</Wide>
    </Point>
    <Point>
      <X>2689.57</X>
      <Y>1592.5</Y>
      <Z>23.57</Z>
      <Wide>4</Wide>
    </Point>
    <Point>
      <X>2689.57</X>
      <Y>1591.5</Y>
      <Z>23.57</Z>
      <Wide>4</Wide>
    </Point>
    <Point>
      <X>2689.57</X>
      <Y>1590.5</Y>
      <Z>23.57</Z>
      <Wide>4</Wide>
    </Point>
    <Point>
      <X>2689.57</X>
      <Y>1589.5</Y>
      <Z>23.57</Z>
      <Wide>4</Wide>
    </Point>
    <Point>
      <X>2689.57</X>
      <Y>1588.5</Y>
      <Z>23.57</Z>
      <Wide>4</Wide>
    </Point>
    <Point>
      <X>2689.57</X>
      <Y>1587.5</Y>
      <Z>23.57</Z>
      <Wide>4</Wide>
    </Point>
    <Point>
      <X>2689.57</X>
      <Y>1586.5</Y>
      <Z>23.57</Z>
      <Wide>4</Wide>
    </Point>
    <Point>
      <X>2689.57</X>
      <Y>1585.5</Y>
      <Z>23.57</Z>
      <Wide>4</Wide>
    </Point>
    <Point>
      <X>2689.57</X>
      <Y>1584.5</Y>
      <Z>23.57</Z>
      <Wide>4</Wide>
    </Point>
    <Point>
      <X>2689.57</X>
      <Y>1583.5</Y>
      <Z>23.57</Z>
      <Wide>4</Wide>
    </Point>
    <Point>
      <X>2689.57</X>
      <Y>1582.5</Y>
      <Z>23.57</Z>
      <Wide>4</Wide>
    </Point>
    <Point>
      <X>2689.57</X>
      <Y>1581.5</Y>
      <Z>23.57</Z>
      <Wide>4</Wide>
    </Point>
    <Point>
      <X>2689.57</X>
      <Y>1580.6</Y>
      <Z>23.57</Z>
      <Wide>4</Wide>
    </Point>
    <Point>
      <X>2689.57</X>
      <Y>1579.5</Y>
      <Z>23.57</Z>
      <Wide>4</Wide>
    </Point>
    <Point>
      <X>2689.57</X>
      <Y>1578.6</Y>
      <Z>23.57</Z>
      <Wide>4</Wide>
    </Point>
    <Point>
      <X>2689.57</X>
      <Y>1577.6</Y>
      <Z>23.57</Z>
      <Wide>4</Wide>
    </Point>
    <Point>
      <X>2689.57</X>
      <Y>1576.5</Y>
      <Z>23.57</Z>
      <Wide>4</Wide>
    </Point>
    <Point>
      <X>2689.57</X>
      <Y>1575.6</Y>
      <Z>23.57</Z>
      <Wide>4</Wide>
    </Point>
    <Point>
      <X>2689.57</X>
      <Y>1574.6</Y>
      <Z>23.57</Z>
      <Wide>4</Wide>
    </Point>
    <Point>
      <X>2689.57</X>
      <Y>1573.6</Y>
      <Z>23.57</Z>
      <Wide>4</Wide>
    </Point>
    <Point>
      <X>2689.57</X>
      <Y>1572.6</Y>
      <Z>23.57</Z>
      <Wide>4</Wide>
    </Point>
    <Point>
      <X>2689.57</X>
      <Y>1571.6</Y>
      <Z>23.57</Z>
      <Wide>4</Wide>
    </Point>
    <Point>
      <X>2689.57</X>
      <Y>1570.6</Y>
      <Z>23.57</Z>
      <Wide>4</Wide>
    </Point>
    <Point>
      <X>2689.57</X>
      <Y>1569.6</Y>
      <Z>23.57</Z>
      <Wide>4</Wide>
    </Point>
    <Point>
      <X>2689.57</X>
      <Y>1568.6</Y>
      <Z>23.57</Z>
      <Wide>4</Wide>
    </Point>
    <Point>
      <X>2689.57</X>
      <Y>1567.6</Y>
      <Z>23.57</Z>
      <Wide>4</Wide>
    </Point>
    <Point>
      <X>2689.56</X>
      <Y>1566.6</Y>
      <Z>23.57</Z>
      <Wide>4</Wide>
    </Point>
    <Point>
      <X>2689.56</X>
      <Y>1565.6</Y>
      <Z>23.57</Z>
      <Wide>4</Wide>
    </Point>
    <Point>
      <X>2689.56</X>
      <Y>1564.6</Y>
      <Z>23.57</Z>
      <Wide>4</Wide>
    </Point>
    <Point>
      <X>2689.56</X>
      <Y>1563.6</Y>
      <Z>23.57</Z>
      <Wide>4</Wide>
    </Point>
    <Point>
      <X>2689.56</X>
      <Y>1562.6</Y>
      <Z>23.57</Z>
      <Wide>4</Wide>
    </Point>
    <Point>
      <X>2689.56</X>
      <Y>1561.6</Y>
      <Z>23.57</Z>
      <Wide>4</Wide>
    </Point>
    <Point>
      <X>2689.56</X>
      <Y>1560.6</Y>
      <Z>23.57</Z>
      <Wide>4</Wide>
    </Point>
    <Point>
      <X>2689.56</X>
      <Y>1559.6</Y>
      <Z>23.56</Z>
      <Wide>4</Wide>
    </Point>
    <Point>
      <X>2689.56</X>
      <Y>1558.6</Y>
      <Z>23.56</Z>
      <Wide>4</Wide>
    </Point>
    <Point>
      <X>2689.56</X>
      <Y>1557.6</Y>
      <Z>23.56</Z>
      <Wide>4</Wide>
    </Point>
    <Point>
      <X>2689.55</X>
      <Y>1556.6</Y>
      <Z>23.56</Z>
      <Wide>4</Wide>
    </Point>
    <Point>
      <X>2689.55</X>
      <Y>1555.6</Y>
      <Z>23.56</Z>
      <Wide>4</Wide>
    </Point>
    <Point>
      <X>2689.55</X>
      <Y>1554.6</Y>
      <Z>23.56</Z>
      <Wide>4</Wide>
    </Point>
    <Point>
      <X>2689.55</X>
      <Y>1553.6</Y>
      <Z>23.56</Z>
      <Wide>4</Wide>
    </Point>
    <Point>
      <X>2689.55</X>
      <Y>1552.6</Y>
      <Z>23.56</Z>
      <Wide>4</Wide>
    </Point>
    <Point>
      <X>2689.55</X>
      <Y>1551.6</Y>
      <Z>23.56</Z>
      <Wide>4</Wide>
    </Point>
    <Point>
      <X>2689.55</X>
      <Y>1550.6</Y>
      <Z>23.56</Z>
      <Wide>4</Wide>
    </Point>
    <Point>
      <X>2689.55</X>
      <Y>1549.6</Y>
      <Z>23.57</Z>
      <Wide>4</Wide>
    </Point>
    <Point>
      <X>2689.54</X>
      <Y>1548.6</Y>
      <Z>23.57</Z>
      <Wide>4</Wide>
    </Point>
    <Point>
      <X>2689.54</X>
      <Y>1547.6</Y>
      <Z>23.57</Z>
      <Wide>4</Wide>
    </Point>
    <Point>
      <X>2689.54</X>
      <Y>1546.6</Y>
      <Z>23.57</Z>
      <Wide>4</Wide>
    </Point>
    <Point>
      <X>2689.54</X>
      <Y>1545.6</Y>
      <Z>23.57</Z>
      <Wide>4</Wide>
    </Point>
    <Point>
      <X>2689.54</X>
      <Y>1544.6</Y>
      <Z>23.57</Z>
      <Wide>4</Wide>
    </Point>
    <Point>
      <X>2689.54</X>
      <Y>1543.6</Y>
      <Z>23.57</Z>
      <Wide>4</Wide>
    </Point>
    <Point>
      <X>2689.54</X>
      <Y>1542.6</Y>
      <Z>23.57</Z>
      <Wide>4</Wide>
    </Point>
    <Point>
      <X>2689.53</X>
      <Y>1541.6</Y>
      <Z>23.57</Z>
      <Wide>4</Wide>
    </Point>
    <Point>
      <X>2689.53</X>
      <Y>1540.6</Y>
      <Z>23.57</Z>
      <Wide>4</Wide>
    </Point>
    <Point>
      <X>2689.53</X>
      <Y>1539.6</Y>
      <Z>23.57</Z>
      <Wide>4</Wide>
    </Point>
    <Point>
      <X>2689.53</X>
      <Y>1538.6</Y>
      <Z>23.57</Z>
      <Wide>4</Wide>
    </Point>
    <Point>
      <X>2689.53</X>
      <Y>1537.6</Y>
      <Z>23.57</Z>
      <Wide>4</Wide>
    </Point>
    <Point>
      <X>2689.53</X>
      <Y>1536.6</Y>
      <Z>23.57</Z>
      <Wide>4</Wide>
    </Point>
    <Point>
      <X>2689.52</X>
      <Y>1535.6</Y>
      <Z>23.57</Z>
      <Wide>4</Wide>
    </Point>
    <Point>
      <X>2689.52</X>
      <Y>1534.6</Y>
      <Z>23.57</Z>
      <Wide>4</Wide>
    </Point>
    <Point>
      <X>2689.52</X>
      <Y>1533.6</Y>
      <Z>23.57</Z>
      <Wide>4</Wide>
    </Point>
    <Point>
      <X>2689.52</X>
      <Y>1532.6</Y>
      <Z>23.57</Z>
      <Wide>4</Wide>
    </Point>
    <Point>
      <X>2689.52</X>
      <Y>1531.6</Y>
      <Z>23.57</Z>
      <Wide>4</Wide>
    </Point>
    <Point>
      <X>2689.51</X>
      <Y>1530.6</Y>
      <Z>23.57</Z>
      <Wide>4</Wide>
    </Point>
    <Point>
      <X>2689.51</X>
      <Y>1529.6</Y>
      <Z>23.57</Z>
      <Wide>4</Wide>
    </Point>
    <Point>
      <X>2689.51</X>
      <Y>1528.6</Y>
      <Z>23.57</Z>
      <Wide>4</Wide>
    </Point>
    <Point>
      <X>2689.51</X>
      <Y>1527.6</Y>
      <Z>23.57</Z>
      <Wide>4</Wide>
    </Point>
    <Point>
      <X>2689.51</X>
      <Y>1526.6</Y>
      <Z>23.57</Z>
      <Wide>4</Wide>
    </Point>
    <Point>
      <X>2689.5</X>
      <Y>1525.6</Y>
      <Z>23.57</Z>
      <Wide>4</Wide>
    </Point>
    <Point>
      <X>2689.5</X>
      <Y>1524.6</Y>
      <Z>23.57</Z>
      <Wide>4</Wide>
    </Point>
    <Point>
      <X>2689.5</X>
      <Y>1523.6</Y>
      <Z>23.57</Z>
      <Wide>4</Wide>
    </Point>
    <Point>
      <X>2689.5</X>
      <Y>1522.6</Y>
      <Z>23.57</Z>
      <Wide>4</Wide>
    </Point>
    <Point>
      <X>2689.49</X>
      <Y>1520.7</Y>
      <Z>23.57</Z>
      <Wide>4</Wide>
    </Point>
    <Point>
      <X>2689.49</X>
      <Y>1519.7</Y>
      <Z>23.57</Z>
      <Wide>4</Wide>
    </Point>
    <Point>
      <X>2689.49</X>
      <Y>1518.7</Y>
      <Z>23.57</Z>
      <Wide>4</Wide>
    </Point>
    <Point>
      <X>2689.48</X>
      <Y>1517.7</Y>
      <Z>23.57</Z>
      <Wide>4</Wide>
    </Point>
    <Point>
      <X>2689.48</X>
      <Y>1516.7</Y>
      <Z>23.57</Z>
      <Wide>4</Wide>
    </Point>
    <Point>
      <X>2689.48</X>
      <Y>1515.7</Y>
      <Z>23.57</Z>
      <Wide>4</Wide>
    </Point>
    <Point>
      <X>2689.48</X>
      <Y>1514.7</Y>
      <Z>23.57</Z>
      <Wide>4</Wide>
    </Point>
    <Point>
      <X>2689.47</X>
      <Y>1513.7</Y>
      <Z>23.57</Z>
      <Wide>4</Wide>
    </Point>
    <Point>
      <X>2689.47</X>
      <Y>1512.7</Y>
      <Z>23.57</Z>
      <Wide>4</Wide>
    </Point>
    <Point>
      <X>2689.47</X>
      <Y>1511.7</Y>
      <Z>23.57</Z>
      <Wide>4</Wide>
    </Point>
    <Point>
      <X>2689.47</X>
      <Y>1510.7</Y>
      <Z>23.58</Z>
      <Wide>4</Wide>
    </Point>
    <Point>
      <X>2689.46</X>
      <Y>1509.7</Y>
      <Z>23.57</Z>
      <Wide>4</Wide>
    </Point>
    <Point>
      <X>2689.46</X>
      <Y>1508.7</Y>
      <Z>23.57</Z>
      <Wide>4</Wide>
    </Point>
    <Point>
      <X>2689.46</X>
      <Y>1507.7</Y>
      <Z>23.57</Z>
      <Wide>4</Wide>
    </Point>
    <Point>
      <X>2689.45</X>
      <Y>1506.7</Y>
      <Z>23.57</Z>
      <Wide>4</Wide>
    </Point>
    <Point>
      <X>2689.45</X>
      <Y>1505.7</Y>
      <Z>23.57</Z>
      <Wide>4</Wide>
    </Point>
    <Point>
      <X>2689.45</X>
      <Y>1504.7</Y>
      <Z>23.57</Z>
      <Wide>4</Wide>
    </Point>
    <Point>
      <X>2689.45</X>
      <Y>1503.7</Y>
      <Z>23.57</Z>
      <Wide>4</Wide>
    </Point>
    <Point>
      <X>2689.44</X>
      <Y>1502.7</Y>
      <Z>23.57</Z>
      <Wide>4</Wide>
    </Point>
    <Point>
      <X>2689.44</X>
      <Y>1501.6</Y>
      <Z>23.57</Z>
      <Wide>4</Wide>
    </Point>
    <Point>
      <X>2689.44</X>
      <Y>1500.7</Y>
      <Z>23.57</Z>
      <Wide>4</Wide>
    </Point>
    <Point>
      <X>2689.43</X>
      <Y>1499.7</Y>
      <Z>23.57</Z>
      <Wide>4</Wide>
    </Point>
    <Point>
      <X>2689.43</X>
      <Y>1498.7</Y>
      <Z>23.58</Z>
      <Wide>4</Wide>
    </Point>
    <Point>
      <X>2689.43</X>
      <Y>1497.7</Y>
      <Z>23.57</Z>
      <Wide>4</Wide>
    </Point>
    <Point>
      <X>2689.42</X>
      <Y>1496.7</Y>
      <Z>23.57</Z>
      <Wide>4</Wide>
    </Point>
    <Point>
      <X>2689.42</X>
      <Y>1495.7</Y>
      <Z>23.57</Z>
      <Wide>4</Wide>
    </Point>
    <Point>
      <X>2689.42</X>
      <Y>1494.7</Y>
      <Z>23.57</Z>
      <Wide>4</Wide>
    </Point>
    <Point>
      <X>2689.42</X>
      <Y>1493.7</Y>
      <Z>23.57</Z>
      <Wide>4</Wide>
    </Point>
    <Point>
      <X>2689.41</X>
      <Y>1492.7</Y>
      <Z>23.57</Z>
      <Wide>4</Wide>
    </Point>
    <Point>
      <X>2689.41</X>
      <Y>1491.7</Y>
      <Z>23.57</Z>
      <Wide>4</Wide>
    </Point>
    <Point>
      <X>2689.41</X>
      <Y>1490.7</Y>
      <Z>23.57</Z>
      <Wide>4</Wide>
    </Point>
    <Point>
      <X>2689.4</X>
      <Y>1489.7</Y>
      <Z>23.57</Z>
      <Wide>4</Wide>
    </Point>
    <Point>
      <X>2689.4</X>
      <Y>1488.7</Y>
      <Z>23.57</Z>
      <Wide>4</Wide>
    </Point>
    <Point>
      <X>2689.4</X>
      <Y>1487.7</Y>
      <Z>23.57</Z>
      <Wide>4</Wide>
    </Point>
    <Point>
      <X>2689.39</X>
      <Y>1486.7</Y>
      <Z>23.58</Z>
      <Wide>4</Wide>
    </Point>
    <Point>
      <X>2689.39</X>
      <Y>1485.7</Y>
      <Z>23.58</Z>
      <Wide>4</Wide>
    </Point>
    <Point>
      <X>2689.39</X>
      <Y>1484.7</Y>
      <Z>23.57</Z>
      <Wide>4</Wide>
    </Point>
    <Point>
      <X>2689.38</X>
      <Y>1483.7</Y>
      <Z>23.57</Z>
      <Wide>4</Wide>
    </Point>
    <Point>
      <X>2689.38</X>
      <Y>1482.7</Y>
      <Z>23.57</Z>
      <Wide>4</Wide>
    </Point>
    <Point>
      <X>2689.37</X>
      <Y>1481.7</Y>
      <Z>23.57</Z>
      <Wide>4</Wide>
    </Point>
    <Point>
      <X>2689.37</X>
      <Y>1480.7</Y>
      <Z>23.57</Z>
      <Wide>4</Wide>
    </Point>
    <Point>
      <X>2689.37</X>
      <Y>1479.7</Y>
      <Z>23.57</Z>
      <Wide>4</Wide>
    </Point>
    <Point>
      <X>2689.36</X>
      <Y>1478.7</Y>
      <Z>23.57</Z>
      <Wide>4</Wide>
    </Point>
    <Point>
      <X>2689.36</X>
      <Y>1477.7</Y>
      <Z>23.57</Z>
      <Wide>4</Wide>
    </Point>
    <Point>
      <X>2689.36</X>
      <Y>1476.6</Y>
      <Z>23.57</Z>
      <Wide>4</Wide>
    </Point>
    <Point>
      <X>2689.35</X>
      <Y>1475.7</Y>
      <Z>23.58</Z>
      <Wide>4</Wide>
    </Point>
    <Point>
      <X>2689.35</X>
      <Y>1474.7</Y>
      <Z>23.58</Z>
      <Wide>4</Wide>
    </Point>
    <Point>
      <X>2689.35</X>
      <Y>1473.7</Y>
      <Z>23.58</Z>
      <Wide>4</Wide>
    </Point>
    <Point>
      <X>2689.34</X>
      <Y>1472.7</Y>
      <Z>23.57</Z>
      <Wide>4</Wide>
    </Point>
    <Point>
      <X>2689.34</X>
      <Y>1471.7</Y>
      <Z>23.57</Z>
      <Wide>4</Wide>
    </Point>
    <Point>
      <X>2689.33</X>
      <Y>1470.7</Y>
      <Z>23.57</Z>
      <Wide>4</Wide>
    </Point>
    <Point>
      <X>2689.33</X>
      <Y>1469.7</Y>
      <Z>23.57</Z>
      <Wide>4</Wide>
    </Point>
    <Point>
      <X>2689.33</X>
      <Y>1468.7</Y>
      <Z>23.57</Z>
      <Wide>4</Wide>
    </Point>
    <Point>
      <X>2689.32</X>
      <Y>1467.7</Y>
      <Z>23.57</Z>
      <Wide>4</Wide>
    </Point>
    <Point>
      <X>2689.32</X>
      <Y>1466.7</Y>
      <Z>23.57</Z>
      <Wide>4</Wide>
    </Point>
    <Point>
      <X>2689.32</X>
      <Y>1465.7</Y>
      <Z>23.57</Z>
      <Wide>4</Wide>
    </Point>
    <Point>
      <X>2689.31</X>
      <Y>1464.7</Y>
      <Z>23.57</Z>
      <Wide>4</Wide>
    </Point>
    <Point>
      <X>2689.31</X>
      <Y>1463.6</Y>
      <Z>23.58</Z>
      <Wide>4</Wide>
    </Point>
    <Point>
      <X>2689.3</X>
      <Y>1462.7</Y>
      <Z>23.58</Z>
      <Wide>4</Wide>
    </Point>
    <Point>
      <X>2689.3</X>
      <Y>1461.7</Y>
      <Z>23.58</Z>
      <Wide>4</Wide>
    </Point>
    <Point>
      <X>2689.3</X>
      <Y>1460.7</Y>
      <Z>23.58</Z>
      <Wide>4</Wide>
    </Point>
    <Point>
      <X>2689.29</X>
      <Y>1459.7</Y>
      <Z>23.57</Z>
      <Wide>4</Wide>
    </Point>
    <Point>
      <X>2689.29</X>
      <Y>1458.7</Y>
      <Z>23.57</Z>
      <Wide>4</Wide>
    </Point>
    <Point>
      <X>2689.28</X>
      <Y>1457.7</Y>
      <Z>23.57</Z>
      <Wide>4</Wide>
    </Point>
    <Point>
      <X>2689.28</X>
      <Y>1456.7</Y>
      <Z>23.57</Z>
      <Wide>4</Wide>
    </Point>
    <Point>
      <X>2689.27</X>
      <Y>1455.7</Y>
      <Z>23.57</Z>
      <Wide>4</Wide>
    </Point>
    <Point>
      <X>2689.27</X>
      <Y>1454.7</Y>
      <Z>23.57</Z>
      <Wide>4</Wide>
    </Point>
    <Point>
      <X>2689.27</X>
      <Y>1453.7</Y>
      <Z>23.57</Z>
      <Wide>4</Wide>
    </Point>
    <Point>
      <X>2689.26</X>
      <Y>1452.6</Y>
      <Z>23.57</Z>
      <Wide>4</Wide>
    </Point>
    <Point>
      <X>2689.26</X>
      <Y>1451.7</Y>
      <Z>23.58</Z>
      <Wide>4</Wide>
    </Point>
    <Point>
      <X>2689.25</X>
      <Y>1450.7</Y>
      <Z>23.58</Z>
      <Wide>4</Wide>
    </Point>
    <Point>
      <X>2689.25</X>
      <Y>1449.7</Y>
      <Z>23.58</Z>
      <Wide>4</Wide>
    </Point>
    <Point>
      <X>2689.25</X>
      <Y>1448.7</Y>
      <Z>23.58</Z>
      <Wide>4</Wide>
    </Point>
    <Point>
      <X>2689.24</X>
      <Y>1447.7</Y>
      <Z>23.58</Z>
      <Wide>4</Wide>
    </Point>
    <Point>
      <X>2689.24</X>
      <Y>1446.7</Y>
      <Z>23.58</Z>
      <Wide>4</Wide>
    </Point>
    <Point>
      <X>2689.23</X>
      <Y>1445.7</Y>
      <Z>23.58</Z>
      <Wide>4</Wide>
    </Point>
    <Point>
      <X>2689.23</X>
      <Y>1444.7</Y>
      <Z>23.58</Z>
      <Wide>4</Wide>
    </Point>
    <Point>
      <X>2689.22</X>
      <Y>1443.7</Y>
      <Z>23.58</Z>
      <Wide>4</Wide>
    </Point>
    <Point>
      <X>2689.22</X>
      <Y>1442.6</Y>
      <Z>23.58</Z>
      <Wide>4</Wide>
    </Point>
    <Point>
      <X>2689.21</X>
      <Y>1441.7</Y>
      <Z>23.58</Z>
      <Wide>4</Wide>
    </Point>
    <Point>
      <X>2689.21</X>
      <Y>1440.7</Y>
      <Z>23.58</Z>
      <Wide>4</Wide>
    </Point>
    <Point>
      <X>2689.2</X>
      <Y>1439.7</Y>
      <Z>23.58</Z>
      <Wide>4</Wide>
    </Point>
    <Point>
      <X>2689.2</X>
      <Y>1438.7</Y>
      <Z>23.58</Z>
      <Wide>4</Wide>
    </Point>
    <Point>
      <X>2689.2</X>
      <Y>1437.7</Y>
      <Z>23.58</Z>
      <Wide>4</Wide>
    </Point>
    <Point>
      <X>2689.19</X>
      <Y>1436.7</Y>
      <Z>23.57</Z>
      <Wide>4</Wide>
    </Point>
    <Point>
      <X>2689.19</X>
      <Y>1435.7</Y>
      <Z>23.57</Z>
      <Wide>4</Wide>
    </Point>
    <Point>
      <X>2689.18</X>
      <Y>1434.7</Y>
      <Z>23.57</Z>
      <Wide>4</Wide>
    </Point>
    <Point>
      <X>2689.18</X>
      <Y>1433.7</Y>
      <Z>23.57</Z>
      <Wide>4</Wide>
    </Point>
    <Point>
      <X>2689.17</X>
      <Y>1432.6</Y>
      <Z>23.57</Z>
      <Wide>4</Wide>
    </Point>
    <Point>
      <X>2689.17</X>
      <Y>1431.7</Y>
      <Z>23.57</Z>
      <Wide>4</Wide>
    </Point>
    <Point>
      <X>2689.16</X>
      <Y>1430.7</Y>
      <Z>23.57</Z>
      <Wide>4</Wide>
    </Point>
    <Point>
      <X>2689.16</X>
      <Y>1429.7</Y>
      <Z>23.57</Z>
      <Wide>4</Wide>
    </Point>
    <Point>
      <X>2689.15</X>
      <Y>1428.7</Y>
      <Z>23.57</Z>
      <Wide>4</Wide>
    </Point>
    <Point>
      <X>2689.15</X>
      <Y>1427.7</Y>
      <Z>23.58</Z>
      <Wide>4</Wide>
    </Point>
    <Point>
      <X>2689.14</X>
      <Y>1426.7</Y>
      <Z>23.58</Z>
      <Wide>4</Wide>
    </Point>
    <Point>
      <X>2689.14</X>
      <Y>1425.7</Y>
      <Z>23.58</Z>
      <Wide>4</Wide>
    </Point>
    <Point>
      <X>2689.13</X>
      <Y>1423.71</Y>
      <Z>23.58</Z>
      <Wide>4</Wide>
    </Point>
    <Point>
      <X>2689.13</X>
      <Y>1422.71</Y>
      <Z>23.58</Z>
      <Wide>4</Wide>
    </Point>
    <Point>
      <X>2689.13</X>
      <Y>1421.71</Y>
      <Z>23.57</Z>
      <Wide>4</Wide>
    </Point>
    <Point>
      <X>2689.14</X>
      <Y>1420.71</Y>
      <Z>23.57</Z>
      <Wide>4</Wide>
    </Point>
    <Point>
      <X>2689.14</X>
      <Y>1419.71</Y>
      <Z>23.57</Z>
      <Wide>4</Wide>
    </Point>
    <Point>
      <X>2689.15</X>
      <Y>1418.71</Y>
      <Z>23.57</Z>
      <Wide>4</Wide>
    </Point>
    <Point>
      <X>2689.15</X>
      <Y>1417.71</Y>
      <Z>23.57</Z>
      <Wide>4</Wide>
    </Point>
    <Point>
      <X>2689.16</X>
      <Y>1416.7</Y>
      <Z>23.57</Z>
      <Wide>4</Wide>
    </Point>
    <Point>
      <X>2689.3</X>
      <Y>1414.35</Y>
      <Z>23.57</Z>
      <Wide>4</Wide>
    </Point>
    <Point>
      <X>2689.48</X>
      <Y>1413.08</Y>
      <Z>23.57</Z>
      <Wide>4</Wide>
    </Point>
    <Point>
      <X>2689.74</X>
      <Y>1411.88</Y>
      <Z>23.57</Z>
      <Wide>4</Wide>
    </Point>
    <Point>
      <X>2690.07</X>
      <Y>1410.75</Y>
      <Z>23.57</Z>
      <Wide>4</Wide>
    </Point>
    <Point>
      <X>2690.48</X>
      <Y>1409.72</Y>
      <Z>23.56</Z>
      <Wide>4</Wide>
    </Point>
    <Point>
      <X>2690.97</X>
      <Y>1408.74</Y>
      <Z>23.56</Z>
      <Wide>4</Wide>
    </Point>
    <Point>
      <X>2691.52</X>
      <Y>1407.86</Y>
      <Z>23.56</Z>
      <Wide>4</Wide>
    </Point>
    <Point>
      <X>2692.14</X>
      <Y>1407.04</Y>
      <Z>23.56</Z>
      <Wide>4</Wide>
    </Point>
    <Point>
      <X>2692.83</X>
      <Y>1406.31</Y>
      <Z>23.55</Z>
      <Wide>4</Wide>
    </Point>
    <Point>
      <X>2693.59</X>
      <Y>1405.66</Y>
      <Z>23.55</Z>
      <Wide>4</Wide>
    </Point>
    <Point>
      <X>2694.42</X>
      <Y>1405.07</Y>
      <Z>23.54</Z>
      <Wide>4</Wide>
    </Point>
    <Point>
      <X>2695.3</X>
      <Y>1404.56</Y>
      <Z>23.54</Z>
      <Wide>4</Wide>
    </Point>
    <Point>
      <X>2696.23</X>
      <Y>1404.12</Y>
      <Z>23.54</Z>
      <Wide>4</Wide>
    </Point>
    <Point>
      <X>2697.24</X>
      <Y>1403.75</Y>
      <Z>23.55</Z>
      <Wide>4</Wide>
    </Point>
    <Point>
      <X>2698.3</X>
      <Y>1403.44</Y>
      <Z>23.55</Z>
      <Wide>4</Wide>
    </Point>
    <Point>
      <X>2699.43</X>
      <Y>1403.2</Y>
      <Z>23.55</Z>
      <Wide>4</Wide>
    </Point>
    <Point>
      <X>2700.63</X>
      <Y>1403.03</Y>
      <Z>23.55</Z>
      <Wide>4</Wide>
    </Point>
    <Point>
      <X>2701.88</X>
      <Y>1402.91</Y>
      <Z>23.55</Z>
      <Wide>4</Wide>
    </Point>
    <Point>
      <X>2703.21</X>
      <Y>1402.87</Y>
      <Z>23.55</Z>
      <Wide>4</Wide>
    </Point>
    <Point>
      <X>2705.2</X>
      <Y>1402.81</Y>
      <Z>23.55</Z>
      <Wide>4</Wide>
    </Point>
    <Point>
      <X>2706.21</X>
      <Y>1402.79</Y>
      <Z>23.55</Z>
      <Wide>4</Wide>
    </Point>
    <Point>
      <X>2707.21</X>
      <Y>1402.77</Y>
      <Z>23.55</Z>
      <Wide>4</Wide>
    </Point>
    <Point>
      <X>2708.2</X>
      <Y>1402.76</Y>
      <Z>23.56</Z>
      <Wide>4</Wide>
    </Point>
    <Point>
      <X>2709.2</X>
      <Y>1402.76</Y>
      <Z>23.56</Z>
      <Wide>4</Wide>
    </Point>
    <Point>
      <X>2710.2</X>
      <Y>1402.76</Y>
      <Z>23.56</Z>
      <Wide>4</Wide>
    </Point>
    <Point>
      <X>2712.16</X>
      <Y>1402.76</Y>
      <Z>23.56</Z>
      <Wide>4</Wide>
    </Point>
    <Point>
      <X>2713.16</X>
      <Y>1402.76</Y>
      <Z>23.56</Z>
      <Wide>4</Wide>
    </Point>
    <Point>
      <X>2714.16</X>
      <Y>1402.77</Y>
      <Z>23.56</Z>
      <Wide>4</Wide>
    </Point>
    <Point>
      <X>2715.16</X>
      <Y>1402.77</Y>
      <Z>23.56</Z>
      <Wide>4</Wide>
    </Point>
    <Point>
      <X>2716.16</X>
      <Y>1402.77</Y>
      <Z>23.56</Z>
      <Wide>4</Wide>
    </Point>
    <Point>
      <X>2717.16</X>
      <Y>1402.77</Y>
      <Z>23.56</Z>
      <Wide>4</Wide>
    </Point>
    <Point>
      <X>2718.16</X>
      <Y>1402.77</Y>
      <Z>23.56</Z>
      <Wide>4</Wide>
    </Point>
    <Point>
      <X>2719.16</X>
      <Y>1402.77</Y>
      <Z>23.56</Z>
      <Wide>4</Wide>
    </Point>
    <Point>
      <X>2720.16</X>
      <Y>1402.78</Y>
      <Z>23.56</Z>
      <Wide>4</Wide>
    </Point>
    <Point>
      <X>2721.16</X>
      <Y>1402.78</Y>
      <Z>23.56</Z>
      <Wide>4</Wide>
    </Point>
    <Point>
      <X>2722.16</X>
      <Y>1402.78</Y>
      <Z>23.56</Z>
      <Wide>4</Wide>
    </Point>
    <Point>
      <X>2723.16</X>
      <Y>1402.78</Y>
      <Z>23.56</Z>
      <Wide>4</Wide>
    </Point>
    <Point>
      <X>2724.16</X>
      <Y>1402.78</Y>
      <Z>23.56</Z>
      <Wide>4</Wide>
    </Point>
    <Point>
      <X>2725.16</X>
      <Y>1402.78</Y>
      <Z>23.56</Z>
      <Wide>4</Wide>
    </Point>
    <Point>
      <X>2726.16</X>
      <Y>1402.78</Y>
      <Z>23.56</Z>
      <Wide>4</Wide>
    </Point>
    <Point>
      <X>2727.16</X>
      <Y>1402.79</Y>
      <Z>23.56</Z>
      <Wide>4</Wide>
    </Point>
    <Point>
      <X>2728.16</X>
      <Y>1402.79</Y>
      <Z>23.56</Z>
      <Wide>4</Wide>
    </Point>
    <Point>
      <X>2729.16</X>
      <Y>1402.79</Y>
      <Z>23.56</Z>
      <Wide>4</Wide>
    </Point>
    <Point>
      <X>2730.16</X>
      <Y>1402.79</Y>
      <Z>23.56</Z>
      <Wide>4</Wide>
    </Point>
    <Point>
      <X>2731.16</X>
      <Y>1402.79</Y>
      <Z>23.56</Z>
      <Wide>4</Wide>
    </Point>
    <Point>
      <X>2732.16</X>
      <Y>1402.79</Y>
      <Z>23.56</Z>
      <Wide>4</Wide>
    </Point>
    <Point>
      <X>2733.16</X>
      <Y>1402.79</Y>
      <Z>23.56</Z>
      <Wide>4</Wide>
    </Point>
    <Point>
      <X>2734.16</X>
      <Y>1402.79</Y>
      <Z>23.56</Z>
      <Wide>4</Wide>
    </Point>
    <Point>
      <X>2735.16</X>
      <Y>1402.79</Y>
      <Z>23.56</Z>
      <Wide>4</Wide>
    </Point>
    <Point>
      <X>2736.16</X>
      <Y>1402.79</Y>
      <Z>23.56</Z>
      <Wide>4</Wide>
    </Point>
    <Point>
      <X>2737.16</X>
      <Y>1402.8</Y>
      <Z>23.56</Z>
      <Wide>4</Wide>
    </Point>
    <Point>
      <X>2738.16</X>
      <Y>1402.8</Y>
      <Z>23.56</Z>
      <Wide>4</Wide>
    </Point>
    <Point>
      <X>2739.16</X>
      <Y>1402.8</Y>
      <Z>23.56</Z>
      <Wide>4</Wide>
    </Point>
    <Point>
      <X>2740.16</X>
      <Y>1402.8</Y>
      <Z>23.56</Z>
      <Wide>4</Wide>
    </Point>
    <Point>
      <X>2741.16</X>
      <Y>1402.8</Y>
      <Z>23.56</Z>
      <Wide>4</Wide>
    </Point>
    <Point>
      <X>2742.16</X>
      <Y>1402.8</Y>
      <Z>23.56</Z>
      <Wide>4</Wide>
    </Point>
    <Point>
      <X>2743.16</X>
      <Y>1402.8</Y>
      <Z>23.56</Z>
      <Wide>4</Wide>
    </Point>
    <Point>
      <X>2744.16</X>
      <Y>1402.8</Y>
      <Z>23.56</Z>
      <Wide>4</Wide>
    </Point>
    <Point>
      <X>2745.16</X>
      <Y>1402.8</Y>
      <Z>23.55</Z>
      <Wide>4</Wide>
    </Point>
    <Point>
      <X>2746.16</X>
      <Y>1402.8</Y>
      <Z>23.55</Z>
      <Wide>4</Wide>
    </Point>
    <Point>
      <X>2748.39</X>
      <Y>1402.88</Y>
      <Z>23.53</Z>
      <Wide>4</Wide>
    </Point>
    <Point>
      <X>2749.58</X>
      <Y>1403</Y>
      <Z>23.51</Z>
      <Wide>4</Wide>
    </Point>
    <Point>
      <X>2750.74</X>
      <Y>1403.17</Y>
      <Z>23.5</Z>
      <Wide>4</Wide>
    </Point>
    <Point>
      <X>2751.83</X>
      <Y>1403.39</Y>
      <Z>23.49</Z>
      <Wide>4</Wide>
    </Point>
    <Point>
      <X>2752.9</X>
      <Y>1403.66</Y>
      <Z>23.48</Z>
      <Wide>4</Wide>
    </Point>
    <Point>
      <X>2753.94</X>
      <Y>1403.99</Y>
      <Z>23.47</Z>
      <Wide>4</Wide>
    </Point>
    <Point>
      <X>2754.94</X>
      <Y>1404.37</Y>
      <Z>23.46</Z>
      <Wide>4</Wide>
    </Point>
    <Point>
      <X>2755.88</X>
      <Y>1404.79</Y>
      <Z>23.47</Z>
      <Wide>4</Wide>
    </Point>
    <Point>
      <X>2756.8</X>
      <Y>1405.27</Y>
      <Z>23.48</Z>
      <Wide>4</Wide>
    </Point>
    <Point>
      <X>2757.66</X>
      <Y>1405.78</Y>
      <Z>23.49</Z>
      <Wide>4</Wide>
    </Point>
    <Point>
      <X>2758.48</X>
      <Y>1406.35</Y>
      <Z>23.5</Z>
      <Wide>4</Wide>
    </Point>
    <Point>
      <X>2759.27</X>
      <Y>1406.97</Y>
      <Z>23.5</Z>
      <Wide>4</Wide>
    </Point>
    <Point>
      <X>2760.02</X>
      <Y>1407.64</Y>
      <Z>23.5</Z>
      <Wide>4</Wide>
    </Point>
    <Point>
      <X>2760.73</X>
      <Y>1408.35</Y>
      <Z>23.49</Z>
      <Wide>4</Wide>
    </Point>
    <Point>
      <X>2761.41</X>
      <Y>1409.12</Y>
      <Z>23.51</Z>
      <Wide>4</Wide>
    </Point>
    <Point>
      <X>2762.03</X>
      <Y>1409.91</Y>
      <Z>23.51</Z>
      <Wide>4</Wide>
    </Point>
    <Point>
      <X>2762.62</X>
      <Y>1410.75</Y>
      <Z>23.51</Z>
      <Wide>4</Wide>
    </Point>
    <Point>
      <X>2763.18</X>
      <Y>1411.67</Y>
      <Z>23.52</Z>
      <Wide>4</Wide>
    </Point>
    <Point>
      <X>2763.7</X>
      <Y>1412.6</Y>
      <Z>23.52</Z>
      <Wide>4</Wide>
    </Point>
    <Point>
      <X>2764.18</X>
      <Y>1413.59</Y>
      <Z>23.52</Z>
      <Wide>4</Wide>
    </Point>
    <Point>
      <X>2764.62</X>
      <Y>1414.62</Y>
      <Z>23.52</Z>
      <Wide>4</Wide>
    </Point>
    <Point>
      <X>2765.03</X>
      <Y>1415.7</Y>
      <Z>23.52</Z>
      <Wide>4</Wide>
    </Point>
    <Point>
      <X>2765.4</X>
      <Y>1416.82</Y>
      <Z>23.53</Z>
      <Wide>4</Wide>
    </Point>
    <Point>
      <X>2765.74</X>
      <Y>1418</Y>
      <Z>23.53</Z>
      <Wide>4</Wide>
    </Point>
    <Point>
      <X>2766.29</X>
      <Y>1419.91</Y>
      <Z>23.53</Z>
      <Wide>4</Wide>
    </Point>
    <Point>
      <X>2766.56</X>
      <Y>1420.87</Y>
      <Z>23.53</Z>
      <Wide>4</Wide>
    </Point>
    <Point>
      <X>2766.84</X>
      <Y>1421.84</Y>
      <Z>23.53</Z>
      <Wide>4</Wide>
    </Point>
    <Point>
      <X>2767.11</X>
      <Y>1422.8</Y>
      <Z>23.53</Z>
      <Wide>4</Wide>
    </Point>
    <Point>
      <X>2767.38</X>
      <Y>1423.76</Y>
      <Z>23.52</Z>
      <Wide>4</Wide>
    </Point>
    <Point>
      <X>2767.65</X>
      <Y>1424.73</Y>
      <Z>23.52</Z>
      <Wide>4</Wide>
    </Point>
    <Point>
      <X>2767.91</X>
      <Y>1425.68</Y>
      <Z>23.52</Z>
      <Wide>4</Wide>
    </Point>
    <Point>
      <X>2768.18</X>
      <Y>1426.66</Y>
      <Z>23.53</Z>
      <Wide>4</Wide>
    </Point>
    <Point>
      <X>2768.44</X>
      <Y>1427.62</Y>
      <Z>23.53</Z>
      <Wide>4</Wide>
    </Point>
    <Point>
      <X>2768.7</X>
      <Y>1428.58</Y>
      <Z>23.53</Z>
      <Wide>4</Wide>
    </Point>
    <Point>
      <X>2769.21</X>
      <Y>1430.43</Y>
      <Z>23.53</Z>
      <Wide>4</Wide>
    </Point>
    <Point>
      <X>2769.49</X>
      <Y>1431.47</Y>
      <Z>23.53</Z>
      <Wide>4</Wide>
    </Point>
    <Point>
      <X>2769.75</X>
      <Y>1432.44</Y>
      <Z>23.53</Z>
      <Wide>4</Wide>
    </Point>
    <Point>
      <X>2770.02</X>
      <Y>1433.4</Y>
      <Z>23.53</Z>
      <Wide>4</Wide>
    </Point>
    <Point>
      <X>2770.26</X>
      <Y>1434.29</Y>
      <Z>23.53</Z>
      <Wide>4</Wide>
    </Point>
    <Point>
      <X>2770.54</X>
      <Y>1435.33</Y>
      <Z>23.53</Z>
      <Wide>4</Wide>
    </Point>
    <Point>
      <X>2770.78</X>
      <Y>1436.22</Y>
      <Z>23.52</Z>
      <Wide>4</Wide>
    </Point>
    <Point>
      <X>2771.07</X>
      <Y>1437.26</Y>
      <Z>23.53</Z>
      <Wide>4</Wide>
    </Point>
    <Point>
      <X>2771.31</X>
      <Y>1438.15</Y>
      <Z>23.53</Z>
      <Wide>4</Wide>
    </Point>
    <Point>
      <X>2771.59</X>
      <Y>1439.19</Y>
      <Z>23.53</Z>
      <Wide>4</Wide>
    </Point>
    <Point>
      <X>2771.83</X>
      <Y>1440.08</Y>
      <Z>23.53</Z>
      <Wide>4</Wide>
    </Point>
    <Point>
      <X>2772.1</X>
      <Y>1441.05</Y>
      <Z>23.53</Z>
      <Wide>4</Wide>
    </Point>
    <Point>
      <X>2772.38</X>
      <Y>1442.09</Y>
      <Z>23.53</Z>
      <Wide>4</Wide>
    </Point>
    <Point>
      <X>2772.62</X>
      <Y>1442.98</Y>
      <Z>23.54</Z>
      <Wide>4</Wide>
    </Point>
    <Point>
      <X>2772.88</X>
      <Y>1443.94</Y>
      <Z>23.54</Z>
      <Wide>4</Wide>
    </Point>
    <Point>
      <X>2773.15</X>
      <Y>1444.91</Y>
      <Z>23.54</Z>
      <Wide>4</Wide>
    </Point>
    <Point>
      <X>2773.41</X>
      <Y>1445.87</Y>
      <Z>23.54</Z>
      <Wide>4</Wide>
    </Point>
    <Point>
      <X>2773.69</X>
      <Y>1446.91</Y>
      <Z>23.54</Z>
      <Wide>4</Wide>
    </Point>
    <Point>
      <X>2773.95</X>
      <Y>1447.88</Y>
      <Z>23.54</Z>
      <Wide>4</Wide>
    </Point>
    <Point>
      <X>2774.2</X>
      <Y>1448.77</Y>
      <Z>23.53</Z>
      <Wide>4</Wide>
    </Point>
    <Point>
      <X>2774.46</X>
      <Y>1449.73</Y>
      <Z>23.53</Z>
      <Wide>4</Wide>
    </Point>
    <Point>
      <X>2774.74</X>
      <Y>1450.77</Y>
      <Z>23.53</Z>
      <Wide>4</Wide>
    </Point>
    <Point>
      <X>2774.98</X>
      <Y>1451.66</Y>
      <Z>23.53</Z>
      <Wide>4</Wide>
    </Point>
    <Point>
      <X>2775.27</X>
      <Y>1452.7</Y>
      <Z>23.53</Z>
      <Wide>4</Wide>
    </Point>
    <Point>
      <X>2775.53</X>
      <Y>1453.67</Y>
      <Z>23.53</Z>
      <Wide>4</Wide>
    </Point>
    <Point>
      <X>2775.77</X>
      <Y>1454.56</Y>
      <Z>23.53</Z>
      <Wide>4</Wide>
    </Point>
    <Point>
      <X>2776.05</X>
      <Y>1455.6</Y>
      <Z>23.53</Z>
      <Wide>4</Wide>
    </Point>
    <Point>
      <X>2776.31</X>
      <Y>1456.56</Y>
      <Z>23.53</Z>
      <Wide>4</Wide>
    </Point>
    <Point>
      <X>2776.56</X>
      <Y>1457.45</Y>
      <Z>23.53</Z>
      <Wide>4</Wide>
    </Point>
    <Point>
      <X>2776.84</X>
      <Y>1458.49</Y>
      <Z>23.53</Z>
      <Wide>4</Wide>
    </Point>
    <Point>
      <X>2777.08</X>
      <Y>1459.38</Y>
      <Z>23.52</Z>
      <Wide>4</Wide>
    </Point>
    <Point>
      <X>2777.36</X>
      <Y>1460.42</Y>
      <Z>23.53</Z>
      <Wide>4</Wide>
    </Point>
    <Point>
      <X>2777.6</X>
      <Y>1461.31</Y>
      <Z>23.53</Z>
      <Wide>4</Wide>
    </Point>
    <Point>
      <X>2777.87</X>
      <Y>1462.28</Y>
      <Z>23.53</Z>
      <Wide>4</Wide>
    </Point>
    <Point>
      <X>2778.15</X>
      <Y>1463.32</Y>
      <Z>23.53</Z>
      <Wide>4</Wide>
    </Point>
    <Point>
      <X>2778.39</X>
      <Y>1464.21</Y>
      <Z>23.53</Z>
      <Wide>4</Wide>
    </Point>
    <Point>
      <X>2778.65</X>
      <Y>1465.17</Y>
      <Z>23.53</Z>
      <Wide>4</Wide>
    </Point>
    <Point>
      <X>2778.92</X>
      <Y>1466.14</Y>
      <Z>23.53</Z>
      <Wide>4</Wide>
    </Point>
    <Point>
      <X>2779.18</X>
      <Y>1467.1</Y>
      <Z>23.53</Z>
      <Wide>4</Wide>
    </Point>
    <Point>
      <X>2779.44</X>
      <Y>1468.07</Y>
      <Z>23.53</Z>
      <Wide>4</Wide>
    </Point>
    <Point>
      <X>2779.7</X>
      <Y>1469.03</Y>
      <Z>23.53</Z>
      <Wide>4</Wide>
    </Point>
    <Point>
      <X>2779.96</X>
      <Y>1470</Y>
      <Z>23.53</Z>
      <Wide>4</Wide>
    </Point>
    <Point>
      <X>2780.22</X>
      <Y>1470.96</Y>
      <Z>23.53</Z>
      <Wide>4</Wide>
    </Point>
    <Point>
      <X>2780.51</X>
      <Y>1472</Y>
      <Z>23.53</Z>
      <Wide>4</Wide>
    </Point>
    <Point>
      <X>2780.75</X>
      <Y>1472.89</Y>
      <Z>23.53</Z>
      <Wide>4</Wide>
    </Point>
    <Point>
      <X>2781.01</X>
      <Y>1473.86</Y>
      <Z>23.53</Z>
      <Wide>4</Wide>
    </Point>
    <Point>
      <X>2781.29</X>
      <Y>1474.9</Y>
      <Z>23.53</Z>
      <Wide>4</Wide>
    </Point>
    <Point>
      <X>2781.53</X>
      <Y>1475.79</Y>
      <Z>23.53</Z>
      <Wide>4</Wide>
    </Point>
    <Point>
      <X>2781.82</X>
      <Y>1476.83</Y>
      <Z>23.53</Z>
      <Wide>4</Wide>
    </Point>
    <Point>
      <X>2782.06</X>
      <Y>1477.72</Y>
      <Z>23.53</Z>
      <Wide>4</Wide>
    </Point>
    <Point>
      <X>2782.34</X>
      <Y>1478.76</Y>
      <Z>23.53</Z>
      <Wide>4</Wide>
    </Point>
    <Point>
      <X>2782.6</X>
      <Y>1479.72</Y>
      <Z>23.53</Z>
      <Wide>4</Wide>
    </Point>
    <Point>
      <X>2782.84</X>
      <Y>1480.61</Y>
      <Z>23.53</Z>
      <Wide>4</Wide>
    </Point>
    <Point>
      <X>2783.12</X>
      <Y>1481.65</Y>
      <Z>23.53</Z>
      <Wide>4</Wide>
    </Point>
    <Point>
      <X>2783.39</X>
      <Y>1482.62</Y>
      <Z>23.53</Z>
      <Wide>4</Wide>
    </Point>
    <Point>
      <X>2783.63</X>
      <Y>1483.51</Y>
      <Z>23.53</Z>
      <Wide>4</Wide>
    </Point>
    <Point>
      <X>2783.91</X>
      <Y>1484.55</Y>
      <Z>23.53</Z>
      <Wide>4</Wide>
    </Point>
    <Point>
      <X>2784.17</X>
      <Y>1485.51</Y>
      <Z>23.53</Z>
      <Wide>4</Wide>
    </Point>
    <Point>
      <X>2784.43</X>
      <Y>1486.48</Y>
      <Z>23.53</Z>
      <Wide>4</Wide>
    </Point>
    <Point>
      <X>2784.67</X>
      <Y>1487.37</Y>
      <Z>23.53</Z>
      <Wide>4</Wide>
    </Point>
    <Point>
      <X>2784.96</X>
      <Y>1488.41</Y>
      <Z>23.53</Z>
      <Wide>4</Wide>
    </Point>
    <Point>
      <X>2785.22</X>
      <Y>1489.38</Y>
      <Z>23.53</Z>
      <Wide>4</Wide>
    </Point>
    <Point>
      <X>2785.48</X>
      <Y>1490.34</Y>
      <Z>23.53</Z>
      <Wide>4</Wide>
    </Point>
    <Point>
      <X>2785.74</X>
      <Y>1491.31</Y>
      <Z>23.53</Z>
      <Wide>4</Wide>
    </Point>
    <Point>
      <X>2786</X>
      <Y>1492.27</Y>
      <Z>23.53</Z>
      <Wide>4</Wide>
    </Point>
    <Point>
      <X>2786.26</X>
      <Y>1493.24</Y>
      <Z>23.53</Z>
      <Wide>4</Wide>
    </Point>
    <Point>
      <X>2786.52</X>
      <Y>1494.2</Y>
      <Z>23.53</Z>
      <Wide>4</Wide>
    </Point>
    <Point>
      <X>2786.79</X>
      <Y>1495.17</Y>
      <Z>23.53</Z>
      <Wide>4</Wide>
    </Point>
    <Point>
      <X>2787.05</X>
      <Y>1496.13</Y>
      <Z>23.53</Z>
      <Wide>4</Wide>
    </Point>
    <Point>
      <X>2787.29</X>
      <Y>1497.02</Y>
      <Z>23.53</Z>
      <Wide>4</Wide>
    </Point>
    <Point>
      <X>2787.57</X>
      <Y>1498.06</Y>
      <Z>23.53</Z>
      <Wide>4</Wide>
    </Point>
    <Point>
      <X>2787.83</X>
      <Y>1499.03</Y>
      <Z>23.53</Z>
      <Wide>4</Wide>
    </Point>
    <Point>
      <X>2788.07</X>
      <Y>1499.92</Y>
      <Z>23.53</Z>
      <Wide>4</Wide>
    </Point>
    <Point>
      <X>2788.35</X>
      <Y>1500.96</Y>
      <Z>23.53</Z>
      <Wide>4</Wide>
    </Point>
    <Point>
      <X>2788.59</X>
      <Y>1501.85</Y>
      <Z>23.53</Z>
      <Wide>4</Wide>
    </Point>
    <Point>
      <X>2788.88</X>
      <Y>1502.89</Y>
      <Z>23.53</Z>
      <Wide>4</Wide>
    </Point>
    <Point>
      <X>2789.12</X>
      <Y>1503.78</Y>
      <Z>23.53</Z>
      <Wide>4</Wide>
    </Point>
    <Point>
      <X>2789.64</X>
      <Y>1505.71</Y>
      <Z>23.53</Z>
      <Wide>4</Wide>
    </Point>
    <Point>
      <X>2789.9</X>
      <Y>1506.68</Y>
      <Z>23.53</Z>
      <Wide>4</Wide>
    </Point>
    <Point>
      <X>2790.16</X>
      <Y>1507.64</Y>
      <Z>23.53</Z>
      <Wide>4</Wide>
    </Point>
    <Point>
      <X>2790.4</X>
      <Y>1508.52</Y>
      <Z>23.53</Z>
      <Wide>4</Wide>
    </Point>
    <Point>
      <X>2790.68</X>
      <Y>1509.57</Y>
      <Z>23.53</Z>
      <Wide>4</Wide>
    </Point>
    <Point>
      <X>2790.92</X>
      <Y>1510.45</Y>
      <Z>23.53</Z>
      <Wide>4</Wide>
    </Point>
    <Point>
      <X>2791.18</X>
      <Y>1511.42</Y>
      <Z>23.53</Z>
      <Wide>4</Wide>
    </Point>
    <Point>
      <X>2791.47</X>
      <Y>1512.47</Y>
      <Z>23.53</Z>
      <Wide>4</Wide>
    </Point>
    <Point>
      <X>2791.7</X>
      <Y>1513.35</Y>
      <Z>23.53</Z>
      <Wide>4</Wide>
    </Point>
    <Point>
      <X>2791.99</X>
      <Y>1514.4</Y>
      <Z>23.53</Z>
      <Wide>4</Wide>
    </Point>
    <Point>
      <X>2792.22</X>
      <Y>1515.28</Y>
      <Z>23.53</Z>
      <Wide>4</Wide>
    </Point>
    <Point>
      <X>2792.51</X>
      <Y>1516.33</Y>
      <Z>23.53</Z>
      <Wide>4</Wide>
    </Point>
    <Point>
      <X>2792.77</X>
      <Y>1517.3</Y>
      <Z>23.53</Z>
      <Wide>4</Wide>
    </Point>
    <Point>
      <X>2793.01</X>
      <Y>1518.18</Y>
      <Z>23.53</Z>
      <Wide>4</Wide>
    </Point>
    <Point>
      <X>2793.29</X>
      <Y>1519.23</Y>
      <Z>23.53</Z>
      <Wide>4</Wide>
    </Point>
    <Point>
      <X>2793.53</X>
      <Y>1520.11</Y>
      <Z>23.53</Z>
      <Wide>4</Wide>
    </Point>
    <Point>
      <X>2793.79</X>
      <Y>1521.07</Y>
      <Z>23.53</Z>
      <Wide>4</Wide>
    </Point>
    <Point>
      <X>2794.05</X>
      <Y>1522.04</Y>
      <Z>23.53</Z>
      <Wide>4</Wide>
    </Point>
    <Point>
      <X>2794.33</X>
      <Y>1523.09</Y>
      <Z>23.53</Z>
      <Wide>4</Wide>
    </Point>
    <Point>
      <X>2794.57</X>
      <Y>1523.97</Y>
      <Z>23.53</Z>
      <Wide>4</Wide>
    </Point>
    <Point>
      <X>2794.85</X>
      <Y>1525.02</Y>
      <Z>23.53</Z>
      <Wide>4</Wide>
    </Point>
    <Point>
      <X>2795.11</X>
      <Y>1525.99</Y>
      <Z>23.53</Z>
      <Wide>4</Wide>
    </Point>
    <Point>
      <X>2795.35</X>
      <Y>1526.87</Y>
      <Z>23.53</Z>
      <Wide>4</Wide>
    </Point>
    <Point>
      <X>2795.63</X>
      <Y>1527.92</Y>
      <Z>23.53</Z>
      <Wide>4</Wide>
    </Point>
    <Point>
      <X>2795.87</X>
      <Y>1528.8</Y>
      <Z>23.53</Z>
      <Wide>4</Wide>
    </Point>
    <Point>
      <X>2796.15</X>
      <Y>1529.85</Y>
      <Z>23.53</Z>
      <Wide>4</Wide>
    </Point>
    <Point>
      <X>2796.39</X>
      <Y>1530.73</Y>
      <Z>23.53</Z>
      <Wide>4</Wide>
    </Point>
    <Point>
      <X>2796.65</X>
      <Y>1531.69</Y>
      <Z>23.53</Z>
      <Wide>4</Wide>
    </Point>
    <Point>
      <X>2796.93</X>
      <Y>1532.74</Y>
      <Z>23.53</Z>
      <Wide>4</Wide>
    </Point>
    <Point>
      <X>2797.16</X>
      <Y>1533.63</Y>
      <Z>23.53</Z>
      <Wide>4</Wide>
    </Point>
    <Point>
      <X>2797.42</X>
      <Y>1534.59</Y>
      <Z>23.53</Z>
      <Wide>4</Wide>
    </Point>
    <Point>
      <X>2797.71</X>
      <Y>1535.64</Y>
      <Z>23.53</Z>
      <Wide>4</Wide>
    </Point>
    <Point>
      <X>2797.97</X>
      <Y>1536.61</Y>
      <Z>23.53</Z>
      <Wide>4</Wide>
    </Point>
    <Point>
      <X>2798.2</X>
      <Y>1537.49</Y>
      <Z>23.53</Z>
      <Wide>4</Wide>
    </Point>
    <Point>
      <X>2798.46</X>
      <Y>1538.45</Y>
      <Z>23.53</Z>
      <Wide>4</Wide>
    </Point>
    <Point>
      <X>2798.72</X>
      <Y>1539.42</Y>
      <Z>23.53</Z>
      <Wide>4</Wide>
    </Point>
    <Point>
      <X>2799</X>
      <Y>1540.47</Y>
      <Z>23.53</Z>
      <Wide>4</Wide>
    </Point>
    <Point>
      <X>2799.24</X>
      <Y>1541.35</Y>
      <Z>23.53</Z>
      <Wide>4</Wide>
    </Point>
    <Point>
      <X>2799.5</X>
      <Y>1542.32</Y>
      <Z>23.53</Z>
      <Wide>4</Wide>
    </Point>
    <Point>
      <X>2799.76</X>
      <Y>1543.28</Y>
      <Z>23.53</Z>
      <Wide>4</Wide>
    </Point>
    <Point>
      <X>2800.04</X>
      <Y>1544.33</Y>
      <Z>23.53</Z>
      <Wide>4</Wide>
    </Point>
    <Point>
      <X>2800.3</X>
      <Y>1545.3</Y>
      <Z>23.53</Z>
      <Wide>4</Wide>
    </Point>
    <Point>
      <X>2800.53</X>
      <Y>1546.18</Y>
      <Z>23.53</Z>
      <Wide>4</Wide>
    </Point>
    <Point>
      <X>2800.79</X>
      <Y>1547.15</Y>
      <Z>23.53</Z>
      <Wide>4</Wide>
    </Point>
    <Point>
      <X>2801.08</X>
      <Y>1548.2</Y>
      <Z>23.53</Z>
      <Wide>4</Wide>
    </Point>
    <Point>
      <X>2801.31</X>
      <Y>1549.08</Y>
      <Z>23.53</Z>
      <Wide>4</Wide>
    </Point>
    <Point>
      <X>2801.57</X>
      <Y>1550.04</Y>
      <Z>23.53</Z>
      <Wide>4</Wide>
    </Point>
    <Point>
      <X>2801.83</X>
      <Y>1551.01</Y>
      <Z>23.53</Z>
      <Wide>4</Wide>
    </Point>
    <Point>
      <X>2802.11</X>
      <Y>1552.06</Y>
      <Z>23.53</Z>
      <Wide>4</Wide>
    </Point>
    <Point>
      <X>2802.35</X>
      <Y>1552.94</Y>
      <Z>23.53</Z>
      <Wide>4</Wide>
    </Point>
    <Point>
      <X>2802.63</X>
      <Y>1553.99</Y>
      <Z>23.53</Z>
      <Wide>4</Wide>
    </Point>
    <Point>
      <X>2802.86</X>
      <Y>1554.87</Y>
      <Z>23.53</Z>
      <Wide>4</Wide>
    </Point>
    <Point>
      <X>2803.15</X>
      <Y>1555.93</Y>
      <Z>23.53</Z>
      <Wide>4</Wide>
    </Point>
    <Point>
      <X>2803.4</X>
      <Y>1556.89</Y>
      <Z>23.53</Z>
      <Wide>4</Wide>
    </Point>
    <Point>
      <X>2803.64</X>
      <Y>1557.77</Y>
      <Z>23.53</Z>
      <Wide>4</Wide>
    </Point>
    <Point>
      <X>2803.92</X>
      <Y>1558.82</Y>
      <Z>23.53</Z>
      <Wide>4</Wide>
    </Point>
    <Point>
      <X>2804.18</X>
      <Y>1559.79</Y>
      <Z>23.53</Z>
      <Wide>4</Wide>
    </Point>
    <Point>
      <X>2804.41</X>
      <Y>1560.67</Y>
      <Z>23.53</Z>
      <Wide>4</Wide>
    </Point>
    <Point>
      <X>2804.69</X>
      <Y>1561.72</Y>
      <Z>23.53</Z>
      <Wide>4</Wide>
    </Point>
    <Point>
      <X>2804.95</X>
      <Y>1562.69</Y>
      <Z>23.53</Z>
      <Wide>4</Wide>
    </Point>
    <Point>
      <X>2805.19</X>
      <Y>1563.57</Y>
      <Z>23.53</Z>
      <Wide>4</Wide>
    </Point>
    <Point>
      <X>2805.47</X>
      <Y>1564.62</Y>
      <Z>23.53</Z>
      <Wide>4</Wide>
    </Point>
    <Point>
      <X>2805.7</X>
      <Y>1565.5</Y>
      <Z>23.53</Z>
      <Wide>4</Wide>
    </Point>
    <Point>
      <X>2805.99</X>
      <Y>1566.55</Y>
      <Z>23.53</Z>
      <Wide>4</Wide>
    </Point>
    <Point>
      <X>2806.24</X>
      <Y>1567.52</Y>
      <Z>23.53</Z>
      <Wide>4</Wide>
    </Point>
    <Point>
      <X>2806.5</X>
      <Y>1568.48</Y>
      <Z>23.53</Z>
      <Wide>4</Wide>
    </Point>
    <Point>
      <X>2806.76</X>
      <Y>1569.45</Y>
      <Z>23.53</Z>
      <Wide>4</Wide>
    </Point>
    <Point>
      <X>2806.99</X>
      <Y>1570.33</Y>
      <Z>23.53</Z>
      <Wide>4</Wide>
    </Point>
    <Point>
      <X>2807.27</X>
      <Y>1571.38</Y>
      <Z>23.53</Z>
      <Wide>4</Wide>
    </Point>
    <Point>
      <X>2807.53</X>
      <Y>1572.35</Y>
      <Z>23.53</Z>
      <Wide>4</Wide>
    </Point>
    <Point>
      <X>2807.77</X>
      <Y>1573.23</Y>
      <Z>23.53</Z>
      <Wide>4</Wide>
    </Point>
    <Point>
      <X>2808.05</X>
      <Y>1574.28</Y>
      <Z>23.53</Z>
      <Wide>4</Wide>
    </Point>
    <Point>
      <X>2808.28</X>
      <Y>1575.16</Y>
      <Z>23.53</Z>
      <Wide>4</Wide>
    </Point>
    <Point>
      <X>2808.56</X>
      <Y>1576.21</Y>
      <Z>23.53</Z>
      <Wide>4</Wide>
    </Point>
    <Point>
      <X>2808.8</X>
      <Y>1577.1</Y>
      <Z>23.53</Z>
      <Wide>4</Wide>
    </Point>
    <Point>
      <X>2809.08</X>
      <Y>1578.15</Y>
      <Z>23.53</Z>
      <Wide>4</Wide>
    </Point>
    <Point>
      <X>2809.33</X>
      <Y>1579.11</Y>
      <Z>23.53</Z>
      <Wide>4</Wide>
    </Point>
    <Point>
      <X>2809.59</X>
      <Y>1580.08</Y>
      <Z>23.53</Z>
      <Wide>4</Wide>
    </Point>
    <Point>
      <X>2809.85</X>
      <Y>1581.05</Y>
      <Z>23.53</Z>
      <Wide>4</Wide>
    </Point>
    <Point>
      <X>2810.08</X>
      <Y>1581.93</Y>
      <Z>23.53</Z>
      <Wide>4</Wide>
    </Point>
    <Point>
      <X>2810.36</X>
      <Y>1582.98</Y>
      <Z>23.53</Z>
      <Wide>4</Wide>
    </Point>
    <Point>
      <X>2810.6</X>
      <Y>1583.86</Y>
      <Z>23.53</Z>
      <Wide>4</Wide>
    </Point>
    <Point>
      <X>2810.85</X>
      <Y>1584.83</Y>
      <Z>23.53</Z>
      <Wide>4</Wide>
    </Point>
    <Point>
      <X>2811.11</X>
      <Y>1585.79</Y>
      <Z>23.53</Z>
      <Wide>4</Wide>
    </Point>
    <Point>
      <X>2811.39</X>
      <Y>1586.84</Y>
      <Z>23.53</Z>
      <Wide>4</Wide>
    </Point>
    <Point>
      <X>2811.63</X>
      <Y>1587.73</Y>
      <Z>23.53</Z>
      <Wide>4</Wide>
    </Point>
    <Point>
      <X>2811.91</X>
      <Y>1588.78</Y>
      <Z>23.53</Z>
      <Wide>4</Wide>
    </Point>
    <Point>
      <X>2812.16</X>
      <Y>1589.74</Y>
      <Z>23.53</Z>
      <Wide>4</Wide>
    </Point>
    <Point>
      <X>2812.67</X>
      <Y>1591.68</Y>
      <Z>23.53</Z>
      <Wide>4</Wide>
    </Point>
    <Point>
      <X>2812.93</X>
      <Y>1592.64</Y>
      <Z>23.53</Z>
      <Wide>4</Wide>
    </Point>
    <Point>
      <X>2813.18</X>
      <Y>1593.59</Y>
      <Z>23.53</Z>
      <Wide>4</Wide>
    </Point>
    <Point>
      <X>2813.44</X>
      <Y>1594.58</Y>
      <Z>23.53</Z>
      <Wide>4</Wide>
    </Point>
    <Point>
      <X>2813.69</X>
      <Y>1595.52</Y>
      <Z>23.53</Z>
      <Wide>4</Wide>
    </Point>
    <Point>
      <X>2813.95</X>
      <Y>1596.51</Y>
      <Z>23.53</Z>
      <Wide>4</Wide>
    </Point>
    <Point>
      <X>2814.21</X>
      <Y>1597.46</Y>
      <Z>23.53</Z>
      <Wide>4</Wide>
    </Point>
    <Point>
      <X>2814.46</X>
      <Y>1598.42</Y>
      <Z>23.53</Z>
      <Wide>4</Wide>
    </Point>
    <Point>
      <X>2814.72</X>
      <Y>1599.41</Y>
      <Z>23.53</Z>
      <Wide>4</Wide>
    </Point>
    <Point>
      <X>2814.97</X>
      <Y>1600.36</Y>
      <Z>23.53</Z>
      <Wide>4</Wide>
    </Point>
    <Point>
      <X>2815.23</X>
      <Y>1601.34</Y>
      <Z>23.53</Z>
      <Wide>4</Wide>
    </Point>
    <Point>
      <X>2815.48</X>
      <Y>1602.29</Y>
      <Z>23.53</Z>
      <Wide>4</Wide>
    </Point>
    <Point>
      <X>2815.74</X>
      <Y>1603.26</Y>
      <Z>23.53</Z>
      <Wide>4</Wide>
    </Point>
    <Point>
      <X>2816</X>
      <Y>1604.25</Y>
      <Z>23.53</Z>
      <Wide>4</Wide>
    </Point>
    <Point>
      <X>2816.49</X>
      <Y>1606.16</Y>
      <Z>23.53</Z>
      <Wide>4</Wide>
    </Point>
    <Point>
      <X>2816.73</X>
      <Y>1607.13</Y>
      <Z>23.53</Z>
      <Wide>4</Wide>
    </Point>
    <Point>
      <X>2816.96</X>
      <Y>1608.11</Y>
      <Z>23.53</Z>
      <Wide>4</Wide>
    </Point>
    <Point>
      <X>2817.19</X>
      <Y>1609.09</Y>
      <Z>23.53</Z>
      <Wide>4</Wide>
    </Point>
    <Point>
      <X>2817.42</X>
      <Y>1610.07</Y>
      <Z>23.52</Z>
      <Wide>4</Wide>
    </Point>
    <Point>
      <X>2817.63</X>
      <Y>1611.05</Y>
      <Z>23.52</Z>
      <Wide>4</Wide>
    </Point>
    <Point>
      <X>2817.84</X>
      <Y>1612.03</Y>
      <Z>23.53</Z>
      <Wide>4</Wide>
    </Point>
    <Point>
      <X>2818.05</X>
      <Y>1613.01</Y>
      <Z>23.53</Z>
      <Wide>4</Wide>
    </Point>
    <Point>
      <X>2818.24</X>
      <Y>1614</Y>
      <Z>23.53</Z>
      <Wide>4</Wide>
    </Point>
    <Point>
      <X>2818.44</X>
      <Y>1614.98</Y>
      <Z>23.53</Z>
      <Wide>4</Wide>
    </Point>
    <Point>
      <X>2818.62</X>
      <Y>1615.96</Y>
      <Z>23.53</Z>
      <Wide>4</Wide>
    </Point>
    <Point>
      <X>2818.8</X>
      <Y>1616.95</Y>
      <Z>23.53</Z>
      <Wide>4</Wide>
    </Point>
    <Point>
      <X>2818.97</X>
      <Y>1617.93</Y>
      <Z>23.54</Z>
      <Wide>4</Wide>
    </Point>
    <Point>
      <X>2819.14</X>
      <Y>1618.92</Y>
      <Z>23.54</Z>
      <Wide>4</Wide>
    </Point>
    <Point>
      <X>2819.3</X>
      <Y>1619.91</Y>
      <Z>23.55</Z>
      <Wide>4</Wide>
    </Point>
    <Point>
      <X>2819.45</X>
      <Y>1620.9</Y>
      <Z>23.55</Z>
      <Wide>4</Wide>
    </Point>
    <Point>
      <X>2819.6</X>
      <Y>1621.89</Y>
      <Z>23.56</Z>
      <Wide>4</Wide>
    </Point>
    <Point>
      <X>2819.74</X>
      <Y>1622.88</Y>
      <Z>23.57</Z>
      <Wide>4</Wide>
    </Point>
    <Point>
      <X>2819.87</X>
      <Y>1623.87</Y>
      <Z>23.57</Z>
      <Wide>4</Wide>
    </Point>
    <Point>
      <X>2820.01</X>
      <Y>1624.9</Y>
      <Z>23.58</Z>
      <Wide>4</Wide>
    </Point>
    <Point>
      <X>2820.13</X>
      <Y>1625.89</Y>
      <Z>23.58</Z>
      <Wide>4</Wide>
    </Point>
    <Point>
      <X>2820.24</X>
      <Y>1626.84</Y>
      <Z>23.58</Z>
      <Wide>4</Wide>
    </Point>
    <Point>
      <X>2820.35</X>
      <Y>1627.84</Y>
      <Z>23.58</Z>
      <Wide>4</Wide>
    </Point>
    <Point>
      <X>2820.45</X>
      <Y>1628.83</Y>
      <Z>23.58</Z>
      <Wide>4</Wide>
    </Point>
    <Point>
      <X>2820.55</X>
      <Y>1629.83</Y>
      <Z>23.58</Z>
      <Wide>4</Wide>
    </Point>
    <Point>
      <X>2820.64</X>
      <Y>1630.83</Y>
      <Z>23.59</Z>
      <Wide>4</Wide>
    </Point>
    <Point>
      <X>2820.72</X>
      <Y>1631.82</Y>
      <Z>23.59</Z>
      <Wide>4</Wide>
    </Point>
    <Point>
      <X>2820.8</X>
      <Y>1632.82</Y>
      <Z>23.59</Z>
      <Wide>4</Wide>
    </Point>
    <Point>
      <X>2820.87</X>
      <Y>1633.82</Y>
      <Z>23.59</Z>
      <Wide>4</Wide>
    </Point>
    <Point>
      <X>2820.94</X>
      <Y>1634.82</Y>
      <Z>23.59</Z>
      <Wide>4</Wide>
    </Point>
    <Point>
      <X>2821</X>
      <Y>1635.82</Y>
      <Z>23.59</Z>
      <Wide>4</Wide>
    </Point>
    <Point>
      <X>2821.05</X>
      <Y>1636.82</Y>
      <Z>23.59</Z>
      <Wide>4</Wide>
    </Point>
    <Point>
      <X>2821.1</X>
      <Y>1637.83</Y>
      <Z>23.6</Z>
      <Wide>4</Wide>
    </Point>
    <Point>
      <X>2821.14</X>
      <Y>1638.83</Y>
      <Z>23.62</Z>
      <Wide>4</Wide>
    </Point>
    <Point>
      <X>2821.17</X>
      <Y>1639.83</Y>
      <Z>23.63</Z>
      <Wide>4</Wide>
    </Point>
    <Point>
      <X>2821.2</X>
      <Y>1640.84</Y>
      <Z>23.65</Z>
      <Wide>4</Wide>
    </Point>
    <Point>
      <X>2821.22</X>
      <Y>1641.84</Y>
      <Z>23.66</Z>
      <Wide>4</Wide>
    </Point>
    <Point>
      <X>2821.24</X>
      <Y>1642.85</Y>
      <Z>23.66</Z>
      <Wide>4</Wide>
    </Point>
    <Point>
      <X>2821.25</X>
      <Y>1643.86</Y>
      <Z>23.67</Z>
      <Wide>4</Wide>
    </Point>
    <Point>
      <X>2821.25</X>
      <Y>1644.87</Y>
      <Z>23.67</Z>
      <Wide>4</Wide>
    </Point>
    <Point>
      <X>2821.25</X>
      <Y>1646.82</Y>
      <Z>23.67</Z>
      <Wide>4</Wide>
    </Point>
    <Point>
      <X>2821.26</X>
      <Y>1647.82</Y>
      <Z>23.67</Z>
      <Wide>4</Wide>
    </Point>
    <Point>
      <X>2821.26</X>
      <Y>1648.82</Y>
      <Z>23.67</Z>
      <Wide>4</Wide>
    </Point>
    <Point>
      <X>2821.26</X>
      <Y>1649.82</Y>
      <Z>23.67</Z>
      <Wide>4</Wide>
    </Point>
    <Point>
      <X>2821.27</X>
      <Y>1650.82</Y>
      <Z>23.67</Z>
      <Wide>4</Wide>
    </Point>
    <Point>
      <X>2821.27</X>
      <Y>1651.82</Y>
      <Z>23.67</Z>
      <Wide>4</Wide>
    </Point>
    <Point>
      <X>2821.28</X>
      <Y>1652.82</Y>
      <Z>23.67</Z>
      <Wide>4</Wide>
    </Point>
    <Point>
      <X>2821.28</X>
      <Y>1653.82</Y>
      <Z>23.67</Z>
      <Wide>4</Wide>
    </Point>
    <Point>
      <X>2821.29</X>
      <Y>1654.82</Y>
      <Z>23.67</Z>
      <Wide>4</Wide>
    </Point>
    <Point>
      <X>2821.29</X>
      <Y>1655.82</Y>
      <Z>23.67</Z>
      <Wide>4</Wide>
    </Point>
    <Point>
      <X>2821.3</X>
      <Y>1656.82</Y>
      <Z>23.67</Z>
      <Wide>4</Wide>
    </Point>
    <Point>
      <X>2821.31</X>
      <Y>1657.82</Y>
      <Z>23.67</Z>
      <Wide>4</Wide>
    </Point>
    <Point>
      <X>2821.31</X>
      <Y>1658.82</Y>
      <Z>23.67</Z>
      <Wide>4</Wide>
    </Point>
    <Point>
      <X>2821.32</X>
      <Y>1659.82</Y>
      <Z>23.67</Z>
      <Wide>4</Wide>
    </Point>
    <Point>
      <X>2821.33</X>
      <Y>1660.87</Y>
      <Z>23.68</Z>
      <Wide>4</Wide>
    </Point>
    <Point>
      <X>2821.33</X>
      <Y>1661.82</Y>
      <Z>23.69</Z>
      <Wide>4</Wide>
    </Point>
    <Point>
      <X>2821.34</X>
      <Y>1662.82</Y>
      <Z>23.7</Z>
      <Wide>4</Wide>
    </Point>
    <Point>
      <X>2821.35</X>
      <Y>1663.82</Y>
      <Z>23.71</Z>
      <Wide>4</Wide>
    </Point>
    <Point>
      <X>2821.36</X>
      <Y>1664.87</Y>
      <Z>23.72</Z>
      <Wide>4</Wide>
    </Point>
    <Point>
      <X>2821.36</X>
      <Y>1665.82</Y>
      <Z>23.73</Z>
      <Wide>4</Wide>
    </Point>
    <Point>
      <X>2821.37</X>
      <Y>1666.82</Y>
      <Z>23.73</Z>
      <Wide>4</Wide>
    </Point>
    <Point>
      <X>2821.38</X>
      <Y>1667.82</Y>
      <Z>23.73</Z>
      <Wide>4</Wide>
    </Point>
    <Point>
      <X>2821.39</X>
      <Y>1668.87</Y>
      <Z>23.73</Z>
      <Wide>4</Wide>
    </Point>
    <Point>
      <X>2821.4</X>
      <Y>1669.82</Y>
      <Z>23.72</Z>
      <Wide>4</Wide>
    </Point>
    <Point>
      <X>2821.41</X>
      <Y>1670.82</Y>
      <Z>23.72</Z>
      <Wide>4</Wide>
    </Point>
    <Point>
      <X>2821.42</X>
      <Y>1671.87</Y>
      <Z>23.72</Z>
      <Wide>4</Wide>
    </Point>
    <Point>
      <X>2821.43</X>
      <Y>1672.82</Y>
      <Z>23.72</Z>
      <Wide>4</Wide>
    </Point>
    <Point>
      <X>2821.44</X>
      <Y>1673.87</Y>
      <Z>23.72</Z>
      <Wide>4</Wide>
    </Point>
    <Point>
      <X>2821.45</X>
      <Y>1674.82</Y>
      <Z>23.73</Z>
      <Wide>4</Wide>
    </Point>
    <Point>
      <X>2821.46</X>
      <Y>1675.87</Y>
      <Z>23.73</Z>
      <Wide>4</Wide>
    </Point>
    <Point>
      <X>2821.47</X>
      <Y>1676.82</Y>
      <Z>23.72</Z>
      <Wide>4</Wide>
    </Point>
    <Point>
      <X>2821.48</X>
      <Y>1677.87</Y>
      <Z>23.72</Z>
      <Wide>4</Wide>
    </Point>
    <Point>
      <X>2821.5</X>
      <Y>1678.82</Y>
      <Z>23.73</Z>
      <Wide>4</Wide>
    </Point>
    <Point>
      <X>2821.51</X>
      <Y>1679.87</Y>
      <Z>23.72</Z>
      <Wide>4</Wide>
    </Point>
    <Point>
      <X>2821.52</X>
      <Y>1680.82</Y>
      <Z>23.72</Z>
      <Wide>4</Wide>
    </Point>
    <Point>
      <X>2821.53</X>
      <Y>1681.87</Y>
      <Z>23.72</Z>
      <Wide>4</Wide>
    </Point>
    <Point>
      <X>2821.55</X>
      <Y>1682.82</Y>
      <Z>23.72</Z>
      <Wide>4</Wide>
    </Point>
    <Point>
      <X>2821.56</X>
      <Y>1683.87</Y>
      <Z>23.71</Z>
      <Wide>4</Wide>
    </Point>
    <Point>
      <X>2821.57</X>
      <Y>1684.87</Y>
      <Z>23.7</Z>
      <Wide>4</Wide>
    </Point>
    <Point>
      <X>2821.59</X>
      <Y>1685.82</Y>
      <Z>23.69</Z>
      <Wide>4</Wide>
    </Point>
    <Point>
      <X>2821.49</X>
      <Y>1688.03</Y>
      <Z>23.67</Z>
      <Wide>4</Wide>
    </Point>
    <Point>
      <X>2821.34</X>
      <Y>1689.19</Y>
      <Z>23.66</Z>
      <Wide>4</Wide>
    </Point>
    <Point>
      <X>2821.1</X>
      <Y>1690.29</Y>
      <Z>23.67</Z>
      <Wide>4</Wide>
    </Point>
    <Point>
      <X>2820.8</X>
      <Y>1691.32</Y>
      <Z>23.67</Z>
      <Wide>4</Wide>
    </Point>
    <Point>
      <X>2820.41</X>
      <Y>1692.32</Y>
      <Z>23.68</Z>
      <Wide>4</Wide>
    </Point>
    <Point>
      <X>2819.95</X>
      <Y>1693.24</Y>
      <Z>23.68</Z>
      <Wide>4</Wide>
    </Point>
    <Point>
      <X>2819.43</X>
      <Y>1694.1</Y>
      <Z>23.69</Z>
      <Wide>4</Wide>
    </Point>
    <Point>
      <X>2818.84</X>
      <Y>1694.9</Y>
      <Z>23.69</Z>
      <Wide>4</Wide>
    </Point>
    <Point>
      <X>2818.17</X>
      <Y>1695.66</Y>
      <Z>23.69</Z>
      <Wide>4</Wide>
    </Point>
    <Point>
      <X>2817.45</X>
      <Y>1696.35</Y>
      <Z>23.69</Z>
      <Wide>4</Wide>
    </Point>
    <Point>
      <X>2816.66</X>
      <Y>1696.99</Y>
      <Z>23.69</Z>
      <Wide>4</Wide>
    </Point>
    <Point>
      <X>2815.79</X>
      <Y>1697.58</Y>
      <Z>23.68</Z>
      <Wide>4</Wide>
    </Point>
    <Point>
      <X>2814.88</X>
      <Y>1698.11</Y>
      <Z>23.68</Z>
      <Wide>4</Wide>
    </Point>
    <Point>
      <X>2813.9</X>
      <Y>1698.6</Y>
      <Z>23.67</Z>
      <Wide>4</Wide>
    </Point>
    <Point>
      <X>2812.84</X>
      <Y>1699.04</Y>
      <Z>23.68</Z>
      <Wide>4</Wide>
    </Point>
    <Point>
      <X>2811.73</X>
      <Y>1699.43</Y>
      <Z>23.69</Z>
      <Wide>4</Wide>
    </Point>
    <Point>
      <X>2809.81</X>
      <Y>1700.01</Y>
      <Z>23.72</Z>
      <Wide>4</Wide>
    </Point>
    <Point>
      <X>2808.83</X>
      <Y>1700.25</Y>
      <Z>23.73</Z>
      <Wide>4</Wide>
    </Point>
    <Point>
      <X>2807.85</X>
      <Y>1700.44</Y>
      <Z>23.73</Z>
      <Wide>4</Wide>
    </Point>
    <Point>
      <X>2806.86</X>
      <Y>1700.6</Y>
      <Z>23.72</Z>
      <Wide>4</Wide>
    </Point>
    <Point>
      <X>2805.87</X>
      <Y>1700.71</Y>
      <Z>23.72</Z>
      <Wide>4</Wide>
    </Point>
    <Point>
      <X>2804.87</X>
      <Y>1700.79</Y>
      <Z>23.72</Z>
      <Wide>4</Wide>
    </Point>
    <Point>
      <X>2803.86</X>
      <Y>1700.83</Y>
      <Z>23.71</Z>
      <Wide>4</Wide>
    </Point>
    <Point>
      <X>2801.88</X>
      <Y>1700.9</Y>
      <Z>23.71</Z>
      <Wide>4</Wide>
    </Point>
    <Point>
      <X>2800.88</X>
      <Y>1700.93</Y>
      <Z>23.71</Z>
      <Wide>4</Wide>
    </Point>
    <Point>
      <X>2799.88</X>
      <Y>1700.96</Y>
      <Z>23.71</Z>
      <Wide>4</Wide>
    </Point>
    <Point>
      <X>2798.86</X>
      <Y>1700.99</Y>
      <Z>23.71</Z>
      <Wide>4</Wide>
    </Point>
    <Point>
      <X>2797.88</X>
      <Y>1701.01</Y>
      <Z>23.7</Z>
      <Wide>4</Wide>
    </Point>
    <Point>
      <X>2796.86</X>
      <Y>1701.04</Y>
      <Z>23.7</Z>
      <Wide>4</Wide>
    </Point>
    <Point>
      <X>2795.88</X>
      <Y>1701.06</Y>
      <Z>23.7</Z>
      <Wide>4</Wide>
    </Point>
    <Point>
      <X>2794.86</X>
      <Y>1701.08</Y>
      <Z>23.7</Z>
      <Wide>4</Wide>
    </Point>
    <Point>
      <X>2793.86</X>
      <Y>1701.1</Y>
      <Z>23.7</Z>
      <Wide>4</Wide>
    </Point>
    <Point>
      <X>2792.88</X>
      <Y>1701.12</Y>
      <Z>23.7</Z>
      <Wide>4</Wide>
    </Point>
    <Point>
      <X>2790.88</X>
      <Y>1701.16</Y>
      <Z>23.7</Z>
      <Wide>4</Wide>
    </Point>
    <Point>
      <X>2789.95</X>
      <Y>1701.18</Y>
      <Z>23.7</Z>
      <Wide>4</Wide>
    </Point>
    <Point>
      <X>2788.88</X>
      <Y>1701.19</Y>
      <Z>23.7</Z>
      <Wide>4</Wide>
    </Point>
    <Point>
      <X>2787.95</X>
      <Y>1701.21</Y>
      <Z>23.7</Z>
      <Wide>4</Wide>
    </Point>
    <Point>
      <X>2786.95</X>
      <Y>1701.23</Y>
      <Z>23.7</Z>
      <Wide>4</Wide>
    </Point>
    <Point>
      <X>2785.88</X>
      <Y>1701.24</Y>
      <Z>23.7</Z>
      <Wide>4</Wide>
    </Point>
    <Point>
      <X>2784.95</X>
      <Y>1701.26</Y>
      <Z>23.7</Z>
      <Wide>4</Wide>
    </Point>
    <Point>
      <X>2783.95</X>
      <Y>1701.27</Y>
      <Z>23.7</Z>
      <Wide>4</Wide>
    </Point>
    <Point>
      <X>2782.88</X>
      <Y>1701.29</Y>
      <Z>23.7</Z>
      <Wide>4</Wide>
    </Point>
    <Point>
      <X>2781.95</X>
      <Y>1701.3</Y>
      <Z>23.7</Z>
      <Wide>4</Wide>
    </Point>
    <Point>
      <X>2780.95</X>
      <Y>1701.32</Y>
      <Z>23.7</Z>
      <Wide>4</Wide>
    </Point>
    <Point>
      <X>2779.88</X>
      <Y>1701.33</Y>
      <Z>23.7</Z>
      <Wide>4</Wide>
    </Point>
    <Point>
      <X>2778.95</X>
      <Y>1701.35</Y>
      <Z>23.7</Z>
      <Wide>4</Wide>
    </Point>
    <Point>
      <X>2777.95</X>
      <Y>1701.36</Y>
      <Z>23.7</Z>
      <Wide>4</Wide>
    </Point>
    <Point>
      <X>2776.95</X>
      <Y>1701.37</Y>
      <Z>23.7</Z>
      <Wide>4</Wide>
    </Point>
    <Point>
      <X>2775.88</X>
      <Y>1701.39</Y>
      <Z>23.7</Z>
      <Wide>4</Wide>
    </Point>
    <Point>
      <X>2774.95</X>
      <Y>1701.4</Y>
      <Z>23.7</Z>
      <Wide>4</Wide>
    </Point>
    <Point>
      <X>2773.95</X>
      <Y>1701.41</Y>
      <Z>23.7</Z>
      <Wide>4</Wide>
    </Point>
    <Point>
      <X>2772.95</X>
      <Y>1701.42</Y>
      <Z>23.7</Z>
      <Wide>4</Wide>
    </Point>
    <Point>
      <X>2771.88</X>
      <Y>1701.43</Y>
      <Z>23.7</Z>
      <Wide>4</Wide>
    </Point>
    <Point>
      <X>2770.95</X>
      <Y>1701.44</Y>
      <Z>23.7</Z>
      <Wide>4</Wide>
    </Point>
    <Point>
      <X>2769.95</X>
      <Y>1701.45</Y>
      <Z>23.7</Z>
      <Wide>4</Wide>
    </Point>
    <Point>
      <X>2768.95</X>
      <Y>1701.46</Y>
      <Z>23.7</Z>
      <Wide>4</Wide>
    </Point>
    <Point>
      <X>2767.95</X>
      <Y>1701.47</Y>
      <Z>23.7</Z>
      <Wide>4</Wide>
    </Point>
    <Point>
      <X>2766.88</X>
      <Y>1701.48</Y>
      <Z>23.7</Z>
      <Wide>4</Wide>
    </Point>
    <Point>
      <X>2765.95</X>
      <Y>1701.49</Y>
      <Z>23.7</Z>
      <Wide>4</Wide>
    </Point>
    <Point>
      <X>2764.95</X>
      <Y>1701.5</Y>
      <Z>23.7</Z>
      <Wide>4</Wide>
    </Point>
    <Point>
      <X>2763.95</X>
      <Y>1701.51</Y>
      <Z>23.7</Z>
      <Wide>4</Wide>
    </Point>
    <Point>
      <X>2762.95</X>
      <Y>1701.52</Y>
      <Z>23.7</Z>
      <Wide>4</Wide>
    </Point>
    <Point>
      <X>2761.95</X>
      <Y>1701.53</Y>
      <Z>23.7</Z>
      <Wide>4</Wide>
    </Point>
    <Point>
      <X>2760.95</X>
      <Y>1701.53</Y>
      <Z>23.7</Z>
      <Wide>4</Wide>
    </Point>
    <Point>
      <X>2759.95</X>
      <Y>1701.54</Y>
      <Z>23.7</Z>
      <Wide>4</Wide>
    </Point>
    <Point>
      <X>2758.88</X>
      <Y>1701.55</Y>
      <Z>23.7</Z>
      <Wide>4</Wide>
    </Point>
    <Point>
      <X>2757.95</X>
      <Y>1701.55</Y>
      <Z>23.7</Z>
      <Wide>4</Wide>
    </Point>
    <Point>
      <X>2756.95</X>
      <Y>1701.56</Y>
      <Z>23.7</Z>
      <Wide>4</Wide>
    </Point>
    <Point>
      <X>2755.95</X>
      <Y>1701.56</Y>
      <Z>23.7</Z>
      <Wide>4</Wide>
    </Point>
    <Point>
      <X>2754.95</X>
      <Y>1701.57</Y>
      <Z>23.69</Z>
      <Wide>4</Wide>
    </Point>
    <Point>
      <X>2753.95</X>
      <Y>1701.57</Y>
      <Z>23.7</Z>
      <Wide>4</Wide>
    </Point>
    <Point>
      <X>2752.95</X>
      <Y>1701.58</Y>
      <Z>23.7</Z>
      <Wide>4</Wide>
    </Point>
    <Point>
      <X>2751.95</X>
      <Y>1701.58</Y>
      <Z>23.7</Z>
      <Wide>4</Wide>
    </Point>
    <Point>
      <X>2750.95</X>
      <Y>1701.59</Y>
      <Z>23.7</Z>
      <Wide>4</Wide>
    </Point>
    <Point>
      <X>2749.95</X>
      <Y>1701.59</Y>
      <Z>23.7</Z>
      <Wide>4</Wide>
    </Point>
    <Point>
      <X>2748.95</X>
      <Y>1701.59</Y>
      <Z>23.7</Z>
      <Wide>4</Wide>
    </Point>
    <Point>
      <X>2747.95</X>
      <Y>1701.59</Y>
      <Z>23.7</Z>
      <Wide>4</Wide>
    </Point>
    <Point>
      <X>2746.95</X>
      <Y>1701.6</Y>
      <Z>23.7</Z>
      <Wide>4</Wide>
    </Point>
    <Point>
      <X>2745.95</X>
      <Y>1701.6</Y>
      <Z>23.7</Z>
      <Wide>4</Wide>
    </Point>
    <Point>
      <X>2744.95</X>
      <Y>1701.6</Y>
      <Z>23.7</Z>
      <Wide>4</Wide>
    </Point>
    <Point>
      <X>2743.95</X>
      <Y>1701.6</Y>
      <Z>23.7</Z>
      <Wide>4</Wide>
    </Point>
    <Point>
      <X>2742.95</X>
      <Y>1701.6</Y>
      <Z>23.7</Z>
      <Wide>4</Wide>
    </Point>
    <Point>
      <X>2741.95</X>
      <Y>1701.6</Y>
      <Z>23.69</Z>
      <Wide>4</Wide>
    </Point>
    <Point>
      <X>2740.95</X>
      <Y>1701.6</Y>
      <Z>23.7</Z>
      <Wide>4</Wide>
    </Point>
    <Point>
      <X>2739.95</X>
      <Y>1701.6</Y>
      <Z>23.7</Z>
      <Wide>4</Wide>
    </Point>
    <Point>
      <X>2738.95</X>
      <Y>1701.6</Y>
      <Z>23.7</Z>
      <Wide>4</Wide>
    </Point>
    <Point>
      <X>2737.95</X>
      <Y>1701.6</Y>
      <Z>23.7</Z>
      <Wide>4</Wide>
    </Point>
    <Point>
      <X>2736.95</X>
      <Y>1701.6</Y>
      <Z>23.7</Z>
      <Wide>4</Wide>
    </Point>
    <Point>
      <X>2735.95</X>
      <Y>1701.6</Y>
      <Z>23.7</Z>
      <Wide>4</Wide>
    </Point>
    <Point>
      <X>2734.95</X>
      <Y>1701.6</Y>
      <Z>23.7</Z>
      <Wide>4</Wide>
    </Point>
    <Point>
      <X>2733.95</X>
      <Y>1701.59</Y>
      <Z>23.7</Z>
      <Wide>4</Wide>
    </Point>
    <Point>
      <X>2732.95</X>
      <Y>1701.59</Y>
      <Z>23.7</Z>
      <Wide>4</Wide>
    </Point>
    <Point>
      <X>2731.95</X>
      <Y>1701.59</Y>
      <Z>23.69</Z>
      <Wide>4</Wide>
    </Point>
    <Point>
      <X>2730.95</X>
      <Y>1701.59</Y>
      <Z>23.7</Z>
      <Wide>4</Wide>
    </Point>
    <Point>
      <X>2729.95</X>
      <Y>1701.58</Y>
      <Z>23.7</Z>
      <Wide>4</Wide>
    </Point>
    <Point>
      <X>2728.95</X>
      <Y>1701.58</Y>
      <Z>23.7</Z>
      <Wide>4</Wide>
    </Point>
    <Point>
      <X>2727.95</X>
      <Y>1701.57</Y>
      <Z>23.7</Z>
      <Wide>4</Wide>
    </Point>
    <Point>
      <X>2726.95</X>
      <Y>1701.57</Y>
      <Z>23.7</Z>
      <Wide>4</Wide>
    </Point>
    <Point>
      <X>2724.97</X>
      <Y>1701.56</Y>
      <Z>23.7</Z>
      <Wide>4</Wide>
    </Point>
    <Point>
      <X>2723.97</X>
      <Y>1701.56</Y>
      <Z>23.7</Z>
      <Wide>4</Wide>
    </Point>
    <Point>
      <X>2722.97</X>
      <Y>1701.56</Y>
      <Z>23.7</Z>
      <Wide>4</Wide>
    </Point>
    <Point>
      <X>2721.97</X>
      <Y>1701.56</Y>
      <Z>23.7</Z>
      <Wide>4</Wide>
    </Point>
    <Point>
      <X>2720.97</X>
      <Y>1701.56</Y>
      <Z>23.7</Z>
      <Wide>4</Wide>
    </Point>
    <Point>
      <X>2719.97</X>
      <Y>1701.56</Y>
      <Z>23.7</Z>
      <Wide>4</Wide>
    </Point>
    <Point>
      <X>2718.97</X>
      <Y>1701.56</Y>
      <Z>23.7</Z>
      <Wide>4</Wide>
    </Point>
    <Point>
      <X>2717.97</X>
      <Y>1701.56</Y>
      <Z>23.7</Z>
      <Wide>4</Wide>
    </Point>
    <Point>
      <X>2716.97</X>
      <Y>1701.56</Y>
      <Z>23.7</Z>
      <Wide>4</Wide>
    </Point>
    <Point>
      <X>2715.95</X>
      <Y>1701.57</Y>
      <Z>23.7</Z>
      <Wide>4</Wide>
    </Point>
    <Point>
      <X>2714.97</X>
      <Y>1701.57</Y>
      <Z>23.7</Z>
      <Wide>4</Wide>
    </Point>
    <Point>
      <X>2713.97</X>
      <Y>1701.58</Y>
      <Z>23.7</Z>
      <Wide>4</Wide>
    </Point>
    <Point>
      <X>2712.97</X>
      <Y>1701.58</Y>
      <Z>23.7</Z>
      <Wide>4</Wide>
    </Point>
    <Point>
      <X>2711.97</X>
      <Y>1701.59</Y>
      <Z>23.7</Z>
      <Wide>4</Wide>
    </Point>
    <Point>
      <X>2710.97</X>
      <Y>1701.6</Y>
      <Z>23.7</Z>
      <Wide>4</Wide>
    </Point>
    <Point>
      <X>2709.97</X>
      <Y>1701.61</Y>
      <Z>23.69</Z>
      <Wide>4</Wide>
    </Point>
    <Point>
      <X>2708.97</X>
      <Y>1701.62</Y>
      <Z>23.69</Z>
      <Wide>4</Wide>
    </Point>
    <Point>
      <X>2707.97</X>
      <Y>1701.63</Y>
      <Z>23.69</Z>
      <Wide>4</Wide>
    </Point>
    <Point>
      <X>2706.97</X>
      <Y>1701.64</Y>
      <Z>23.69</Z>
      <Wide>4</Wide>
    </Point>
    <Point>
      <X>2705.95</X>
      <Y>1701.65</Y>
      <Z>23.69</Z>
      <Wide>4</Wide>
    </Point>
    <Point>
      <X>2704.97</X>
      <Y>1701.66</Y>
      <Z>23.7</Z>
      <Wide>4</Wide>
    </Point>
    <Point>
      <X>2702.54</X>
      <Y>1701.6</Y>
      <Z>23.71</Z>
      <Wide>4</Wide>
    </Point>
    <Point>
      <X>2701.18</X>
      <Y>1701.48</Y>
      <Z>23.72</Z>
      <Wide>4</Wide>
    </Point>
    <Point>
      <X>2699.87</X>
      <Y>1701.29</Y>
      <Z>23.72</Z>
      <Wide>4</Wide>
    </Point>
    <Point>
      <X>2698.65</X>
      <Y>1701.03</Y>
      <Z>23.71</Z>
      <Wide>4</Wide>
    </Point>
    <Point>
      <X>2697.47</X>
      <Y>1700.7</Y>
      <Z>23.71</Z>
      <Wide>4</Wide>
    </Point>
    <Point>
      <X>2696.39</X>
      <Y>1700.31</Y>
      <Z>23.71</Z>
      <Wide>4</Wide>
    </Point>
    <Point>
      <X>2695.39</X>
      <Y>1699.86</Y>
      <Z>23.71</Z>
      <Wide>4</Wide>
    </Point>
    <Point>
      <X>2694.43</X>
      <Y>1699.33</Y>
      <Z>23.72</Z>
      <Wide>4</Wide>
    </Point>
    <Point>
      <X>2693.56</X>
      <Y>1698.74</Y>
      <Z>23.73</Z>
      <Wide>4</Wide>
    </Point>
    <Point>
      <X>2692.78</X>
      <Y>1698.1</Y>
      <Z>23.73</Z>
      <Wide>4</Wide>
    </Point>
    <Point>
      <X>2692.06</X>
      <Y>1697.4</Y>
      <Z>23.72</Z>
      <Wide>4</Wide>
    </Point>
    <Point>
      <X>2691.41</X>
      <Y>1696.64</Y>
      <Z>23.72</Z>
      <Wide>4</Wide>
    </Point>
    <Point>
      <X>2690.83</X>
      <Y>1695.81</Y>
      <Z>23.71</Z>
      <Wide>4</Wide>
    </Point>
    <Point>
      <X>2690.32</X>
      <Y>1694.95</Y>
      <Z>23.72</Z>
      <Wide>4</Wide>
    </Point>
    <Point>
      <X>2689.88</X>
      <Y>1694.02</Y>
      <Z>23.72</Z>
      <Wide>4</Wide>
    </Point>
    <Point>
      <X>2689.5</X>
      <Y>1693.04</Y>
      <Z>23.72</Z>
      <Wide>4</Wide>
    </Point>
    <Point>
      <X>2689.18</X>
      <Y>1691.99</Y>
      <Z>23.72</Z>
      <Wide>4</Wide>
    </Point>
    <Point>
      <X>2688.93</X>
      <Y>1690.89</Y>
      <Z>23.73</Z>
      <Wide>4</Wide>
    </Point>
    <Point>
      <X>2688.74</X>
      <Y>1689.75</Y>
      <Z>23.73</Z>
      <Wide>4</Wide>
    </Point>
    <Point>
      <X>2688.61</X>
      <Y>1688.53</Y>
      <Z>23.72</Z>
      <Wide>4</Wide>
    </Point>
    <Point>
      <X>2688.55</X>
      <Y>1687.28</Y>
      <Z>23.71</Z>
      <Wide>4</Wide>
    </Point>
    <Point>
      <X>2688.54</X>
      <Y>1685.94</Y>
      <Z>23.7</Z>
      <Wide>4</Wide>
    </Point>
    <Point>
      <X>2688.6</X>
      <Y>1684.54</Y>
      <Z>23.68</Z>
      <Wide>4</Wide>
    </Point>
    <Point>
      <X>2688.68</X>
      <Y>1682.59</Y>
      <Z>23.67</Z>
      <Wide>4</Wide>
    </Point>
    <Point>
      <X>2688.72</X>
      <Y>1681.59</Y>
      <Z>23.67</Z>
      <Wide>4</Wide>
    </Point>
    <Point>
      <X>2688.76</X>
      <Y>1680.59</Y>
      <Z>23.67</Z>
      <Wide>4</Wide>
    </Point>
    <Point>
      <X>2688.8</X>
      <Y>1679.59</Y>
      <Z>23.67</Z>
      <Wide>4</Wide>
    </Point>
    <Point>
      <X>2688.83</X>
      <Y>1678.59</Y>
      <Z>23.67</Z>
      <Wide>4</Wide>
    </Point>
    <Point>
      <X>2688.87</X>
      <Y>1677.59</Y>
      <Z>23.67</Z>
      <Wide>4</Wide>
    </Point>
    <Point>
      <X>2688.9</X>
      <Y>1676.59</Y>
      <Z>23.67</Z>
      <Wide>4</Wide>
    </Point>
    <Point>
      <X>2688.94</X>
      <Y>1675.59</Y>
      <Z>23.67</Z>
      <Wide>4</Wide>
    </Point>
    <Point>
      <X>2688.97</X>
      <Y>1674.59</Y>
      <Z>23.66</Z>
      <Wide>4</Wide>
    </Point>
    <Point>
      <X>2689</X>
      <Y>1673.59</Y>
      <Z>23.66</Z>
      <Wide>4</Wide>
    </Point>
    <Point>
      <X>2689.03</X>
      <Y>1672.59</Y>
      <Z>23.66</Z>
      <Wide>4</Wide>
    </Point>
    <Point>
      <X>2689.06</X>
      <Y>1671.59</Y>
      <Z>23.66</Z>
      <Wide>4</Wide>
    </Point>
    <Point>
      <X>2689.09</X>
      <Y>1670.59</Y>
      <Z>23.66</Z>
      <Wide>4</Wide>
    </Point>
    <Point>
      <X>2689.12</X>
      <Y>1669.59</Y>
      <Z>23.67</Z>
      <Wide>4</Wide>
    </Point>
    <Point>
      <X>2689.15</X>
      <Y>1668.59</Y>
      <Z>23.67</Z>
      <Wide>4</Wide>
    </Point>
    <Point>
      <X>2689.17</X>
      <Y>1667.59</Y>
      <Z>23.67</Z>
      <Wide>4</Wide>
    </Point>
    <Point>
      <X>2689.2</X>
      <Y>1666.55</Y>
      <Z>23.67</Z>
      <Wide>4</Wide>
    </Point>
    <Point>
      <X>2689.22</X>
      <Y>1665.59</Y>
      <Z>23.67</Z>
      <Wide>4</Wide>
    </Point>
    <Point>
      <X>2689.25</X>
      <Y>1664.59</Y>
      <Z>23.67</Z>
      <Wide>4</Wide>
    </Point>
    <Point>
      <X>2689.27</X>
      <Y>1663.59</Y>
      <Z>23.67</Z>
      <Wide>4</Wide>
    </Point>
    <Point>
      <X>2689.29</X>
      <Y>1662.55</Y>
      <Z>23.67</Z>
      <Wide>4</Wide>
    </Point>
    <Point>
      <X>2689.31</X>
      <Y>1661.55</Y>
      <Z>23.66</Z>
      <Wide>4</Wide>
    </Point>
    <Point>
      <X>2689.33</X>
      <Y>1660.55</Y>
      <Z>23.66</Z>
      <Wide>4</Wide>
    </Point>
    <Point>
      <X>2689.35</X>
      <Y>1659.59</Y>
      <Z>23.66</Z>
      <Wide>4</Wide>
    </Point>
    <Point>
      <X>2689.37</X>
      <Y>1658.55</Y>
      <Z>23.66</Z>
      <Wide>4</Wide>
    </Point>
    <Point>
      <X>2689.38</X>
      <Y>1657.59</Y>
      <Z>23.66</Z>
      <Wide>4</Wide>
    </Point>
    <Point>
      <X>2689.4</X>
      <Y>1656.59</Y>
      <Z>23.66</Z>
      <Wide>4</Wide>
    </Point>
    <Point>
      <X>2689.41</X>
      <Y>1655.59</Y>
      <Z>23.66</Z>
      <Wide>4</Wide>
    </Point>
    <Point>
      <X>2689.43</X>
      <Y>1654.59</Y>
      <Z>23.66</Z>
      <Wide>4</Wide>
    </Point>
    <Point>
      <X>2689.44</X>
      <Y>1653.59</Y>
      <Z>23.66</Z>
      <Wide>4</Wide>
    </Point>
    <Point>
      <X>2689.45</X>
      <Y>1652.59</Y>
      <Z>23.66</Z>
      <Wide>4</Wide>
    </Point>
    <Point>
      <X>2689.46</X>
      <Y>1651.55</Y>
      <Z>23.66</Z>
      <Wide>4</Wide>
    </Point>
    <Point>
      <X>2689.47</X>
      <Y>1650.59</Y>
      <Z>23.66</Z>
      <Wide>4</Wide>
    </Point>
    <Point>
      <X>2689.48</X>
      <Y>1649.59</Y>
      <Z>23.66</Z>
      <Wide>4</Wide>
    </Point>
    <Point>
      <X>2689.49</X>
      <Y>1648.59</Y>
      <Z>23.66</Z>
      <Wide>4</Wide>
    </Point>
    <Point>
      <X>2689.5</X>
      <Y>1647.59</Y>
      <Z>23.66</Z>
      <Wide>4</Wide>
    </Point>
    <Point>
      <X>2689.51</X>
      <Y>1646.59</Y>
      <Z>23.65</Z>
      <Wide>4</Wide>
    </Point>
    <Point>
      <X>2689.51</X>
      <Y>1645.59</Y>
      <Z>23.63</Z>
      <Wide>4</Wide>
    </Point>
    <Point>
      <X>2689.52</X>
      <Y>1644.59</Y>
      <Z>23.62</Z>
      <Wide>4</Wide>
    </Point>
    <Point>
      <X>2689.52</X>
      <Y>1643.59</Y>
      <Z>23.6</Z>
      <Wide>4</Wide>
    </Point>
    <Point>
      <X>2689.52</X>
      <Y>1642.59</Y>
      <Z>23.59</Z>
      <Wide>4</Wide>
    </Point>
    <Point>
      <X>2689.52</X>
      <Y>1641.59</Y>
      <Z>23.58</Z>
      <Wide>4</Wide>
    </Point>
    <Point>
      <X>2689.52</X>
      <Y>1640.59</Y>
      <Z>23.58</Z>
      <Wide>4</Wide>
    </Point>
    <Point>
      <X>2689.52</X>
      <Y>1639.59</Y>
      <Z>23.58</Z>
      <Wide>4</Wide>
    </Point>
    <Point>
      <X>2689.52</X>
      <Y>1638.59</Y>
      <Z>23.58</Z>
      <Wide>4</Wide>
    </Point>
    <Point>
      <X>2689.53</X>
      <Y>1636.6</Y>
      <Z>23.57</Z>
      <Wide>4</Wide>
    </Point>
    <Point>
      <X>2689.55</X>
      <Y>1635.6</Y>
      <Z>23.57</Z>
      <Wide>4</Wide>
    </Point>
    <Point>
      <X>2689.56</X>
      <Y>1634.6</Y>
      <Z>23.57</Z>
      <Wide>4</Wide>
    </Point>
    <Point>
      <X>2689.59</X>
      <Y>1633.59</Y>
      <Z>23.57</Z>
      <Wide>4</Wide>
    </Point>
    <Point>
      <X>2689.62</X>
      <Y>1632.6</Y>
      <Z>23.57</Z>
      <Wide>4</Wide>
    </Point>
    <Point>
      <X>2689.66</X>
      <Y>1631.6</Y>
      <Z>23.57</Z>
      <Wide>4</Wide>
    </Point>
    <Point>
      <X>2689.7</X>
      <Y>1630.6</Y>
      <Z>23.57</Z>
      <Wide>4</Wide>
    </Point>
    <Point>
      <X>2689.74</X>
      <Y>1629.6</Y>
      <Z>23.57</Z>
      <Wide>4</Wide>
    </Point>
  </Route>
  <Objects />
</Data>